Timestamp,TZ,WD_AV (deg),WS_AV (m/s),WS_MX (m/s),WS_IMX_WD (deg),Bar_AV (hpa),Bar_MX (hpa),Bar_MN (hpa),Hum_AV (%),Hum_MX (%),Hum_MN (%),Temp_AV (degC),Temp_MX (degC),Temp_MN (degC),Status,VEXT (V)
2026/09/01 00:00:00.434,n,176.07456,2.279018,3.51,169,1001.6644,1001.7,1001.6,99.699472,99.7,99.7,26.727388,26.9,26.6,0,11.044446
2026/09/01 00:10:00.426,n,189.41242,1.866501,3.43,180,1001.783,1001.9,1001.7,99.699472,99.7,99.7,26.694802,26.7,26.6,0,11.044446
2026/09/01 00:20:00.427,n,192.0281,1.94105,3.34,190,1001.8334,1001.9,1001.8,99.699472,99.7,99.7,26.669622,26.8,26.6,0,11.044446
2026/09/01 00:30:00.428,n,186.98916,2.602649,4.45,205,1001.8968,1001.9,1001.8,99.699472,99.7,99.7,26.60588,26.7,26.6,0,11.044446
2026/09/01 00:40:00.432,n,191.58914,3.038417,4.14,201,1001.884,1001.9,1001.8,99.699472,99.7,99.7,26.602844,26.7,26.5,0,11.044446
2026/09/01 00:50:00.427,n,187.57684,3.203485,4.58,192,1001.8086,1001.9,1001.8,99.699472,99.7,99.7,26.579676,26.6,26.5,0,11.044446
2026/09/01 01:00:00.430,n,192.85738,4.13027,5.87,197,1001.8326,1001.9,1001.8,99.699472,99.7,99.7,26.54442,26.6,26.5,0,10.455408
2026/09/01 01:10:00.427,n,187.42,4.151686,6.87,157,1001.915,1002,1001.8,99.699472,99.7,99.7,26.648408,26.7,26.5,0,11.044446
2026/09/01 01:20:00.428,n,185.74998,3.986353,6.07,188,1002.0004,1002.1,1001.9,99.699472,99.7,99.7,26.599026,26.7,26.5,0,10.897186
2026/09/01 01:30:00.434,n,180.04288,3.360016,5.86,174,1002.0286,1002.1,1001.9,99.699472,99.7,99.7,26.539222,26.6,26.5,0,11.044446
2026/09/01 01:40:00.425,n,182.51922,4.01127,6.4,189,1001.9948,1002.1,1001.9,99.699472,99.7,99.7,26.563442,26.6,26.5,0,10.897186
2026/09/01 01:50:00.427,n,181.85014,3.949537,6.41,164,1002.0452,1002.1,1001.9,99.699472,99.7,99.7,26.500166,26.6,26.4,0,10.897186
2026/09/01 02:00:00.429,n,183.20892,3.621949,6.33,208,1002.0442,1002.1,1002,99.699472,99.7,99.7,26.461468,26.6,26.3,0,11.044446
2026/09/01 02:10:00.432,n,183.03798,3.975933,6.59,166,1002.077,1002.2,1001.9,99.699472,99.7,99.7,26.312398,26.4,26.2,0,10.897186
2026/09/01 02:20:00.426,n,177.38964,4.230169,6.53,199,1002.1698,1002.3,1002.1,99.699472,99.7,99.7,26.241156,26.3,26.1,0,10.602668
2026/09/01 02:30:00.428,n,181.48498,4.056717,7.15,183,1002.2366,1002.3,1002.1,99.699472,99.7,99.7,26.10784,26.2,26.1,0,11.044446
2026/09/01 02:40:00.425,n,178.7024,4.340314,6.06,175,1002.2044,1002.3,1002.1,99.699472,99.7,99.7,25.982932,26.1,25.9,0,10.749928
2026/09/01 02:50:00.433,n,174.04666,4.53525,6.39,180,1002.1718,1002.2,1002.1,99.699472,99.7,99.7,25.899476,26,25.8,0,10.897186
2026/09/01 03:00:00.433,n,178.82978,4.02325,6.53,177,1002.1552,1002.2,1002.1,99.699472,99.7,99.7,25.855776,25.9,25.8,0,10.897186
2026/09/01 03:10:00.427,n,178.78154,4.022101,6.16,173,1002.1848,1002.3,1002.1,99.699472,99.7,99.7,25.758028,25.8,25.7,0,10.897186
2026/09/01 03:20:00.426,n,179.63952,3.556668,6.88,174,1002.1736,1002.3,1002.1,99.699472,99.7,99.7,25.68691,25.7,25.6,0,10.455408
2026/09/01 03:30:00.429,n,181.06658,3.475883,5.82,170,1002.1682,1002.3,1002.1,99.699472,99.7,99.7,25.613678,25.7,25.6,0,10.897186
2026/09/01 03:40:00.427,n,182.24326,3.5716,5.94,180,1002.193,1002.3,1002.1,99.699472,99.7,99.7,25.531522,25.6,25.5,0,10.897186
2026/09/01 03:50:00.426,n,183.31554,3.580882,6.16,173,1002.2906,1002.3,1002.2,99.699472,99.7,99.7,25.462792,25.5,25.4,0,10.897186
2026/09/01 04:00:00.427,n,184.8796,3.065066,4.72,186,1002.2968,1002.3,1002.2,99.699472,99.7,99.7,25.359588,25.4,25.3,0,10.602668
2026/09/01 04:10:00.433,n,167.69052,2.7526,4.18,166,1002.3054,1002.3,1002.2,99.699472,99.7,99.7,25.274806,25.4,25.2,0,10.897186
2026/09/01 04:20:00.433,n,177.25396,3.840619,5.67,205,1002.2492,1002.3,1002.2,99.699472,99.7,99.7,25.308834,25.5,25.2,0,10.455408
2026/09/01 04:30:00.434,n,184.69528,3.086185,5.04,189,1002.2094,1002.3,1002.2,99.699472,99.7,99.7,25.396342,25.5,25.2,0,10.897186
2026/09/01 04:40:00.427,n,181.76528,2.912201,4.44,169,1002.2018,1002.3,1002.1,99.699472,99.7,99.7,25.261154,25.3,25.2,0,10.897186
2026/09/01 04:50:00.427,n,176.6627,3.8274,5.45,171,1002.1238,1002.2,1002.1,99.699472,99.7,99.7,25.286104,25.4,25.2,0,10.602668
2026/09/01 05:00:00.433,n,173.70878,4.41908,6.02,189,1002.1242,1002.2,1002.1,99.699472,99.7,99.7,25.303538,25.4,25.2,0,10.897186
2026/09/01 05:10:00.426,n,168.6123,4.382998,5.63,167,1002.0996,1002.2,1002,99.699472,99.7,99.7,25.263374,25.4,25.2,0,10.897186
2026/09/01 05:20:00.426,n,169.3426,4.333267,5.63,167,1002.1856,1002.3,1002.1,99.699472,99.7,99.7,25.200134,25.2,25.2,0,10.897186
2026/09/01 05:30:00.427,n,169.31968,3.629532,4.99,175,1002.2574,1002.4,1002.2,99.699472,99.7,99.7,25.196794,25.2,25.1,0,10.897186
2026/09/01 05:40:00.429,n,173.97464,3.276665,4.91,188,1002.368,1002.4,1002.3,99.699472,99.7,99.7,25.209264,25.3,25.2,0,10.897186
2026/09/01 05:50:00.431,n,177.07902,3.340618,5.31,165,1002.4486,1002.5,1002.4,99.699472,99.7,99.7,25.29141,25.4,25.2,0,10.897186
2026/09/01 06:00:00.437,n,177.52308,3.498432,5.25,195,1002.4988,1002.6,1002.4,99.699472,99.7,99.7,25.433198,25.5,25.3,0,10.455408
2026/09/01 06:10:00.428,n,174.57486,3.779232,5.98,184,1002.4366,1002.5,1002.4,99.699472,99.7,99.7,25.494342,25.5,25.4,0,10.897186
2026/09/01 06:20:00.431,n,175.88282,4.587749,6.25,192,1002.4806,1002.6,1002.4,99.699472,99.7,99.7,25.554558,25.6,25.5,0,10.455408
2026/09/01 06:30:00.428,n,173.57876,4.79145,6.65,175,1002.5744,1002.7,1002.4,99.699472,99.7,99.7,25.499674,25.6,25.4,0,10.897186
2026/09/01 06:40:00.430,n,170.5337,4.865299,6.43,177,1002.7208,1002.8,1002.6,99.699472,99.7,99.7,25.483698,25.5,25.4,0,10.897186
2026/09/01 06:50:00.432,n,166.26852,4.123134,6.09,166,1002.822,1002.9,1002.7,99.699472,99.7,99.7,25.487792,25.6,25.4,0,11.191704
2026/09/01 07:00:00.427,n,165.74152,3.315417,4.85,165,1002.9084,1003,1002.8,99.699472,99.7,99.7,25.72449,25.9,25.6,0,11.191704
2026/09/01 07:10:00.432,n,167.51348,3.510966,4.94,162,1002.896,1002.9,1002.8,99.699472,99.7,99.7,25.754708,25.8,25.7,0,11.191704
2026/09/01 07:20:00.431,n,168.8728,3.673385,5.3,167,1002.8312,1002.9,1002.8,99.701168,99.8,99.7,25.764764,25.9,25.7,0,10.897186
2026/09/01 07:30:00.437,n,169.11174,3.503216,5.11,162,1002.8486,1003,1002.8,99.699472,99.7,99.7,25.923542,26,25.8,0,11.338964
2026/09/01 07:40:00.427,n,173.17434,3.350183,4.87,176,1002.8998,1003,1002.8,99.749744,99.8,99.7,26.125908,26.2,26,0,11.191704
2026/09/01 07:50:00.431,n,171.772,3.675301,5.15,163,1002.9192,1003,1002.9,99.788536,99.8,99.7,26.317278,26.6,26.1,0,11.633482
2026/09/01 08:00:00.426,n,177.35574,3.441083,5.27,164,1002.8928,1003,1002.8,99.800528,99.8,99.8,26.535932,26.7,26.3,0,11.633482
2026/09/01 08:10:00.426,n,176.32222,3.162283,5.3,190,1002.8648,1002.9,1002.8,99.800528,99.8,99.8,26.305314,26.4,26.2,0,11.633482
2026/09/01 08:20:00.440,n,178.29096,3.086866,4.64,191,1002.8014,1002.9,1002.7,99.800528,99.8,99.8,26.583914,26.8,26.3,0,12.07526
2026/09/01 08:30:00.429,n,180.81512,2.968999,4.44,183,1002.809,1002.9,1002.8,99.800528,99.8,99.8,26.965958,27.1,26.8,0,11.633482
2026/09/01 08:40:00.432,n,168.08886,2.493667,5.02,164,1002.8058,1002.9,1002.7,99.800528,99.8,99.8,27.164962,27.8,26.9,0,12.22252
2026/09/01 08:50:00.437,n,173.81728,2.566085,5.46,173,1002.881,1003,1002.8,99.800528,99.8,99.8,27.537894,27.8,27.2,0,11.928
2026/09/01 09:00:00.428,n,187.78696,3.307968,6.12,183,1002.9146,1003,1002.8,99.800528,99.8,99.8,27.441926,27.7,27.2,0,11.633482
2026/09/01 09:10:00.426,n,174.69296,5.133685,7.21,173,1002.8952,1003,1002.8,99.800528,99.8,99.8,27.331042,27.6,27.2,0,11.633482
2026/09/01 09:20:00.430,n,173.31206,4.85719,7.18,181,1002.9208,1003,1002.8,99.800528,99.8,99.8,27.416302,27.6,27.3,0,11.633482
2026/09/01 09:30:00.427,n,173.84396,5.652813,8.2,198,1002.9634,1003.1,1002.8,99.800528,99.8,99.8,27.520674,27.7,27.4,0,11.486222
2026/09/01 09:40:00.430,n,174.16334,6.327463,8.96,173,1002.892,1003,1002.8,99.800528,99.8,99.8,27.418572,27.5,27.3,0,12.664298
2026/09/01 09:50:00.426,n,179.46574,5.630785,8.33,171,1002.9396,1003.1,1002.8,99.800528,99.8,99.8,27.486608,27.6,27.4,0,11.633482
2026/09/01 10:00:00.430,n,178.39706,6.122268,9.59,184,1002.9978,1003.1,1002.9,99.800528,99.8,99.8,27.45329,27.6,27.4,0,11.633482
2026/09/01 10:10:00.441,n,176.51394,5.816733,9.22,172,1003.0108,1003.1,1002.9,99.80152,99.9,99.8,27.66791,27.9,27.5,0,11.633482
2026/09/01 10:20:00.437,n,183.34044,6.12313,9.98,173,1002.9672,1003.1,1002.8,99.800528,99.8,99.8,27.39917,27.6,27.1,0,11.633482
2026/09/01 10:30:00.441,n,178.39186,5.505584,8.84,179,1002.9044,1003,1002.8,99.800528,99.8,99.8,27.414056,27.5,27.2,0,12.36978
2026/09/01 10:40:00.428,n,178.1539,5.840549,8.33,176,1002.8612,1003,1002.7,99.800528,99.8,99.8,27.47343,27.6,27.3,0,12.07526
2026/09/01 10:50:00.426,n,181.34572,5.410965,7.96,174,1002.7402,1002.9,1002.7,99.800528,99.8,99.8,27.710698,27.8,27.5,0,12.22252
2026/09/01 11:00:00.427,n,178.20426,4.830732,7.48,200,1002.6382,1002.8,1002.5,99.800528,99.8,99.8,27.947276,28.1,27.7,0,12.07526
2026/09/01 11:10:00.429,n,168.46244,4.678219,6.41,184,1002.4964,1002.7,1002.4,99.820064,99.9,99.8,28.043668,28.3,27.9,0,12.664298
2026/09/01 11:20:00.429,n,155.1135,3.085502,5.54,156,1002.4418,1002.5,1002.4,99.89944,99.9,99.9,28.728212,29.1,28.3,0,12.517038
2026/09/01 11:30:00.430,n,163.911,3.275566,6.02,173,1002.367,1002.5,1002.3,99.89944,99.9,99.9,29.022838,29.4,28.7,0,11.928
2026/09/01 11:40:00.433,n,173.81538,4.181784,6.33,173,1002.2912,1002.4,1002.2,99.89944,99.9,99.9,28.898818,29.1,28.8,0,12.07526
2026/09/01 11:50:00.441,n,161.6801,3.696518,5.79,172,1002.3002,1002.3,1002.2,99.89944,99.9,99.9,28.974826,29.3,28.8,0,11.191704
2026/09/01 12:00:00.427,n,168.44454,4.395134,6.59,165,1002.2328,1002.3,1002.1,99.89944,99.9,99.9,29.023812,29.3,28.9,0,11.928
2026/09/01 12:10:00.426,n,178.03644,4.219966,6.61,184,1002.1902,1002.3,1002.1,99.89944,99.9,99.9,28.916042,29.2,28.7,0,11.486222
2026/09/01 12:20:00.425,n,175.8612,4.676684,6.76,157,1002.1598,1002.3,1002,99.89944,99.9,99.9,28.734766,29.2,28.5,0,11.486222
2026/09/01 12:30:00.427,n,132.90086,3.746883,6.89,166,1002.2228,1002.3,1002.1,99.889184,99.9,99.8,29.0817,29.4,28.7,0,12.517038
2026/09/01 12:40:00.426,n,343.2968,2.11725,8.220001,189,1002.2252,1002.3,1002,99.837904,99.9,99.8,29.05179,29.3,28.7,0,11.486222
2026/09/01 12:50:00.425,n,142.84564,3.25535,7.62,157,1002.1386,1002.3,1001.9,99.896016,99.9,99.8,29.231902,29.6,28.9,0,11.486222
2026/09/01 13:00:00.424,n,28.101816,1.959767,3.65,41,1002.1,1002.2,1002,99.824848,99.9,99.8,28.779108,29.1,28.6,0,12.36978
2026/09/01 13:10:00.424,n,10.095364,2.562634,3.84,4,1002.003,1002.1,1001.9,99.852744,99.9,99.8,28.8733,29.3,28.6,0,11.338964
2026/09/01 13:20:00.429,n,16.136112,4.217586,5.89,34,1001.8234,1001.9,1001.8,99.800528,99.8,99.8,28.278726,28.6,28.1,0,11.486222
2026/09/01 13:30:00.434,n,12.60827,4.382234,5.04,10,1001.7972,1001.8,1001.7,99.800528,99.8,99.8,28.190074,28.3,28.1,0,11.486222
2026/09/01 13:40:00.425,n,14.870186,4.142201,5.01,18,1001.7544,1001.8,1001.7,99.800528,99.8,99.8,28.196248,28.3,28.1,0,11.486222
2026/09/01 13:50:00.422,n,7.514027,3.567649,4.31,11,1001.6474,1001.8,1001.6,99.800528,99.8,99.8,28.255186,28.4,28.1,0,11.486222
2026/09/01 14:00:00.426,n,3.417724,3.48825,4.39,5,1001.6198,1001.7,1001.5,99.800528,99.8,99.8,28.398954,28.5,28.3,0,11.633482
2026/09/01 14:10:00.430,n,8.069002,3.068334,3.71,3,1001.539,1001.7,1001.5,99.80804,99.9,99.8,28.510438,28.6,28.4,0,11.633482
2026/09/01 14:20:00.424,n,5.821186,2.44825,3.14,7,1001.4222,1001.5,1001.3,99.841672,99.9,99.8,28.721412,28.8,28.6,0,11.191704
2026/09/01 14:30:00.424,n,7.033246,2.059516,2.86,13,1001.3616,1001.4,1001.3,99.837056,99.9,99.8,28.89179,29,28.7,0,11.191704
2026/09/01 14:40:00.437,n,16.956878,2.358849,2.96,21,1001.2382,1001.3,1001.1,99.855856,99.9,99.8,28.77762,28.9,28.7,0,11.486222
2026/09/01 14:50:00.427,n,2.538344,2.588401,3.77,30,1001.0992,1001.2,1001,99.8674,99.9,99.8,28.903132,29.1,28.7,0,11.486222
2026/09/01 15:00:00.425,n,9.715938,3.22915,6.33,3,1001.098,1001.2,1001,99.828056,99.9,99.8,29.031246,29.2,28.9,0,11.338964
2026/09/01 15:10:00.424,n,16.7808,2.178265,4.61,48,1001.1628,1001.3,1001,99.868592,99.9,99.8,29.437504,30,29,0,11.633482
2026/09/01 15:20:00.428,n,319.54188,0.960434,2.51,359,1001.1608,1001.2,1001.1,99.788392,100,96.9,29.921046,30.6,29.6,0,11.486222
2026/09/01 15:30:00.428,n,204.11546,1.1853,3.18,160,1001.0946,1001.1,1001,98.428296,100,91.6,30.892998,31.4,30.6,0,11.191704
2026/09/01 15:40:00.426,n,160.3257,1.992549,4.86,176,1001.1002,1001.2,1001,92.79752,98,88.8,31.190202,31.5,30.9,0,11.338964
2026/09/01 15:50:00.428,n,178.23454,2.719616,4.61,163,1000.9278,1001.1,1000.8,93.6342,97.8,89.4,30.877598,31.1,30.7,0,11.338964
2026/09/01 16:00:00.431,n,183.475,3.867801,7.78,189,1000.8496,1000.9,1000.7,96.325496,100,91.1,30.70102,30.9,30.5,0,11.338964
2026/09/01 16:10:00.436,n,182.2051,5.421383,8.28,193,1000.8204,1000.9,1000.7,98.00084,100,93.9,30.462388,30.7,30.3,0,11.338964
2026/09/01 16:20:00.437,n,184.08488,4.785969,7.9,187,1000.7792,1000.9,1000.6,99.672352,100,96.7,30.404996,30.5,30.3,0,11.633482
2026/09/01 16:30:00.427,n,187.7265,5.104816,7.96,190,1000.7992,1000.9,1000.6,99.467992,100,96.7,30.29361,30.4,30.2,0,11.044446
2026/09/01 16:40:00.426,n,179.98578,3.827701,7.16,175,1000.8764,1001,1000.8,99.89828,100,99.2,30.24389,30.3,30.1,0,11.486222
2026/09/01 16:50:00.426,n,174.58766,4.593672,6.99,174,1000.866,1001,1000.8,99.89944,99.9,99.9,30.079944,30.4,29.9,0,11.486222
2026/09/01 17:00:00.425,n,176.25562,4.697867,8.36,176,1000.8878,1001,1000.7,99.897208,100,99.1,30.047986,30.2,29.9,0,11.486222
2026/09/01 17:10:00.424,n,174.86744,5.539902,8.17,181,1000.9054,1001,1000.8,99.905288,100,99.9,29.809216,30,29.7,0,11.044446
2026/09/01 17:20:00.426,n,176.01848,5.718549,8.39,182,1000.9182,1001,1000.8,99.902776,100,99.9,29.627538,29.7,29.5,0,11.338964
2026/09/01 17:30:00.430,n,180.5123,4.541583,7.99,177,1001.0272,1001.1,1000.9,99.89944,99.9,99.9,29.369178,29.6,29.1,0,11.044446
2026/09/01 17:40:00.437,n,174.9022,5.188602,7.61,167,1001.0706,1001.1,1001,99.89944,99.9,99.9,29.018408,29.1,28.9,0,11.191704
2026/09/01 17:50:00.428,n,174.82244,4.723103,6.7,179,1001.1628,1001.3,1001,99.89944,99.9,99.9,28.821768,28.9,28.8,0,11.191704
2026/09/01 18:00:00.431,n,175.62604,5.037265,7.29,179,1001.2164,1001.4,1001.1,99.89944,99.9,99.9,28.70475,28.8,28.5,0,11.191704
2026/09/01 18:10:00.426,n,177.60026,4.018101,7.02,178,1001.377,1001.5,1001.2,99.89944,99.9,99.9,28.580238,28.6,28.4,0,11.191704
2026/09/01 18:20:00.425,n,174.83988,4.299399,6.89,172,1001.3962,1001.5,1001.3,99.891952,99.9,99.8,28.252744,28.5,28.1,0,10.749928
2026/09/01 18:30:00.427,n,175.43812,3.077982,4.82,173,1001.4844,1001.6,1001.4,99.800528,99.8,99.8,27.932562,28.1,27.8,0,11.191704
2026/09/01 18:40:00.428,n,174.03664,2.938434,4.06,166,1001.6232,1001.7,1001.5,99.800528,99.8,99.8,27.636508,27.8,27.6,0,11.191704
2026/09/01 18:50:00.432,n,179.86922,2.736501,4.27,192,1001.6974,1001.8,1001.6,99.800528,99.8,99.8,27.595352,27.6,27.5,0,10.897186
2026/09/01 19:00:00.434,n,184.28724,2.760133,4.33,189,1001.8554,1002,1001.7,99.800528,99.8,99.8,27.57349,27.7,27.4,0,11.191704
2026/09/01 19:10:00.438,n,183.91846,2.4982,3.57,163,1001.9924,1002.1,1001.9,99.800528,99.8,99.8,27.42932,27.5,27.3,0,11.191704
2026/09/01 19:20:00.425,n,186.4286,2.702052,4.08,188,1002.0788,1002.2,1002,99.800528,99.8,99.8,27.36938,27.5,27.2,0,10.897186
2026/09/01 19:30:00.431,n,182.06774,2.630267,5.55,176,1002.2348,1002.3,1002.1,99.800528,99.8,99.8,27.239824,27.4,27.2,0,11.191704
2026/09/01 19:40:00.427,n,179.4385,2.907334,4.24,185,1002.384,1002.5,1002.3,99.800528,99.8,99.8,27.256862,27.3,27.1,0,10.897186
2026/09/01 19:50:00.427,n,178.97016,2.59675,4.37,181,1002.5244,1002.6,1002.4,99.800528,99.8,99.8,27.02678,27.2,26.9,0,11.191704
2026/09/01 20:00:00.427,n,179.2727,3.132551,5.41,169,1002.647,1002.8,1002.5,99.800528,99.8,99.8,26.845244,26.9,26.7,0,10.749928
2026/09/01 20:10:00.427,n,176.7702,3.417201,4.86,175,1002.703,1002.8,1002.7,99.800528,99.8,99.8,26.692362,26.8,26.6,0,10.897186
2026/09/01 20:20:00.432,n,180.59092,3.652633,5.68,194,1002.7908,1002.9,1002.7,99.800528,99.8,99.8,26.625204,26.7,26.6,0,10.749928
2026/09/01 20:30:00.437,n,180.68662,3.758502,6.64,184,1002.8448,1003,1002.7,99.797312,99.8,99.7,26.571906,26.6,26.5,0,10.897186
2026/09/01 20:40:00.426,n,177.0646,3.654882,6.25,175,1002.9852,1003.1,1002.8,99.767016,99.8,99.7,26.542194,26.6,26.4,0,10.897186
2026/09/01 20:50:00.425,n,174.10636,3.61805,4.9,182,1003.052,1003.1,1003,99.710304,99.8,99.7,26.378002,26.5,26.3,0,11.044446
2026/09/01 21:00:00.428,n,170.3462,2.974517,3.89,163,1003.1006,1003.2,1003,99.76064,99.8,99.7,26.346704,26.4,26.3,0,10.749928
2026/09/01 21:10:00.427,n,156.9469,2.91725,3.69,160,1003.1014,1003.2,1003,99.795376,99.8,99.7,26.369908,26.5,26.3,0,11.044446
2026/09/01 21:20:00.428,n,157.5979,3.324566,4.69,149,1003.1024,1003.2,1003,99.800528,99.8,99.8,26.523568,26.6,26.4,0,11.044446
2026/09/01 21:30:00.425,n,154.47986,2.265984,4.08,140,1003.0276,1003.1,1002.9,99.800528,99.8,99.8,26.467332,26.6,26.3,0,11.044446
2026/09/01 21:40:00.425,n,180.4775,1.471166,2.47,172,1002.8506,1003,1002.7,99.734576,99.8,99.7,26.239054,26.4,26.1,0,11.191704
2026/09/01 21:50:00.433,n,155.64926,1.37485,1.88,141,1002.7224,1002.8,1002.7,99.706416,99.8,99.7,26.121146,26.2,26,0,11.044446
2026/09/01 22:00:00.437,n,188.08654,1.39935,2.33,211,1002.7964,1002.8,1002.7,99.784552,99.8,99.7,26.292946,26.4,26.2,0,11.044446
2026/09/01 22:10:00.426,n,201.13726,1.923167,2.65,177,1002.8064,1002.9,1002.8,99.776752,99.8,99.7,26.207634,26.3,26.1,0,10.749928
2026/09/01 22:20:00.426,n,187.55808,1.118217,2.13,191,1002.8112,1002.9,1002.8,99.800528,99.8,99.8,26.299378,26.4,26.2,0,11.044446
2026/09/01 22:30:00.430,n,160.70886,1.041166,1.77,165,1002.756,1002.8,1002.7,99.800528,99.8,99.8,26.395644,26.4,26.3,0,11.044446
2026/09/01 22:40:00.429,n,151.21774,1.088184,1.57,154,1002.7478,1002.8,1002.7,99.800528,99.8,99.8,26.4515,26.5,26.4,0,10.749928
2026/09/01 22:50:00.425,n,157.414,1.6499,2.33,163,1002.8132,1002.9,1002.7,99.800528,99.8,99.8,26.438516,26.5,26.3,0,11.044446
2026/09/01 23:00:00.426,n,167.5558,1.849183,2.39,170,1002.8198,1002.9,1002.7,99.800528,99.8,99.8,26.350438,26.4,26.3,0,10.897186
2026/09/01 23:10:00.425,n,179.904,1.805717,2.72,185,1002.821,1002.9,1002.7,99.800528,99.8,99.8,26.317026,26.4,26.3,0,11.044446
2026/09/01 23:20:00.429,n,190.31246,2.318,3.69,204,1002.7948,1002.9,1002.7,99.7616,99.8,99.7,26.218104,26.3,26.1,0,11.044446
2026/09/01 23:30:00.435,n,194.45002,3.297202,4.14,195,1002.7218,1002.8,1002.6,99.699472,99.7,99.7,26.102512,26.2,26,0,10.602668
2026/09/01 23:40:00.439,n,194.89966,3.283551,4.49,196,1002.6134,1002.7,1002.6,99.699472,99.7,99.7,26.06764,26.1,26,0,10.897186
2026/09/01 23:50:00.427,n,191.33782,3.29435,4.27,188,1002.5966,1002.7,1002.5,99.699472,99.7,99.7,25.943342,26.1,25.9,0,11.044446
2026/09/02 00:00:00.430,n,188.14002,3.283983,4.53,189,1002.505,1002.6,1002.4,99.699472,99.7,99.7,26.015454,26.1,25.9,0,10.602668
2026/09/02 00:10:00.425,n,189.35084,2.748351,3.52,198,1002.5004,1002.6,1002.5,99.699472,99.7,99.7,25.994362,26.1,25.9,0,10.897186
2026/09/02 00:20:00.427,n,197.97036,1.945668,2.95,226,1002.501,1002.6,1002.5,99.726888,99.8,99.7,26.039186,26.1,26,0,10.602668
2026/09/02 00:30:00.429,n,196.40628,2.306417,3.05,187,1002.5026,1002.6,1002.4,99.785888,99.8,99.7,26.127522,26.2,26,0,10.749928
2026/09/02 00:40:00.428,n,193.83262,2.730251,3.4,205,1002.3578,1002.5,1002.3,99.800016,99.8,99.7,26.103356,26.2,26,0,10.897186
2026/09/02 00:50:00.434,n,197.0453,2.254951,3.2,199,1002.2736,1002.3,1002.2,99.7514,99.8,99.7,26.054204,26.1,26,0,11.044446
2026/09/02 01:00:00.425,n,189.914,2.332266,3.52,200,1002.115,1002.2,1002.1,99.715504,99.8,99.7,26.030174,26.1,25.9,0,10.897186
2026/09/02 01:10:00.427,n,195.47714,2.683667,3.53,210,1002.1438,1002.2,1002.1,99.699472,99.7,99.7,25.953166,26,25.8,0,10.897186
2026/09/02 01:20:00.427,n,187.31288,2.462033,3.56,176,1002.0714,1002.2,1002,99.699472,99.7,99.7,25.824524,25.9,25.7,0,10.897186
2026/09/02 01:30:00.433,n,189.60946,3.253068,4.42,180,1002,1002,1002,99.699472,99.7,99.7,25.797868,25.8,25.7,0,10.897186
2026/09/02 01:40:00.425,n,191.1836,3.640451,5.15,202,1001.9958,1002,1001.9,99.699472,99.7,99.7,25.80138,25.9,25.7,0,10.897186
2026/09/02 01:50:00.427,n,189.78686,3.763751,5.43,186,1001.9516,1002,1001.9,99.699472,99.7,99.7,25.804406,25.9,25.7,0,10.602668
2026/09/02 02:00:00.425,n,185.19064,3.299103,4.82,190,1001.9274,1002,1001.9,99.699472,99.7,99.7,25.846004,26,25.7,0,10.897186
2026/09/02 02:10:00.431,n,180.4645,3.22095,5.62,173,1001.8882,1002,1001.8,99.699472,99.7,99.7,25.78421,25.9,25.7,0,10.897186
2026/09/02 02:20:00.433,n,178.59348,3.472167,5.1,176,1001.9096,1002,1001.8,99.699472,99.7,99.7,25.879902,25.9,25.8,0,10.602668
2026/09/02 02:30:00.438,n,176.62316,3.954801,5.39,172,1001.9302,1002,1001.9,99.699472,99.7,99.7,25.774816,25.9,25.7,0,10.897186
2026/09/02 02:40:00.427,n,177.1081,2.940101,4.98,170,1002.0428,1002.1,1002,99.699472,99.7,99.7,25.701628,25.8,25.6,0,10.455408
2026/09/02 02:50:00.426,n,179.56666,2.209951,4.23,197,1002.0146,1002.1,1002,99.699472,99.7,99.7,25.700466,25.8,25.7,0,10.897186
2026/09/02 03:00:00.429,n,189.64686,2.187301,3.63,194,1001.9874,1002.1,1001.9,99.699472,99.7,99.7,25.632384,25.7,25.6,0,10.602668
2026/09/02 03:10:00.427,n,199.77946,2.65895,3.44,190,1001.9724,1002,1001.9,99.699472,99.7,99.7,25.5863,25.7,25.4,0,10.897186
2026/09/02 03:20:00.428,n,208.32502,2.752167,3.26,205,1001.9826,1002,1001.9,99.699472,99.7,99.7,25.457956,25.5,25.4,0,10.455408
2026/09/02 03:30:00.426,n,191.90394,3.029216,3.75,195,1001.9286,1002,1001.9,99.699472,99.7,99.7,25.484886,25.5,25.4,0,10.602668
2026/09/02 03:40:00.428,n,178.87786,2.653183,4.06,177,1001.9106,1002,1001.9,99.699472,99.7,99.7,25.323124,25.4,25.2,0,10.897186
2026/09/02 03:50:00.428,n,179.934,2.398118,3.84,169,1001.8752,1002,1001.8,99.699472,99.7,99.7,25.319908,25.4,25.2,0,10.897186
2026/09/02 04:00:00.428,n,188.03824,2.39065,3.15,197,1001.87,1001.9,1001.8,99.699472,99.7,99.7,25.23688,25.4,25.2,0,10.602668
2026/09/02 04:10:00.431,n,190.69242,2.347335,3.12,185,1001.7966,1001.8,1001.7,99.699472,99.7,99.7,25.180218,25.4,25.1,0,10.897186
2026/09/02 04:20:00.434,n,198.7526,2.447833,3.09,196,1001.8044,1001.8,1001.7,99.699472,99.7,99.7,25.175638,25.3,25.1,0,10.602668
2026/09/02 04:30:00.441,n,182.37292,1.223251,1.91,185,1001.719,1001.8,1001.7,99.699472,99.7,99.7,25.132764,25.2,25.1,0,10.749928
2026/09/02 04:40:00.428,n,188.78308,1.952,2.91,183,1001.7424,1001.8,1001.6,99.699472,99.7,99.7,25.269882,25.4,25.2,0,10.897186
2026/09/02 04:50:00.425,n,185.33762,2.404033,3.67,191,1001.6294,1001.7,1001.6,99.699472,99.7,99.7,25.301208,25.4,25.3,0,10.897186
2026/09/02 05:00:00.429,n,181.22798,2.084484,3.49,188,1001.6036,1001.7,1001.6,99.699472,99.7,99.7,25.299036,25.3,25.2,0,10.455408
2026/09/02 05:10:00.428,n,177.40476,1.618468,2.39,153,1001.5962,1001.7,1001.5,99.699472,99.7,99.7,25.253836,25.3,25.2,0,10.455408
2026/09/02 05:20:00.426,n,172.2082,1.617533,2.39,174,1001.6772,1001.7,1001.6,99.699472,99.7,99.7,25.181684,25.3,25,0,10.455408
2026/09/02 05:30:00.431,n,130.94966,1.54915,2.13,125,1001.6576,1001.7,1001.6,99.699472,99.7,99.7,24.621928,25,24.5,0,10.308148
2026/09/02 05:40:00.433,n,169.17368,1.529634,2.05,178,1001.7584,1001.8,1001.7,99.699472,99.7,99.7,24.598334,24.7,24.5,0,10.602668
2026/09/02 05:50:00.438,n,191.81424,1.1464,1.8,160,1001.773,1001.8,1001.7,99.699472,99.7,99.7,24.533916,24.6,24.5,0,10.602668
2026/09/02 06:00:00.426,n,210.90826,1.42465,1.87,210,1001.7356,1001.8,1001.7,99.699472,99.7,99.7,24.710206,24.9,24.6,0,10.455408
2026/09/02 06:10:00.426,n,193.4552,1.29575,1.89,208,1001.7608,1001.8,1001.7,99.699472,99.7,99.7,24.841632,24.9,24.8,0,10.897186
2026/09/02 06:20:00.426,n,181.94824,1.722451,2.43,171,1001.701,1001.8,1001.7,99.699472,99.7,99.7,24.833638,24.9,24.7,0,10.897186
2026/09/02 06:30:00.429,n,162.68826,1.869749,2.61,171,1001.7072,1001.8,1001.7,99.699472,99.7,99.7,24.749056,24.8,24.6,0,10.897186
2026/09/02 06:40:00.430,n,154.39346,1.875267,2.57,168,1001.7524,1001.8,1001.7,99.699472,99.7,99.7,24.885422,24.9,24.8,0,11.044446
2026/09/02 06:50:00.431,n,168.3396,1.773535,2.56,159,1001.7906,1001.8,1001.7,99.699472,99.7,99.7,25.01639,25.2,24.8,0,11.044446
2026/09/02 07:00:00.432,n,166.72772,1.954999,2.79,157,1001.8058,1001.8,1001.7,99.699472,99.7,99.7,25.319696,25.5,25.1,0,11.044446
2026/09/02 07:10:00.434,n,167.5977,2.024401,3.26,144,1001.7368,1001.8,1001.7,99.699472,99.7,99.7,25.699338,25.9,25.5,0,10.897186
2026/09/02 07:20:00.438,n,166.6215,2.110901,3.05,161,1001.6798,1001.7,1001.6,99.699472,99.7,99.7,25.949024,26.1,25.8,0,11.191704
2026/09/02 07:30:00.428,n,164.68176,2.018899,2.92,193,1001.6124,1001.7,1001.6,99.699472,99.7,99.7,26.186986,26.3,26.1,0,11.044446
2026/09/02 07:40:00.428,n,164.83564,1.65545,2.48,169,1001.586,1001.6,1001.5,99.762336,99.8,99.7,26.507502,26.7,26.3,0,11.486222
2026/09/02 07:50:00.427,n,165.38096,1.447816,2.57,164,1001.5796,1001.6,1001.5,99.800528,99.8,99.8,26.875616,27,26.7,0,11.633482
2026/09/02 08:00:00.428,n,172.25904,1.1708,2.45,175,1001.5728,1001.6,1001.5,99.800528,99.8,99.8,27.217314,27.5,26.9,0,11.633482
2026/09/02 08:10:00.430,n,177.50514,0.964017,2.3,85,1001.6326,1001.7,1001.6,99.800528,99.8,99.8,27.646342,28.2,27.3,0,12.07526
2026/09/02 08:20:00.427,n,239.30784,0.893999,2.64,157,1001.6936,1001.7,1001.6,99.828248,99.9,99.8,28.344266,28.6,27.9,0,11.928
2026/09/02 08:30:00.433,n,188.31148,0.94805,2.94,171,1001.6856,1001.7,1001.6,99.800528,99.8,99.8,27.954516,28.2,27.7,0,12.22252
2026/09/02 08:40:00.435,n,345.22572,2.1806,3.26,336,1001.625,1001.7,1001.5,99.800528,99.8,99.8,27.450924,28.3,27,0,12.07526
2026/09/02 08:50:00.442,n,344.02028,2.359581,3.71,344,1001.501,1001.6,1001.4,99.800528,99.8,99.8,26.99432,27.1,26.9,0,12.22252
2026/09/02 09:00:00.430,n,345.18596,2.162651,2.97,337,1001.5188,1001.6,1001.5,99.800528,99.8,99.8,27.068158,27.2,27,0,12.22252
2026/09/02 09:10:00.428,n,333.23754,1.892416,2.97,327,1001.6292,1001.7,1001.5,99.800528,99.8,99.8,27.150142,27.3,27.1,0,11.633482
2026/09/02 09:20:00.427,n,340.26576,2.316899,3.38,342,1001.6088,1001.7,1001.6,99.800528,99.8,99.8,27.190306,27.3,27,0,11.633482
2026/09/02 09:30:00.427,n,336.1308,2.851616,4.17,332,1001.5744,1001.7,1001.5,99.800528,99.8,99.8,27.002202,27.1,26.9,0,11.633482
2026/09/02 09:40:00.426,n,335.66108,2.411434,3.55,335,1001.5992,1001.7,1001.5,99.800528,99.8,99.8,27.09047,27.3,27,0,12.07526
2026/09/02 09:50:00.429,n,334.9466,2.700417,3.5,336,1001.6012,1001.7,1001.5,99.800528,99.8,99.8,27.226642,27.4,27.2,0,12.517038
2026/09/02 10:00:00.434,n,343.00136,3.258816,4.09,345,1001.6534,1001.7,1001.6,99.800528,99.8,99.8,27.20545,27.3,27.1,0,11.486222
2026/09/02 10:10:00.438,n,346.25876,3.3425,4.17,342,1001.701,1001.8,1001.6,99.800528,99.8,99.8,27.223822,27.3,27.1,0,11.633482
2026/09/02 10:20:00.431,n,341.04168,3.755447,4.75,329,1001.7572,1001.8,1001.7,99.800528,99.8,99.8,27.226034,27.4,27.1,0,12.22252
2026/09/02 10:30:00.430,n,338.90196,3.557616,5.03,338,1001.695,1001.8,1001.6,99.800528,99.8,99.8,27.275238,27.4,27.2,0,12.517038
2026/09/02 10:40:00.427,n,340.28344,3.581084,4.55,338,1001.7252,1001.8,1001.7,99.800528,99.8,99.8,27.277262,27.3,27.2,0,12.07526
2026/09/02 10:50:00.426,n,347.69912,3.177567,4.05,344,1001.7082,1001.8,1001.7,99.800528,99.8,99.8,27.297602,27.4,27.2,0,11.486222
2026/09/02 11:00:00.426,n,352.94032,2.945968,3.8,356,1001.6828,1001.8,1001.6,99.800528,99.8,99.8,27.3156,27.5,27.2,0,11.633482
2026/09/02 11:10:00.426,n,359.41552,2.684416,3.33,0,1001.594,1001.7,1001.5,99.800528,99.8,99.8,27.607878,27.8,27.4,0,11.633482
2026/09/02 11:20:00.426,n,22.545838,2.883867,3.62,32,1001.4612,1001.6,1001.3,99.800528,99.8,99.8,27.58153,27.7,27.5,0,11.633482
2026/09/02 11:30:00.431,n,18.323986,2.978801,3.95,36,1001.283,1001.4,1001.2,99.800528,99.8,99.8,27.706358,27.8,27.5,0,11.633482
2026/09/02 11:40:00.433,n,14.58981,2.680085,3.33,16,1001.2948,1001.4,1001.2,99.800528,99.8,99.8,27.92749,28,27.7,0,11.633482
2026/09/02 11:50:00.436,n,11.725708,2.833982,3.65,26,1001.1938,1001.2,1001.1,99.808344,99.9,99.8,28.098164,28.3,27.9,0,11.486222
2026/09/02 12:00:00.425,n,7.821718,3.177618,3.94,11,1001.0928,1001.2,1001,99.870536,99.9,99.8,28.371352,28.5,28.2,0,11.633482
2026/09/02 12:10:00.426,n,6.390069,2.975782,3.75,14,1000.9368,1001,1000.8,99.885408,99.9,99.8,28.542392,28.7,28.4,0,12.36978
2026/09/02 12:20:00.426,n,23.379894,2.864167,3.56,18,1000.778,1000.8,1000.7,99.898952,99.9,99.8,28.677228,28.8,28.6,0,11.486222
2026/09/02 12:30:00.425,n,15.323212,1.820333,2.64,33,1000.7442,1000.8,1000.7,99.89944,99.9,99.9,29.063672,29.3,28.8,0,11.486222
2026/09/02 12:40:00.423,n,357.051,2.531567,3.81,1,1000.7202,1000.8,1000.6,99.897808,99.9,99.8,29.068922,29.2,29,0,11.044446
2026/09/02 12:50:00.423,n,357.7076,3.987383,5.04,4,1000.495,1000.6,1000.3,99.862888,99.9,99.8,28.957602,29.1,28.8,0,12.07526
2026/09/02 13:00:00.422,n,2.307605,4.027168,5.11,5,1000.3816,1000.4,1000.3,99.85768,99.9,99.8,28.855626,29,28.7,0,11.486222
2026/09/02 13:10:00.426,n,0.89881,4.391867,5.24,358,1000.1806,1000.3,1000.1,99.893128,99.9,99.8,29.012618,29.1,28.9,0,12.07526
2026/09/02 13:20:00.432,n,4.336685,4.407504,5.22,10,1000.1432,1000.2,1000.1,99.89944,99.9,99.9,29.24653,29.4,29.1,0,11.338964
2026/09/02 13:30:00.435,n,13.00458,3.883834,4.59,15,1000.131,1000.2,1000,99.89944,99.9,99.9,29.385982,29.5,29.3,0,11.191704
2026/09/02 13:40:00.424,n,7.377404,3.724165,4.32,7,1000.061,1000.2,1000,99.89944,99.9,99.9,29.475482,29.5,29.4,0,11.633482
2026/09/02 13:50:00.422,n,2.953689,3.492201,4.22,4,1000.0486,1000.1,1000,99.90452,100,99.9,29.582326,29.7,29.5,0,11.338964
2026/09/02 14:00:00.426,n,359.48952,3.1115,4.09,357,999.98232,1000.1,999.9,99.90028,100,99.8,29.708468,29.9,29.6,0,11.338964
2026/09/02 14:10:00.433,n,357.17436,3.361432,4.06,354,999.92128,1000,999.8,99.89944,99.9,99.9,29.731064,29.8,29.6,0,11.486222
2026/09/02 14:20:00.427,n,353.18084,3.07725,3.61,352,999.74576,999.9,999.7,99.89944,99.9,99.9,29.72041,29.8,29.7,0,11.191704
2026/09/02 14:30:00.424,n,6.095589,2.417834,2.98,25,999.634,999.7,999.6,99.89944,99.9,99.9,29.870836,30,29.7,0,11.191704
2026/09/02 14:40:00.438,n,10.279096,2.4308,2.98,5,999.63864,999.7,999.5,99.89944,99.9,99.9,29.840286,30,29.7,0,11.338964
2026/09/02 14:50:00.430,n,3.373963,2.174384,2.97,357,999.6008,999.7,999.5,99.89944,99.9,99.9,29.852312,30,29.8,0,11.191704
2026/09/02 15:00:00.430,n,22.580236,1.3018,4.3,187,999.77904,999.9,999.6,99.733736,100,96.9,30.27293,30.6,30,0,11.191704
2026/09/02 15:10:00.423,n,207.84632,3.387783,6.16,170,999.8184,999.9,999.7,99.112576,100,94.8,30.21033,30.4,30,0,11.338964
2026/09/02 15:20:00.425,n,225.7385,1.919967,3.78,213,999.83376,999.9,999.8,99.889256,100,99.2,30.128792,30.4,29.9,0,11.191704
2026/09/02 15:30:00.426,n,173.7725,4.213399,6.06,167,999.68792,999.8,999.6,96.772352,100,90.6,30.346296,30.4,30.2,0,11.633482
2026/09/02 15:40:00.429,n,168.36996,4.455188,6.03,167,999.61512,999.7,999.6,99.468848,100,95.3,30.158258,30.3,30.1,0,11.633482
2026/09/02 15:50:00.423,n,168.34974,4.004799,5.37,180,999.65696,999.7,999.6,99.874592,100,97.4,29.994626,30.1,29.9,0,11.633482
2026/09/02 16:00:00.425,n,171.07734,4.174701,5.74,183,999.64472,999.7,999.6,99.833912,100,98.2,29.985182,30.2,29.8,0,11.633482
2026/09/02 16:10:00.427,n,174.85524,3.381197,5.33,162,999.66968,999.8,999.6,99.900944,100,99.6,30.096998,30.2,30,0,11.338964
2026/09/02 16:20:00.428,n,182.13682,3.671717,5.8,164,999.72152,999.8,999.6,99.89944,99.9,99.9,30.19312,30.3,30.1,0,11.633482
2026/09/02 16:30:00.434,n,168.288,4.916882,6.22,164,999.55312,999.7,999.5,99.89944,99.9,99.9,30.156302,30.3,30,0,11.633482
2026/09/02 16:40:00.425,n,175.11152,4.966316,7.31,172,999.55392,999.7,999.5,99.90044,100,99.8,30.000332,30.1,30,0,11.191704
2026/09/02 16:50:00.426,n,174.52878,5.290481,7.21,184,999.60488,999.7,999.5,99.905616,100,99.8,30.033392,30.1,30,0,11.486222
2026/09/02 17:00:00.423,n,173.10902,5.367267,7.42,167,999.52184,999.6,999.5,99.898752,100,99.2,29.961816,30.1,29.9,0,11.191704
2026/09/02 17:10:00.429,n,167.86856,5.487814,7.41,170,999.59624,999.7,999.5,99.89944,99.9,99.9,29.849258,30,29.7,0,11.338964
2026/09/02 17:20:00.436,n,170.92602,5.003734,7.17,160,999.55688,999.7,999.5,99.89944,99.9,99.9,29.717754,29.9,29.5,0,11.044446
2026/09/02 17:30:00.427,n,171.71866,5.271561,7.13,170,999.5528,999.6,999.5,99.89944,99.9,99.9,29.4843,29.6,29.3,0,10.897186
2026/09/02 17:40:00.425,n,174.94372,5.044119,7,176,999.60864,999.7,999.5,99.89944,99.9,99.9,29.184554,29.4,29,0,11.191704
2026/09/02 17:50:00.429,n,171.41294,5.755482,8.020001,171,999.66136,999.7,999.6,99.89944,99.9,99.9,28.960642,29.1,28.9,0,10.897186
2026/09/02 18:00:00.433,n,172.75614,4.969384,7.25,172,999.71256,999.8,999.6,99.89944,99.9,99.9,28.867206,29,28.8,0,11.191704
2026/09/02 18:10:00.426,n,175.77158,5.027366,6.54,178,999.73112,999.9,999.6,99.89944,99.9,99.9,28.736554,28.8,28.6,0,11.191704
2026/09/02 18:20:00.429,n,174.36872,4.217983,6.58,173,999.6148,999.7,999.5,99.89944,99.9,99.9,28.706556,28.8,28.6,0,11.191704
2026/09/02 18:30:00.426,n,177.30166,4.322835,6.01,174,999.59144,999.7,999.5,99.89944,99.9,99.9,28.623822,28.7,28.6,0,11.191704
2026/09/02 18:40:00.427,n,175.57102,4.29015,6.1,176,999.62056,999.7,999.5,99.89944,99.9,99.9,28.529688,28.6,28.4,0,11.191704
2026/09/02 18:50:00.431,n,165.25784,2.933982,4.81,183,999.62192,999.7,999.6,99.89944,99.9,99.9,28.396718,28.5,28.2,0,10.897186
2026/09/02 19:00:00.433,n,172.60874,3.081783,4.33,176,999.69784,999.9,999.6,99.891136,99.9,99.8,28.23372,28.3,28.2,0,11.191704
2026/09/02 19:10:00.426,n,179.16254,2.957967,4.56,177,999.88752,1000,999.8,99.815096,99.9,99.8,28.165196,28.2,28.1,0,10.897186
2026/09/02 19:20:00.426,n,176.57238,2.554499,3.63,183,999.95728,1000.1,999.9,99.800528,99.8,99.8,28.10503,28.2,28.1,0,11.191704
2026/09/02 19:30:00.432,n,174.52348,2.910183,3.82,176,1000.1132,1000.2,1000,99.800528,99.8,99.8,28.068952,28.2,28,0,11.191704
2026/09/02 19:40:00.429,n,164.62198,3.356268,4.49,179,1000.1878,1000.3,1000.1,99.814664,99.9,99.8,28.002584,28.1,27.9,0,10.897186
2026/09/02 19:50:00.429,n,159.54674,3.413652,4.26,160,1000.344,1000.4,1000.2,99.8222,99.9,99.8,27.911934,28.1,27.8,0,11.191704
2026/09/02 20:00:00.440,n,161.37872,3.250599,3.9,165,1000.4546,1000.5,1000.3,99.88736,99.9,99.8,28.03168,28.1,27.9,0,11.044446
2026/09/02 20:10:00.425,n,165.19036,3.92105,4.65,161,1000.507,1000.6,1000.5,99.857088,99.9,99.8,27.941544,28,27.9,0,10.897186
2026/09/02 20:20:00.427,n,167.72982,3.482533,4.26,164,1000.579,1000.7,1000.5,99.801192,99.9,99.8,27.766284,27.9,27.6,0,11.191704
2026/09/02 20:30:00.432,n,174.97988,2.449916,3.7,179,1000.7734,1000.8,1000.7,99.800528,99.8,99.8,27.589216,27.7,27.5,0,10.897186
2026/09/02 20:40:00.437,n,173.76724,2.151249,3.22,168,1000.65,1000.8,1000.6,99.800528,99.8,99.8,27.43785,27.6,27.4,0,10.897186
2026/09/02 20:50:00.426,n,152.13268,2.405932,3.21,146,1000.5408,1000.6,1000.5,99.800528,99.8,99.8,27.559584,27.7,27.4,0,11.044446
2026/09/02 21:00:00.428,n,143.11836,1.53855,2.13,142,1000.4608,1000.6,1000.4,99.800528,99.8,99.8,27.606694,27.7,27.6,0,11.044446
2026/09/02 21:10:00.428,n,128.89564,0.958533,1.85,147,1000.3818,1000.5,1000.3,99.800528,99.8,99.8,27.557588,27.7,27.5,0,11.044446
2026/09/02 21:20:00.427,n,155.47792,1.38215,2.18,171,1000.3326,1000.4,1000.3,99.800528,99.8,99.8,27.54586,27.7,27.4,0,10.897186
2026/09/02 21:30:00.429,n,177.68928,2.1056,3.33,179,1000.547,1000.6,1000.4,99.800528,99.8,99.8,27.507136,27.6,27.4,0,10.749928
2026/09/02 21:40:00.428,n,176.40224,2.7559,3.72,182,1000.6428,1000.8,1000.6,99.800528,99.8,99.8,27.465394,27.6,27.4,0,11.044446
2026/09/02 21:50:00.430,n,180.86776,2.782517,3.87,173,1000.8426,1000.9,1000.8,99.800528,99.8,99.8,27.40033,27.5,27.4,0,10.897186
2026/09/02 22:00:00.433,n,181.17682,2.6789,3.81,183,1000.9012,1001,1000.8,99.800528,99.8,99.8,27.334694,27.4,27.2,0,11.044446
2026/09/02 22:10:00.438,n,174.14978,3.434614,4.57,172,1000.8856,1000.9,1000.8,99.800528,99.8,99.8,27.195222,27.4,27.1,0,11.044446
2026/09/02 22:20:00.426,n,171.08662,3.337385,4.17,171,1000.8156,1000.9,1000.8,99.796464,99.8,99.7,27.030062,27.1,26.9,0,10.749928
2026/09/02 22:30:00.429,n,160.7993,2.770117,3.79,172,1000.825,1000.9,1000.8,99.704512,99.8,99.7,26.809226,26.9,26.7,0,11.044446
2026/09/02 22:40:00.426,n,176.06192,3.271184,4.22,163,1000.9802,1001.1,1000.8,99.791704,99.8,99.7,26.919342,27,26.8,0,11.044446
2026/09/02 22:50:00.427,n,183.34042,2.432049,3.69,181,1000.8796,1001,1000.8,99.800528,99.8,99.8,27.128756,27.3,27,0,10.749928
2026/09/02 23:00:00.427,n,160.53096,1.467916,2.51,179,1000.6786,1000.8,1000.6,99.800528,99.8,99.8,27.095026,27.2,27,0,11.044446
2026/09/02 23:10:00.429,n,173.8137,0.976516,1.88,155,1000.5384,1000.7,1000.5,99.800528,99.8,99.8,27.183576,27.2,27.1,0,10.749928
2026/09/02 23:20:00.434,n,218.1605,0.881767,1.32,200,1000.4378,1000.6,1000.3,99.800528,99.8,99.8,26.97758,27.1,26.9,0,11.044446
2026/09/02 23:30:00.435,n,70.209608,0.549,1.61,50,1000.3134,1000.4,1000.2,99.800528,99.8,99.8,26.991208,27.2,26.9,0,11.044446
2026/09/02 23:40:00.424,n,63.16658,1.358417,2.68,87,1000.1934,1000.3,1000,99.7946,99.8,99.7,27.021246,27.2,26.7,0,11.044446
2026/09/02 23:50:00.424,n,84.068464,1.892167,3.5,72,1000.1764,1000.3,1000,99.70364,99.8,99.7,26.5069,26.7,26.3,0,10.749928
2026/09/03 00:00:00.428,n,74.736088,1.718417,2.68,64,1000.126,1000.2,1000,99.754016,99.8,99.7,26.504878,26.8,26.4,0,10.749928
2026/09/03 00:10:00.424,n,49.2403,0.988067,2.36,70,1000.1216,1000.2,1000.1,99.800528,99.8,99.8,26.968656,27.1,26.8,0,11.044446
2026/09/03 00:20:00.427,n,47.716772,0.830083,1.29,38,1000.1544,1000.2,1000.1,99.800528,99.8,99.8,27.023448,27.1,27,0,10.749928
2026/09/03 00:30:00.425,n,65.736016,1.331951,1.75,82,1000.0364,1000.2,999.9,99.800528,99.8,99.8,27.049494,27.1,27,0,10.455408
2026/09/03 00:40:00.424,n,80.552336,1.345267,1.97,82,999.93912,1000,999.9,99.800528,99.8,99.8,27.09436,27.1,27,0,10.897186
2026/09/03 00:50:00.429,n,109.56286,1.43765,1.94,112,999.96312,1000,999.9,99.800528,99.8,99.8,26.904546,27.1,26.8,0,10.749928
2026/09/03 01:00:00.432,n,160.57568,1.43425,1.99,165,1000.0092,1000.1,999.9,99.800528,99.8,99.8,26.656624,26.8,26.5,0,10.897186
2026/09/03 01:10:00.435,n,138.60092,1.647483,2.19,132,999.7228,999.9,999.5,99.800528,99.8,99.8,26.557538,26.7,26.4,0,11.044446
2026/09/03 01:20:00.440,n,140.51762,1.509683,2.17,129,999.59968,999.7,999.5,99.800528,99.8,99.8,26.373958,26.4,26.3,0,10.897186
2026/09/03 01:30:00.430,n,171.48598,1.3229,2.38,195,999.54128,999.6,999.5,99.705472,99.8,99.7,26.036382,26.4,25.7,0,10.897186
2026/09/03 01:40:00.427,n,207.2064,2.554585,3.7,189,999.69072,999.9,999.5,99.699472,99.7,99.7,25.467642,25.7,25.3,0,10.897186
2026/09/03 01:50:00.428,n,217.51894,1.995017,3.45,224,999.86984,999.9,999.7,99.699472,99.7,99.7,25.752928,26,25.5,0,10.602668
2026/09/03 02:00:00.426,n,144.32336,0.990733,2.03,192,999.74688,999.8,999.7,99.699472,99.7,99.7,25.94155,26.1,25.8,0,10.897186
2026/09/03 02:10:00.426,n,56.853688,0.576883,0.98,106,999.74616,999.8,999.7,99.699472,99.7,99.7,25.823,25.9,25.8,0,10.602668
2026/09/03 02:20:00.426,n,99.312848,0.7061,1,57,999.80624,999.9,999.8,99.699472,99.7,99.7,25.905448,26,25.8,0,10.897186
2026/09/03 02:30:00.432,n,195.81074,1.286867,2.49,195,999.8644,999.9,999.8,99.721136,99.8,99.7,25.975478,26.1,25.8,0,10.897186
2026/09/03 02:40:00.431,n,205.52898,1.7973,2.77,203,999.83712,999.9,999.7,99.732824,99.8,99.7,26.00175,26.1,25.8,0,10.455408
2026/09/03 02:50:00.438,n,174.06152,1.405651,2.33,195,999.54696,999.8,999.4,99.699472,99.7,99.7,25.837066,25.9,25.7,0,10.897186
2026/09/03 03:00:00.441,n,136.27528,1.504551,2.08,135,999.39184,999.5,999.3,99.699472,99.7,99.7,25.720258,25.9,25.6,0,10.602668
2026/09/03 03:10:00.430,n,140.14212,1.641184,2.65,185,999.42144,999.6,999.3,99.699472,99.7,99.7,25.67314,25.8,25.5,0,10.897186
2026/09/03 03:20:00.425,n,174.98728,2.138284,3.23,169,999.48424,999.6,999.4,99.699472,99.7,99.7,25.744042,25.8,25.7,0,10.897186
2026/09/03 03:30:00.425,n,145.64208,1.854367,2.67,185,999.33696,999.5,999.3,99.699472,99.7,99.7,25.59481,25.7,25.5,0,10.897186
2026/09/03 03:40:00.430,n,141.47814,1.6982,2.24,142,999.20448,999.3,999,99.699472,99.7,99.7,25.516318,25.6,25.4,0,10.455408
2026/09/03 03:50:00.426,n,130.10884,1.402217,1.87,133,998.82,999,998.7,99.699472,99.7,99.7,25.513602,25.7,25.3,0,10.897186
2026/09/03 04:00:00.430,n,184.15148,1.568417,2.45,182,999.2428,999.3,998.9,99.699472,99.7,99.7,25.675444,25.8,25.6,0,10.897186
2026/09/03 04:10:00.431,n,194.97332,1.897716,2.53,198,999.21504,999.3,999.1,99.699472,99.7,99.7,25.478436,25.6,25.3,0,10.897186
2026/09/03 04:20:00.436,n,210.3498,1.679366,2.78,195,998.95992,999.1,998.8,99.699472,99.7,99.7,25.3584,25.5,25.2,0,10.749928
2026/09/03 04:30:00.439,n,187.3574,1.803415,2.34,177,998.80984,998.9,998.8,99.699472,99.7,99.7,25.382646,25.5,25.2,0,10.602668
2026/09/03 04:40:00.427,n,185.0949,1.394684,2.47,187,998.82816,998.9,998.8,99.699472,99.7,99.7,25.473226,25.6,25.4,0,10.602668
2026/09/03 04:50:00.426,n,189.21246,1.271983,2.02,210,998.81192,998.9,998.7,99.699472,99.7,99.7,25.511316,25.6,25.4,0,10.455408
2026/09/03 05:00:00.427,n,214.13484,1.43705,2.05,213,998.79832,998.9,998.7,99.73924,99.8,99.7,25.587056,25.7,25.5,0,10.897186
2026/09/03 05:10:00.427,n,204.58056,1.176483,1.73,211,998.80584,998.8,998.7,99.778736,99.8,99.7,25.707844,25.8,25.6,0,10.897186
2026/09/03 05:20:00.426,n,196.20942,1.12415,1.6,185,998.73848,998.8,998.7,99.797192,99.8,99.7,25.762114,25.8,25.7,0,10.455408
2026/09/03 05:30:00.429,n,195.75722,1.183583,1.64,193,998.66848,998.7,998.6,99.800528,99.8,99.8,25.969812,26.1,25.8,0,10.897186
2026/09/03 05:40:00.429,n,194.82934,1.04965,1.53,197,998.5944,998.7,998.5,99.800528,99.8,99.8,26.07694,26.2,26,0,10.602668
2026/09/03 05:50:00.434,n,191.88308,1.155184,1.83,189,998.57816,998.7,998.5,99.800528,99.8,99.8,26.099348,26.1,26,0,10.897186
2026/09/03 06:00:00.438,n,206.84478,1.356533,1.79,194,998.75064,999,998.6,99.800528,99.8,99.8,26.036682,26.2,26,0,10.897186
2026/09/03 06:10:00.432,n,238.45466,1.368532,1.78,230,998.94608,999.1,998.9,99.800528,99.8,99.8,26.016928,26.1,25.9,0,10.897186
2026/09/03 06:20:00.429,n,210.21956,2.186834,4.36,201,999.24832,999.5,999,99.766848,99.8,99.7,25.899586,26.1,25.6,0,10.897186
2026/09/03 06:30:00.428,n,215.56918,2.341369,3.14,217,999.56136,999.6,999.4,99.800528,99.8,99.8,26.085996,26.2,25.8,0,10.897186
2026/09/03 06:40:00.424,n,190.11676,1.622099,2.43,194,999.5504,999.6,999.5,99.75144,99.8,99.7,25.908842,26.2,25.6,0,10.897186
2026/09/03 06:50:00.429,n,166.3076,1.487751,2.35,169,999.55928,999.6,999.5,99.776176,99.8,99.7,25.876676,26,25.7,0,10.897186
2026/09/03 07:00:00.427,n,168.02154,1.072084,1.8,128,999.59864,999.7,999.5,99.751232,99.8,99.7,25.842716,26.1,25.6,0,10.897186
2026/09/03 07:10:00.425,n,211.0075,1.240984,1.71,214,999.75376,999.9,999.7,99.752968,99.8,99.7,26.015516,26.2,25.8,0,10.897186
2026/09/03 07:20:00.430,n,201.48876,1.734601,2.34,207,999.74312,999.9,999.7,99.736776,99.8,99.7,25.94546,26,25.9,0,10.749928
2026/09/03 07:30:00.435,n,226.13306,1.6782,2.17,232,999.82064,999.9,999.8,99.759632,99.8,99.7,25.985998,26,25.9,0,10.897186
2026/09/03 07:40:00.427,n,223.23234,0.891551,1.66,223,999.70768,999.8,999.6,99.762904,99.8,99.7,26.091658,26.2,26,0,11.044446
2026/09/03 07:50:00.427,n,211.02428,0.609783,1.1,224,999.66592,999.7,999.6,99.771904,99.8,99.7,26.27574,26.4,26.2,0,10.602668
2026/09/03 08:00:00.433,n,164.60548,0.734866,1.29,168,999.6044,999.7,999.5,99.769552,99.8,99.7,26.435586,26.5,26.3,0,11.044446
2026/09/03 08:10:00.427,n,187.8349,1.032934,1.78,198,999.7896,999.9,999.6,99.776496,99.8,99.7,26.426956,26.5,26.3,0,10.749928
2026/09/03 08:20:00.428,n,194.72086,0.867217,1.49,176,999.90256,1000,999.9,99.775432,99.8,99.7,26.4946,26.7,26.4,0,11.044446
2026/09/03 08:30:00.426,n,167.5459,1.0808,1.83,159,1000.0146,1000.2,999.9,99.773136,99.8,99.7,26.503322,26.7,26.3,0,10.897186
2026/09/03 08:40:00.431,n,188.5082,0.786267,1.44,183,1000.258,1000.3,1000.2,99.776624,99.8,99.7,26.533454,26.6,26.4,0,10.602668
2026/09/03 08:50:00.430,n,192.00792,1.598333,2.73,193,1000.3734,1000.5,1000.3,99.754184,99.8,99.7,26.401776,26.6,26.2,0,10.602668
2026/09/03 09:00:00.435,n,186.4411,1.353167,2.02,191,1000.389,1000.4,1000.3,99.731768,99.8,99.7,26.207942,26.3,26.1,0,10.897186
2026/09/03 09:10:00.427,n,153.91278,0.797133,1.89,173,1000.2444,1000.4,1000.2,99.799512,99.8,99.7,26.213726,26.3,26.1,0,11.044446
2026/09/03 09:20:00.429,n,191.99128,0.412167,1.29,152,1000.1558,1000.3,1000.1,99.779616,99.8,99.7,26.530618,26.7,26.3,0,11.191704
2026/09/03 09:30:00.428,n,141.81248,0.781,1.69,93,1000.0582,1000.1,999.9,99.741352,99.8,99.7,26.697406,26.8,26.5,0,11.191704
2026/09/03 09:40:00.427,n,157.07676,0.750983,1.51,165,999.9656,1000,999.9,99.699472,99.7,99.7,26.568018,26.7,26.4,0,11.191704
2026/09/03 09:50:00.428,n,285.6316,0.395967,1.18,275,999.87864,1000,999.7,99.706416,99.8,99.7,26.776574,27.1,26.6,0,11.486222
2026/09/03 10:00:00.427,n,328.75916,0.736116,2.58,323,999.80552,999.9,999.7,99.800528,99.8,99.8,27.179562,27.3,27,0,11.338964
2026/09/03 10:10:00.429,n,334.1287,1.927133,3.07,331,999.97832,1000,999.9,99.800528,99.8,99.8,26.899446,27,26.8,0,11.191704
2026/09/03 10:20:00.437,n,327.44992,2.057434,3.28,327,1000.0016,1000.1,1000,99.800528,99.8,99.8,26.85605,26.9,26.8,0,11.338964
2026/09/03 10:30:00.439,n,346.07832,1.253017,2.64,340,1000.0016,1000.1,999.9,99.800528,99.8,99.8,26.95148,27.1,26.9,0,11.191704
2026/09/03 10:40:00.426,n,10.891478,1.010134,2.05,5,999.95152,1000,999.9,99.800528,99.8,99.8,27.01695,27.1,27,0,11.338964
2026/09/03 10:50:00.427,n,20.140928,1.2433,2.06,22,999.81832,1000,999.7,99.800528,99.8,99.8,27.013588,27.2,26.9,0,11.486222
2026/09/03 11:00:00.430,n,81.52284,0.8283,1.89,72,999.7012,999.8,999.6,99.800528,99.8,99.8,27.117902,27.3,27,0,11.486222
2026/09/03 11:10:00.424,n,43.090176,1.11215,2.49,23,999.52,999.7,999.3,99.800528,99.8,99.8,27.218304,27.5,26.9,0,11.338964
2026/09/03 11:20:00.425,n,19.86136,1.765733,2.53,4,999.35704,999.4,999.2,99.800528,99.8,99.8,26.820858,26.9,26.8,0,11.486222
2026/09/03 11:30:00.425,n,11.52876,2.822916,3.46,352,999.11376,999.3,999.1,99.7946,99.8,99.7,26.72607,26.8,26.6,0,11.486222
2026/09/03 11:40:00.423,n,1.338019,3.237517,4.04,5,998.9648,999.1,998.9,99.742224,99.8,99.7,26.60403,26.7,26.5,0,11.633482
2026/09/03 11:50:00.430,n,356.95396,3.972235,5.7,356,998.76176,998.9,998.6,99.699472,99.7,99.7,26.607542,26.7,26.5,0,11.633482
2026/09/03 12:00:00.430,n,2.224105,3.873986,4.89,10,998.81088,999.1,998.6,99.736752,99.8,99.7,26.655048,26.8,26.6,0,11.486222
2026/09/03 12:10:00.428,n,352.76804,3.074101,3.79,347,999.21152,999.3,999,99.72272,99.8,99.7,26.658918,26.8,26.5,0,11.191704
2026/09/03 12:20:00.425,n,346.80692,3.076951,4.37,328,999.318,999.4,999.2,99.7098,99.8,99.7,26.547296,26.6,26.5,0,10.897186
2026/09/03 12:30:00.424,n,345.84032,9.124302,12.8,354,999.06488,999.4,998.7,99.732808,99.8,99.7,25.796748,26.6,25.1,0,11.191704
2026/09/03 12:40:00.428,n,357.27856,10.446808,11.99,0,998.95648,999.3,998.7,99.768744,99.8,99.7,25.072732,25.4,24.9,0,10.897186
2026/09/03 12:50:00.432,n,348.7682,8.353332,11.1,351,999.27968,999.4,999.1,99.72392,99.8,99.7,24.923256,25.1,24.8,0,11.191704
2026/09/03 13:00:00.433,n,348.16048,8.488632,10.12,348,999.28104,999.5,999.1,99.769824,99.8,99.7,24.78144,25,24.5,0,11.191704
2026/09/03 13:10:00.424,n,351.02976,7.919943,10.01,347,999.22648,999.3,999.1,99.769336,99.8,99.7,24.568078,24.7,24.4,0,11.338964
2026/09/03 13:20:00.427,n,359.78784,7.176534,8.91,353,999.26824,999.4,999.1,99.776584,99.8,99.7,24.723882,24.9,24.6,0,11.486222
2026/09/03 13:30:00.429,n,355.5318,7.625299,9.57,357,999.08,999.2,998.9,99.779032,99.8,99.7,24.668102,24.9,24.5,0,11.486222
2026/09/03 13:40:00.427,n,347.67704,7.098249,8.72,354,999.1912,999.3,998.9,99.736792,99.8,99.7,24.497344,24.6,24.4,0,11.191704
2026/09/03 13:50:00.427,n,349.10536,6.509284,8.310001,345,999.35392,999.4,999.2,99.76616,99.8,99.7,24.67025,24.8,24.5,0,11.191704
2026/09/03 14:00:00.427,n,355.52672,6.620533,8.5,6,999.25016,999.3,999.1,99.800528,99.8,99.8,24.889198,25,24.7,0,11.191704
2026/09/03 14:10:00.432,n,356.06032,6.470585,8.180001,359,999.25752,999.3,999.2,99.800528,99.8,99.8,25.148552,25.2,25,0,11.338964
2026/09/03 14:20:00.429,n,355.92744,6.263322,9.08,350,999.15928,999.2,999,99.800528,99.8,99.8,25.125306,25.2,24.8,0,11.338964
2026/09/03 14:30:00.423,n,351.891,7.564105,10.33,358,999.11424,999.3,998.9,99.747896,99.8,99.7,24.838418,25.2,24.5,0,10.897186
2026/09/03 14:40:00.428,n,354.2566,6.215466,7.8,349,999.05408,999.2,998.9,99.699472,99.7,99.7,24.245422,24.5,24.1,0,11.191704
2026/09/03 14:50:00.430,n,4.699227,6.536469,8.39,9,999.0584,999.1,999,99.741104,99.8,99.7,24.128534,24.3,23.9,0,10.897186
2026/09/03 15:00:00.433,n,358.10936,6.598469,8.74,14,999.09816,999.3,998.9,99.741616,99.8,99.7,24.278732,24.5,24,0,10.749928
2026/09/03 15:10:00.424,n,343.28732,6.437732,9.22,331,999.21152,999.3,999.1,99.710464,99.8,99.7,24.347788,24.6,24.2,0,10.455408
2026/09/03 15:20:00.426,n,330.8111,8.492186,10.77,331,999.23928,999.4,999.1,99.699472,99.7,99.7,23.819366,24.3,23.6,0,11.044446
2026/09/03 15:30:00.424,n,344.73384,7.999984,10.77,345,999.2072,999.4,999,99.713016,99.8,99.7,24.055032,24.3,23.7,0,10.897186
2026/09/03 15:40:00.432,n,342.54812,8.58844,10.67,343,999.23848,999.4,999,99.699472,99.7,99.7,23.673784,24.3,23.3,0,11.044446
2026/09/03 15:50:00.427,n,345.03148,8.669198,10.28,347,999.28592,999.5,999.1,99.699472,99.7,99.7,23.587192,23.9,23.4,0,10.897186
2026/09/03 16:00:00.427,n,329.58292,7.909346,9.46,327,999.6536,999.9,999.4,99.699472,99.7,99.7,23.360456,23.6,23.1,0,10.602668
2026/09/03 16:10:00.427,n,347.08424,6.215931,7.92,344,999.70936,999.8,999.6,99.699472,99.7,99.7,23.123414,23.4,23,0,10.897186
2026/09/03 16:20:00.429,n,357.47,6.417537,7.96,358,999.64896,999.8,999.5,99.747368,99.8,99.7,23.117922,23.4,23,0,10.602668
2026/09/03 16:30:00.430,n,23.407348,5.531331,6.61,36,999.76784,999.9,999.7,99.800528,99.8,99.8,23.158462,23.4,23,0,10.897186
2026/09/03 16:40:00.423,n,31.128628,5.61965,7.02,38,999.69624,999.8,999.6,99.770056,99.8,99.7,23.149694,23.3,23,0,10.602668
2026/09/03 16:50:00.426,n,29.020742,6.420003,8.09,30,999.51456,999.6,999.4,99.699472,99.7,99.7,23.340332,23.7,23.2,0,10.602668
2026/09/03 17:00:00.422,n,19.052004,6.061602,7.25,17,999.52352,999.6,999.5,99.699472,99.7,99.7,23.481886,23.7,23.2,0,10.897186
2026/09/03 17:10:00.426,n,35.74658,4.950034,7.17,34,999.60776,999.8,999.5,99.699472,99.7,99.7,23.467548,23.6,23.4,0,10.602668
2026/09/03 17:20:00.429,n,14.71688,4.635916,6.11,9,999.69976,999.8,999.6,99.699472,99.7,99.7,23.519768,23.6,23.4,0,10.897186
2026/09/03 17:30:00.433,n,13.080854,4.677384,5.62,29,999.76664,999.8,999.7,99.699472,99.7,99.7,23.629356,23.8,23.5,0,10.455408
2026/09/03 17:40:00.435,n,20.977932,3.527865,5.34,24,999.83296,999.9,999.7,99.699472,99.7,99.7,23.644632,23.9,23.5,0,10.455408
2026/09/03 17:50:00.438,n,26.549942,2.991866,4.73,17,999.7604,999.9,999.6,99.699472,99.7,99.7,23.640974,23.8,23.5,0,10.602668
2026/09/03 18:00:00.424,n,62.292924,3.107632,4.03,68,999.83248,999.9,999.8,99.699472,99.7,99.7,23.580646,23.7,23.4,0,10.602668
2026/09/03 18:10:00.424,n,56.901072,2.539584,3.76,51,999.56416,999.8,999.4,99.699472,99.7,99.7,23.687402,23.8,23.6,0,10.602668
2026/09/03 18:20:00.426,n,110.13634,2.571134,4.05,136,999.394,999.5,999.3,99.699472,99.7,99.7,23.450556,23.7,23.3,0,10.897186
2026/09/03 18:30:00.427,n,155.69578,1.747617,3.85,140,999.65936,999.9,999.4,99.727736,99.8,99.7,23.210954,23.3,23.1,0,10.602668
2026/09/03 18:40:00.427,n,180.98202,1.749734,2.79,191,1000.0528,1000.2,999.9,99.800528,99.8,99.8,23.125222,23.2,23,0,10.455408
2026/09/03 18:50:00.433,n,196.66192,1.223133,2.41,219,1000.0436,1000.2,999.9,99.800528,99.8,99.8,23.188244,23.3,23.1,0,10.602668
2026/09/03 19:00:00.435,n,180.0119,1.544833,2.2,173,999.92624,1000.2,999.7,99.800528,99.8,99.8,23.141572,23.3,23.1,0,10.897186
2026/09/03 19:10:00.427,n,160.45472,1.628367,2.9,172,999.70888,999.8,999.6,99.800528,99.8,99.8,23.113574,23.2,23,0,10.602668
2026/09/03 19:20:00.428,n,190.29218,2.086634,4,180,999.90568,1000,999.8,99.800528,99.8,99.8,23.059344,23.1,23,0,10.602668
2026/09/03 19:30:00.432,n,215.90148,1.571933,2.49,206,1000.0608,1000.1,999.9,99.800528,99.8,99.8,23.082562,23.2,23,0,10.897186
2026/09/03 19:40:00.427,n,204.53738,1.743583,2.56,211,1000.1358,1000.2,1000.1,99.800528,99.8,99.8,23.091106,23.2,23,0,10.455408
2026/09/03 19:50:00.426,n,154.73696,1.263367,2.27,204,1000.0174,1000.2,999.8,99.783264,99.8,99.7,23.032158,23.1,22.8,0,10.897186
2026/09/03 20:00:00.429,n,129.89176,1.040116,1.68,151,1000.0694,1000.1,1000,99.699472,99.7,99.7,23.135836,23.4,22.9,0,10.897186
2026/09/03 20:10:00.423,n,67.418576,0.8813,1.78,36,1000.1316,1000.2,1000,99.699472,99.7,99.7,23.46031,23.8,23.2,0,10.897186
2026/09/03 20:20:00.428,n,102.05292,0.978416,1.68,166,1000.2178,1000.3,1000.2,99.699472,99.7,99.7,23.807318,23.9,23.7,0,10.897186
2026/09/03 20:30:00.432,n,176.82046,1.671967,2.3,181,1000.314,1000.4,1000.2,99.699472,99.7,99.7,23.45302,23.8,23.2,0,10.602668
2026/09/03 20:40:00.440,n,188.28146,1.628517,2.75,175,1000.4388,1000.5,1000.3,99.699472,99.7,99.7,23.319224,23.4,23.3,0,10.897186
2026/09/03 20:50:00.427,n,173.45398,2.03875,3.55,164,1000.3896,1000.5,1000.3,99.72672,99.8,99.7,23.24705,23.3,23.1,0,10.897186
2026/09/03 21:00:00.431,n,170.70348,3.345619,4.54,176,1000.4546,1000.6,1000.3,99.800528,99.8,99.8,23.123178,23.3,23,0,10.455408
2026/09/03 21:10:00.428,n,176.5375,2.923566,4.19,171,1000.4982,1000.6,1000.4,99.800528,99.8,99.8,23.01866,23.1,23,0,10.897186
2026/09/03 21:20:00.424,n,177.28634,2.171566,3.55,170,1000.509,1000.6,1000.4,99.800528,99.8,99.8,23.000666,23.1,22.9,0,10.455408
2026/09/03 21:30:00.427,n,164.5372,2.958284,3.81,164,1000.4122,1000.6,1000.3,99.800528,99.8,99.8,23.048852,23.1,23,0,10.455408
2026/09/03 21:40:00.431,n,159.54362,2.095619,2.71,162,1000.2436,1000.4,1000.1,99.800528,99.8,99.8,23.060828,23.1,23,0,10.897186
2026/09/03 21:50:00.432,n,132.3146,1.789885,3.18,132,1000.0432,1000.2,999.9,99.800528,99.8,99.8,23.032166,23.1,23,0,10.455408
2026/09/03 22:00:00.439,n,138.13678,1.421884,2.47,136,999.98984,1000.1,999.9,99.800528,99.8,99.8,22.96627,23.1,22.9,0,10.602668
2026/09/03 22:10:00.437,n,150.78652,1.719068,2.65,142,1000.0074,1000.1,999.9,99.800528,99.8,99.8,22.908906,23,22.8,0,10.897186
2026/09/03 22:20:00.425,n,148.12106,1.373767,2.68,165,999.96104,1000,999.8,99.800528,99.8,99.8,22.995484,23.1,22.9,0,10.897186
2026/09/03 22:30:00.429,n,151.11766,1.946583,2.83,154,999.7568,999.9,999.7,99.800528,99.8,99.8,22.990674,23,22.9,0,10.602668
2026/09/03 22:40:00.424,n,143.85,1.777583,2.86,145,999.59992,999.7,999.5,99.700312,99.8,99.7,22.991182,23.1,22.9,0,10.602668
2026/09/03 22:50:00.427,n,158.32044,1.487567,2.57,166,999.56648,999.7,999.5,99.699472,99.7,99.7,22.928538,23,22.8,0,10.897186
2026/09/03 23:00:00.429,n,159.0941,1.006317,1.55,170,999.5332,999.6,999.5,99.699472,99.7,99.7,22.934336,23,22.8,0,10.897186
2026/09/03 23:10:00.429,n,171.06762,1.539783,2.73,180,999.52328,999.6,999.4,99.699472,99.7,99.7,22.954636,23,22.8,0,10.602668
2026/09/03 23:20:00.443,n,176.13984,1.549401,2.67,190,999.55096,999.6,999.5,99.699472,99.7,99.7,23.001166,23.1,22.9,0,10.455408
2026/09/03 23:30:00.433,n,189.3651,1.324367,2.25,192,999.61896,999.7,999.5,99.699472,99.7,99.7,23.001992,23.1,23,0,10.897186
2026/09/03 23:40:00.437,n,202.31968,1.435934,2.56,186,999.65064,999.7,999.6,99.699472,99.7,99.7,22.912784,23,22.9,0,10.455408
2026/09/03 23:50:00.426,n,107.00636,0.761367,1.63,99,999.4956,999.6,999.4,99.699472,99.7,99.7,22.92629,23,22.8,0,10.897186
2026/09/04 00:00:00.428,n,136.85202,1.1985,1.96,137,999.37888,999.5,999.3,99.699472,99.7,99.7,22.852094,23,22.8,0,10.897186
2026/09/04 00:10:00.425,n,114.49048,1.040667,1.56,104,999.22376,999.3,999.2,99.699472,99.7,99.7,22.824534,22.9,22.7,0,10.455408
2026/09/04 00:20:00.426,n,144.9181,1.882383,3.25,135,999.17448,999.2,999.1,99.699472,99.7,99.7,22.784978,22.9,22.7,0,10.897186
2026/09/04 00:30:00.426,n,139.9277,2.728965,3.66,140,999.0496,999.2,998.9,99.699472,99.7,99.7,22.725128,22.9,22.6,0,10.897186
2026/09/04 00:40:00.427,n,159.01072,2.9636,4.02,154,998.87896,999,998.7,99.743144,99.8,99.7,22.719554,22.8,22.7,0,10.897186
2026/09/04 00:50:00.433,n,150.26854,3.351502,4.68,145,998.76664,998.8,998.7,99.800528,99.8,99.8,22.627374,22.7,22.5,0,10.897186
2026/09/04 01:00:00.449,n,128.908,1.269634,2.76,143,998.8748,998.9,998.8,99.800528,99.8,99.8,22.605232,22.7,22.6,0,10.897186
2026/09/04 01:10:00.428,n,159.50968,1.117966,1.9,124,998.94296,999,998.8,99.800528,99.8,99.8,22.618302,22.7,22.6,0,10.897186
2026/09/04 01:20:00.426,n,248.81202,0.856967,1.41,268,999.13896,999.3,999,99.800528,99.8,99.8,22.561816,22.7,22.5,0,10.749928
2026/09/04 01:30:00.427,n,285.52862,0.6255,1.31,265,999.16168,999.2,999.1,99.800528,99.8,99.8,22.520668,22.6,22.5,0,10.897186
2026/09/04 01:40:00.425,n,103.47886,0.354033,0.77,252,998.99136,999.1,998.9,99.800528,99.8,99.8,22.569786,22.7,22.5,0,10.897186
2026/09/04 01:50:00.425,n,129.75678,0.851667,1.13,143,998.90488,999,998.8,99.718104,99.8,99.7,22.639026,22.9,22.4,0,10.455408
2026/09/04 02:00:00.429,n,142.12306,1.609066,2.78,164,998.9004,998.9,998.8,99.699472,99.7,99.7,22.97083,23.1,22.8,0,10.749928
2026/09/04 02:10:00.426,n,161.23718,2.983466,3.82,166,998.74008,998.9,998.6,99.699472,99.7,99.7,22.860252,23.1,22.7,0,10.455408
2026/09/04 02:20:00.440,n,152.11172,2.029267,2.97,154,998.59344,998.7,998.5,99.699472,99.7,99.7,22.739718,22.8,22.6,0,10.749928
2026/09/04 02:30:00.431,n,129.5341,1.71185,2.97,125,998.56936,998.8,998.4,99.760232,99.8,99.7,22.63277,22.7,22.5,0,10.897186
2026/09/04 02:40:00.432,n,156.87514,1.880467,2.72,166,998.8104,998.9,998.8,99.800528,99.8,99.8,22.566012,22.7,22.5,0,10.455408
2026/09/04 02:50:00.440,n,163.93136,2.486867,3.37,144,998.79792,998.8,998.7,99.800528,99.8,99.8,22.527638,22.6,22.5,0,10.897186
2026/09/04 03:00:00.441,n,153.93748,3.678268,4.91,164,998.72176,998.8,998.6,99.800528,99.8,99.8,22.511094,22.6,22.3,0,10.897186
2026/09/04 03:10:00.431,n,170.5431,2.517116,4.81,154,998.9748,999.1,998.7,99.800528,99.8,99.8,22.420534,22.5,22.3,0,10.455408
2026/09/04 03:20:00.428,n,173.36558,2.104434,2.94,186,999.04208,999.1,998.9,99.800528,99.8,99.8,22.467834,22.5,22.4,0,10.602668
2026/09/04 03:30:00.426,n,174.05944,2.544281,3.44,174,998.94792,999.1,998.9,99.800528,99.8,99.8,22.421082,22.5,22.3,0,10.897186
2026/09/04 03:40:00.425,n,168.7909,2.161417,3.06,168,998.94656,999.1,998.9,99.800528,99.8,99.8,22.377814,22.4,22.3,0,10.602668
2026/09/04 03:50:00.425,n,164.9795,1.567734,2.48,153,998.97848,999.1,998.9,99.796464,99.8,99.7,22.250216,22.4,22.1,0,10.897186
2026/09/04 04:00:00.430,n,128.88026,1.897717,2.75,125,998.95016,999.1,998.9,99.699472,99.7,99.7,22.46936,22.6,22.3,0,10.455408
2026/09/04 04:10:00.432,n,136.59216,1.838451,2.6,127,999.00608,999.1,999,99.767344,99.8,99.7,22.413436,22.5,22.3,0,10.897186
2026/09/04 04:20:00.438,n,131.19728,1.78325,2.54,139,998.87472,999,998.7,99.800528,99.8,99.8,22.357018,22.4,22.3,0,10.455408
2026/09/04 04:30:00.455,n,126.91222,2.008016,2.84,127,998.7236,998.8,998.7,99.800528,99.8,99.8,22.27894,22.4,22.2,0,10.749928
2026/09/04 04:40:00.425,n,143.12158,1.664033,2.33,146,998.77104,998.8,998.7,99.800528,99.8,99.8,22.209918,22.3,22.1,0,10.897186
2026/09/04 04:50:00.427,n,153.17082,2.270116,3.01,164,998.61792,998.7,998.5,99.800528,99.8,99.8,22.11607,22.2,22.1,0,10.897186
2026/09/04 05:00:00.428,n,182.62652,2.523051,3.12,194,998.9472,999.1,998.7,99.800528,99.8,99.8,22.095476,22.2,22,0,10.897186
2026/09/04 05:10:00.428,n,192.02112,2.150419,3.17,192,999.1652,999.3,999,99.800528,99.8,99.8,22.195676,22.3,22,0,10.897186
2026/09/04 05:20:00.427,n,158.06134,1.931533,3.38,126,999.05088,999.1,999,99.800528,99.8,99.8,22.28554,22.3,22.2,0,10.455408
2026/09/04 05:30:00.430,n,126.41402,2.290284,3.66,132,998.95296,999,998.9,99.800528,99.8,99.8,22.179282,22.3,22.1,0,10.897186
2026/09/04 05:40:00.432,n,160.59468,2.952117,5.74,179,999.16024,999.3,999,99.800528,99.8,99.8,22.142236,22.3,22,0,10.897186
2026/09/04 05:50:00.438,n,178.46914,3.358618,5.84,166,999.24752,999.6,999.1,99.800528,99.8,99.8,22.229664,22.3,22.1,0,10.455408
2026/09/04 06:00:00.444,n,182.27056,1.487067,3.01,187,999.70328,999.8,999.5,99.800528,99.8,99.8,22.350044,22.4,22.2,0,10.897186
2026/09/04 06:10:00.426,n,175.96946,3.059335,5.53,180,999.49096,999.6,999.3,99.800528,99.8,99.8,22.296246,22.4,22.2,0,10.897186
2026/09/04 06:20:00.427,n,172.02282,4.192567,5.39,172,999.3952,999.6,999.3,99.800528,99.8,99.8,22.208118,22.3,22.1,0,10.455408
2026/09/04 06:30:00.427,n,173.9233,3.002417,4.48,176,999.80168,999.9,999.5,99.800528,99.8,99.8,22.20095,22.3,22.1,0,10.897186
2026/09/04 06:40:00.426,n,188.08328,3.020483,4.86,194,999.93176,1000,999.8,99.800528,99.8,99.8,22.27309,22.4,22.2,0,10.602668
2026/09/04 06:50:00.427,n,197.55758,3.77558,5.59,203,999.97696,1000.1,999.9,99.800528,99.8,99.8,22.261698,22.4,22.2,0,10.897186
2026/09/04 07:00:00.429,n,180.30088,2.4574,3.44,178,999.76616,1000,999.6,99.800528,99.8,99.8,22.281748,22.4,22.2,0,10.897186
2026/09/04 07:10:00.434,n,155.9553,2.437917,4.65,148,999.8,1000,999.5,99.800528,99.8,99.8,22.327294,22.4,22.2,0,10.602668
2026/09/04 07:20:00.440,n,170.27352,4.094502,5.23,172,999.68,999.9,999.6,99.800528,99.8,99.8,22.366706,22.4,22.3,0,10.897186
2026/09/04 07:30:00.425,n,175.32292,3.797181,6.03,174,1000.0378,1000.1,999.9,99.800528,99.8,99.8,22.387212,22.4,22.2,0,10.897186
2026/09/04 07:40:00.426,n,170.6295,4.602582,6.26,170,1000.101,1000.3,1000,99.800528,99.8,99.8,22.314972,22.5,22.2,0,10.897186
2026/09/04 07:50:00.430,n,174.57822,4.340517,6.17,173,1000.2684,1000.4,1000.2,99.800528,99.8,99.8,22.283144,22.4,22.2,0,10.897186
2026/09/04 08:00:00.426,n,175.59026,3.786716,5.92,164,1000.3636,1000.6,1000,99.800528,99.8,99.8,22.385434,22.5,22.3,0,10.897186
2026/09/04 08:10:00.425,n,151.94492,5.018282,6.71,158,999.81472,1000,999.6,99.73012,99.8,99.7,22.36633,22.5,22.3,0,10.897186
2026/09/04 08:20:00.425,n,163.80678,3.274149,5.76,136,999.88944,1000.2,999.5,99.699472,99.7,99.7,22.29513,22.4,22.2,0,10.897186
2026/09/04 08:30:00.426,n,159.60266,1.03215,2.85,144,1000.0236,1000.2,999.8,99.707096,99.8,99.7,22.34877,22.5,22.2,0,10.602668
2026/09/04 08:40:00.435,n,152.98416,3.284751,5.21,154,999.87304,1000.2,999.7,99.699472,99.7,99.7,22.359414,22.5,22.3,0,10.897186
2026/09/04 08:50:00.436,n,188.18142,0.911267,2.41,189,1000.3246,1000.4,1000.1,99.699472,99.7,99.7,22.52664,22.6,22.4,0,10.602668
2026/09/04 09:00:00.440,n,183.7282,2.315034,3.27,179,1000.1534,1000.3,1000,99.699472,99.7,99.7,22.527474,22.6,22.5,0,10.897186
2026/09/04 09:10:00.429,n,136.84648,0.881,2.47,152,1000.071,1000.2,1000,99.699472,99.7,99.7,22.621016,22.7,22.5,0,10.602668
2026/09/04 09:20:00.425,n,142.82776,2.5577,3.36,134,999.85032,1000,999.7,99.699472,99.7,99.7,22.590724,22.7,22.5,0,10.897186
2026/09/04 09:30:00.427,n,112.82346,2.790166,4.36,125,999.7008,999.9,999.5,99.699472,99.7,99.7,22.555288,22.7,22.5,0,10.897186
2026/09/04 09:40:00.426,n,142.19024,3.171916,4.62,139,999.5496,999.6,999.4,99.734,99.8,99.7,22.486024,22.6,22.4,0,11.044446
2026/09/04 09:50:00.426,n,204.17856,1.845584,4.75,149,999.75416,999.8,999.5,99.742648,99.8,99.7,22.532578,22.7,22.4,0,11.044446
2026/09/04 10:00:00.429,n,275.37506,0.6247,1.58,215,999.80632,999.9,999.6,99.699472,99.7,99.7,22.63678,22.7,22.5,0,10.749928
2026/09/04 10:10:00.433,n,202.77648,0.897484,1.7,180,999.42656,999.6,999.3,99.699472,99.7,99.7,22.690584,22.9,22.6,0,11.044446
2026/09/04 10:20:00.433,n,33.819048,1.775884,2.87,80,999.19064,999.3,999,99.699472,99.7,99.7,22.87108,23,22.7,0,10.897186
2026/09/04 10:30:00.438,n,60.370216,2.114751,3.5,52,999.28072,999.4,999.1,99.699472,99.7,99.7,23.058596,23.2,22.9,0,11.338964
2026/09/04 10:40:00.423,n,42.4039,2.274501,3.56,49,999.16704,999.4,999,99.699472,99.7,99.7,23.232494,23.4,23.1,0,11.486222
2026/09/04 10:50:00.426,n,32.381924,1.421783,2.76,34,998.90048,999.1,998.8,99.699472,99.7,99.7,23.566368,23.7,23.3,0,11.486222
2026/09/04 11:00:00.427,n,53.050152,1.113883,2.43,77,998.67832,998.8,998.6,99.699472,99.7,99.7,23.940596,24.2,23.7,0,11.633482
2026/09/04 11:10:00.427,n,346.19444,1.928665,3.26,324,998.80368,998.9,998.7,99.699472,99.7,99.7,24.099308,24.2,24,0,11.633482
2026/09/04 11:20:00.428,n,333.9228,1.941383,4.17,355,998.7748,998.9,998.6,99.699472,99.7,99.7,24.24713,24.4,24.1,0,11.486222
2026/09/04 11:30:00.427,n,334.06476,4.299033,6.22,331,998.79248,999,998.5,99.699472,99.7,99.7,24.223078,24.4,24.1,0,11.633482
2026/09/04 11:40:00.427,n,331.55908,4.389718,6.46,320,998.96872,999.1,998.9,99.699472,99.7,99.7,24.229212,24.4,24.2,0,11.486222
2026/09/04 11:50:00.431,n,326.7077,4.662167,6.2,325,999.13512,999.3,999,99.699472,99.7,99.7,24.298816,24.4,24.1,0,11.338964
2026/09/04 12:00:00.436,n,323.9087,3.245498,5.45,330,998.9584,999.1,998.9,99.699472,99.7,99.7,24.246556,24.4,24.2,0,11.486222
2026/09/04 12:10:00.427,n,301.91648,1.764167,3.2,303,998.912,999,998.8,99.699472,99.7,99.7,24.295732,24.4,24.1,0,11.486222
2026/09/04 12:20:00.427,n,277.66898,1.443951,2.25,280,998.96328,999,998.9,99.701504,99.8,99.7,24.43434,24.6,24.4,0,11.486222
2026/09/04 12:30:00.430,n,201.98916,2.034684,3.75,191,998.852,999,998.7,99.701472,99.8,99.7,24.486066,24.6,24.4,0,11.338964
2026/09/04 12:40:00.426,n,212.14032,2.725034,5.08,194,999.15744,999.3,998.9,99.699472,99.7,99.7,24.399008,24.5,24.2,0,11.191704
2026/09/04 12:50:00.428,n,188.71956,3.543001,5.09,166,999.08248,999.3,998.9,99.699472,99.7,99.7,24.046062,24.3,23.9,0,10.897186
2026/09/04 13:00:00.427,n,199.27282,3.1951,4.12,222,999.26616,999.3,999.2,99.699472,99.7,99.7,23.892564,24,23.8,0,11.191704
2026/09/04 13:10:00.428,n,208.80534,3.679031,4.58,214,999.33296,999.4,999.2,99.699472,99.7,99.7,23.834078,23.9,23.6,0,11.191704
2026/09/04 13:20:00.430,n,210.57358,3.541733,4.98,215,999.41208,999.5,999.3,99.7054,99.8,99.7,23.931038,24,23.7,0,10.897186
2026/09/04 13:30:00.434,n,189.83606,2.742166,4.29,187,999.09608,999.3,998.9,99.699472,99.7,99.7,23.80196,24,23.7,0,11.191704
2026/09/04 13:40:00.425,n,234.31476,1.283833,2.82,205,998.90032,999,998.8,99.701136,99.8,99.7,23.829428,23.9,23.7,0,11.191704
2026/09/04 13:50:00.424,n,206.40736,2.372817,4.54,153,998.782,999,998.6,99.742984,99.8,99.7,23.837012,24,23.7,0,11.044446
2026/09/04 14:00:00.443,n,210.93212,1.93555,3.27,216,998.87728,998.9,998.8,99.699472,99.7,99.7,23.73868,23.9,23.6,0,11.191704
2026/09/04 14:10:00.434,n,167.39796,1.939567,2.79,122,998.32944,998.8,998.1,99.699472,99.7,99.7,23.624006,23.8,23.4,0,11.191704
2026/09/04 14:20:00.428,n,134.30858,1.21875,2.24,127,998.4164,998.5,998.2,99.699472,99.7,99.7,23.481292,23.6,23.4,0,11.191704
2026/09/04 14:30:00.427,n,166.69014,1.486683,2.17,169,998.40104,998.5,998.3,99.699472,99.7,99.7,23.43863,23.5,23.3,0,11.191704
2026/09/04 14:40:00.427,n,184.05082,2.169267,3.5,170,998.18992,998.3,998.1,99.699472,99.7,99.7,23.453546,23.5,23.4,0,11.044446
2026/09/04 14:50:00.428,n,171.19764,3.564218,4.56,165,997.9004,998.1,997.6,99.699472,99.7,99.7,23.381772,23.6,23.2,0,11.044446
2026/09/04 15:00:00.432,n,168.84214,4.429849,6.2,176,997.61024,998,997.4,99.699472,99.7,99.7,23.263296,23.4,23.2,0,11.044446
2026/09/04 15:10:00.430,n,208.00036,2.906083,4.63,228,998.49968,998.9,997.9,99.699472,99.7,99.7,23.263828,23.4,23.2,0,11.044446
2026/09/04 15:20:00.427,n,243.46826,2.11555,3.81,238,999.0048,999.1,998.9,99.699472,99.7,99.7,23.38971,23.5,23.3,0,10.749928
2026/09/04 15:30:00.427,n,249.65922,2.050165,3.45,220,999.16512,999.3,999,99.751616,99.8,99.7,23.57537,23.8,23.2,0,10.897186
2026/09/04 15:40:00.427,n,212.36218,2.008267,3.48,192,999.13968,999.3,998.9,99.716568,99.8,99.7,23.665,23.8,23.6,0,11.044446
2026/09/04 15:50:00.432,n,179.25276,3.083598,4.1,180,998.834,998.9,998.8,99.713296,99.8,99.7,23.443998,23.6,23.3,0,10.602668
2026/09/04 16:00:00.437,n,180.83906,3.728547,5.1,181,998.55656,998.8,998.4,99.706584,99.8,99.7,23.297764,23.4,23.2,0,10.897186
2026/09/04 16:10:00.426,n,174.97442,2.675717,4.4,194,998.47112,998.5,998.4,99.699472,99.7,99.7,23.183902,23.3,23.1,0,10.897186
2026/09/04 16:20:00.429,n,192.13784,3.075849,4.74,191,998.31832,998.5,998.2,99.699472,99.7,99.7,23.099064,23.2,23,0,10.897186
2026/09/04 16:30:00.430,n,201.15606,3.061649,4.77,206,998.4224,998.5,998.3,99.699472,99.7,99.7,22.981588,23.1,22.9,0,10.897186
2026/09/04 16:40:00.427,n,197.38492,2.157517,4.03,199,998.54136,998.7,998.4,99.699472,99.7,99.7,22.937952,23,22.9,0,10.602668
2026/09/04 16:50:00.426,n,169.91038,1.705333,3.77,133,998.58048,998.7,998.5,99.699472,99.7,99.7,22.993736,23.1,22.9,0,10.897186
2026/09/04 17:00:00.425,n,139.37394,3.123983,4.38,133,998.46408,998.6,998.4,99.699472,99.7,99.7,22.837374,23,22.7,0,10.897186
2026/09/04 17:10:00.427,n,137.68344,3.924933,5.51,134,998.37632,998.6,998.1,99.699472,99.7,99.7,22.701234,22.8,22.5,0,10.602668
2026/09/04 17:20:00.431,n,133.90248,4.546099,6.09,143,998.048,998.2,998,99.699472,99.7,99.7,22.658126,22.8,22.5,0,10.897186
2026/09/04 17:30:00.439,n,148.35816,3.32595,5.95,142,998.23144,998.7,998,99.699472,99.7,99.7,22.63176,22.7,22.6,0,10.897186
2026/09/04 17:40:00.427,n,145.17256,0.507933,1.99,148,998.78512,998.9,998.6,99.699472,99.7,99.7,22.651752,22.7,22.5,0,10.602668
2026/09/04 17:50:00.426,n,133.64276,1.298567,2.27,133,998.4028,998.7,998.1,99.699472,99.7,99.7,22.65458,22.8,22.5,0,10.455408
2026/09/04 18:00:00.429,n,121.15506,1.686533,2.68,133,998.00856,998.1,997.9,99.699472,99.7,99.7,22.599572,22.7,22.5,0,10.897186
2026/09/04 18:10:00.426,n,122.42128,0.741683,1.11,124,998.1024,998.2,998,99.699472,99.7,99.7,22.443628,22.6,22.3,0,10.897186
2026/09/04 18:20:00.427,n,121.69412,2.086817,3.48,105,997.81592,998.1,997.6,99.699472,99.7,99.7,22.49521,22.6,22.4,0,10.897186
2026/09/04 18:30:00.424,n,62.62496,1.212217,3.12,96,998.04464,998.3,997.7,99.699472,99.7,99.7,22.394682,22.6,22.3,0,10.897186
2026/09/04 18:40:00.424,n,85.37988,0.929617,1.76,120,998.33376,998.4,998.2,99.699472,99.7,99.7,22.38554,22.5,22.3,0,10.897186
2026/09/04 18:50:00.430,n,137.94688,2.667668,3.52,140,998.03304,998.3,997.9,99.699472,99.7,99.7,22.54409,22.6,22.5,0,10.749928
2026/09/04 19:00:00.436,n,180.40696,2.111451,2.98,183,998.16288,998.3,998,99.699472,99.7,99.7,22.447044,22.6,22.3,0,10.897186
2026/09/04 19:10:00.427,n,208.97828,2.0919,3.34,198,998.56584,998.7,998.3,99.699472,99.7,99.7,22.474656,22.5,22.4,0,10.897186
2026/09/04 19:20:00.427,n,179.46224,2.621867,3.48,202,998.686,998.8,998.5,99.699472,99.7,99.7,22.465416,22.6,22.4,0,10.897186
2026/09/04 19:30:00.428,n,178.69102,2.660216,4,174,998.69352,998.8,998.6,99.699472,99.7,99.7,22.384924,22.5,22.3,0,10.455408
2026/09/04 19:40:00.426,n,168.3925,3.811035,5.58,160,998.3032,998.6,998.1,99.699472,99.7,99.7,22.32686,22.5,22.2,0,10.897186
2026/09/04 19:50:00.427,n,169.79814,3.122252,4.51,167,998.4552,998.6,998.1,99.699472,99.7,99.7,22.276458,22.3,22.1,0,10.455408
2026/09/04 20:00:00.425,n,164.69006,2.555533,3.56,167,998.60208,998.7,998.6,99.699472,99.7,99.7,22.148774,22.2,22.1,0,10.897186
2026/09/04 20:10:00.425,n,135.84766,1.915868,3.53,144,998.666,998.8,998.5,99.699472,99.7,99.7,22.139282,22.2,22,0,10.897186
2026/09/04 20:20:00.432,n,169.36456,0.947633,2.09,157,998.92688,999.1,998.7,99.699472,99.7,99.7,22.136082,22.3,22,0,10.455408
2026/09/04 20:30:00.432,n,151.46644,2.359484,3.06,148,998.80832,999,998.7,99.699472,99.7,99.7,22.125604,22.2,22,0,10.602668
2026/09/04 20:40:00.435,n,137.72452,1.108999,2.32,141,998.99792,999.2,998.8,99.699472,99.7,99.7,22.131342,22.3,21.9,0,10.897186
2026/09/04 20:50:00.429,n,164.60344,1.412551,2.32,151,999.20168,999.5,999,99.699472,99.7,99.7,22.103564,22.2,22,0,10.897186
2026/09/04 21:00:00.431,n,219.95906,1.536683,2.13,233,999.51656,999.6,999.4,99.699472,99.7,99.7,22.243164,22.4,22.1,0,10.749928
2026/09/04 21:10:00.426,n,155.98766,2.534201,3.68,155,999.16464,999.5,999,99.699472,99.7,99.7,22.425622,22.5,22.4,0,10.455408
2026/09/04 21:20:00.426,n,135.88864,4.426835,6.45,148,998.80072,999.1,998.5,99.699472,99.7,99.7,22.23313,22.4,22.1,0,10.897186
2026/09/04 21:30:00.428,n,127.69114,3.542017,6.37,141,998.63312,998.7,998.5,99.699472,99.7,99.7,22.159968,22.3,22,0,10.897186
2026/09/04 21:40:00.425,n,125.07272,2.758118,4.04,125,998.57016,998.7,998.5,99.699472,99.7,99.7,22.022644,22.1,22,0,10.897186
2026/09/04 21:50:00.427,n,175.2552,1.936334,2.55,158,998.68176,998.8,998.5,99.699472,99.7,99.7,22.150688,22.3,21.9,0,10.749928
2026/09/04 22:00:00.430,n,160.77008,2.16575,3.13,154,998.6216,998.8,998.4,99.699472,99.7,99.7,22.079404,22.1,22,0,10.455408
2026/09/04 22:10:00.433,n,160.49334,2.910051,5.07,148,998.6352,998.8,998.4,99.699472,99.7,99.7,21.939108,22.1,21.8,0,10.897186
2026/09/04 22:20:00.435,n,171.23956,2.016934,3.43,184,998.57352,998.7,998.4,99.740608,99.8,99.7,21.921416,22,21.8,0,10.897186
2026/09/04 22:30:00.442,n,182.87528,2.629466,3.72,178,998.43136,998.6,998.3,99.800528,99.8,99.8,21.853372,21.9,21.8,0,10.602668
2026/09/04 22:40:00.426,n,223.72004,2.080533,3.24,236,998.85672,999,998.6,99.800528,99.8,99.8,21.893386,22,21.8,0,10.897186
2026/09/04 22:50:00.426,n,219.6094,2.447501,3.43,216,998.90168,999,998.8,99.79816,99.8,99.7,21.829792,22,21.8,0,10.897186
2026/09/04 23:00:00.428,n,175.8507,2.917601,3.93,167,998.74088,999.1,998.6,99.699472,99.7,99.7,21.915286,22,21.9,0,10.455408
2026/09/04 23:10:00.427,n,168.67648,2.346933,3.92,165,998.8224,999,998.7,99.709288,99.8,99.7,21.841552,21.9,21.7,0,10.897186
2026/09/04 23:20:00.426,n,170.70158,2.466083,3.24,180,998.68512,998.8,998.5,99.800528,99.8,99.8,21.77896,21.9,21.7,0,10.897186
2026/09/04 23:30:00.429,n,164.85648,1.262283,2.57,169,998.62384,998.9,998.5,99.800528,99.8,99.8,21.754302,21.9,21.7,0,10.602668
2026/09/04 23:40:00.432,n,155.17706,1.983649,3.13,153,998.86352,999,998.8,99.800528,99.8,99.8,21.741386,21.8,21.6,0,10.455408
2026/09/04 23:50:00.439,n,167.72898,1.73055,2.65,158,998.79792,999,998.6,99.800528,99.8,99.8,21.662066,21.7,21.6,0,10.897186
2026/09/05 00:00:00.439,n,179.9971,2.267551,3.26,166,998.87336,999,998.7,99.800528,99.8,99.8,21.703438,21.8,21.6,0,10.455408
2026/09/05 00:10:00.428,n,148.51014,2.6979,3.7,143,998.64296,998.7,998.5,99.800528,99.8,99.8,21.66237,21.8,21.5,0,10.455408
2026/09/05 00:20:00.426,n,138.04588,3.102017,4.21,141,998.44504,998.6,998.4,99.800528,99.8,99.8,21.45182,21.5,21.4,0,10.455408
2026/09/05 00:30:00.430,n,153.55876,2.412466,3.3,178,998.48456,998.7,998.4,99.800528,99.8,99.8,21.588736,21.6,21.5,0,10.455408
2026/09/05 00:40:00.427,n,172.73816,1.97065,3.3,177,998.67704,998.8,998.5,99.800528,99.8,99.8,21.559602,21.6,21.5,0,10.749928
2026/09/05 00:50:00.425,n,162.522,1.257033,2.55,150,998.57416,998.6,998.5,99.800528,99.8,99.8,21.452352,21.6,21.3,0,10.897186
2026/09/05 01:00:00.428,n,165.5767,2.581467,3.58,163,998.6692,998.9,998.4,99.800528,99.8,99.8,21.417452,21.6,21.3,0,10.897186
2026/09/05 01:10:00.433,n,198.42054,1.759101,3.33,180,998.852,999,998.7,99.713448,99.8,99.7,21.427974,21.6,21.3,0,10.455408
2026/09/05 01:20:00.437,n,174.65736,2.29005,3.38,161,998.7232,999,998.6,99.727736,99.8,99.7,21.544722,21.6,21.4,0,10.897186
2026/09/05 01:30:00.443,n,180.01438,2.823147,5.04,181,998.76224,999,998.5,99.800528,99.8,99.8,21.413058,21.5,21.4,0,10.897186
2026/09/05 01:40:00.427,n,185.5252,3.303998,5.33,172,998.82224,999,998.7,99.800528,99.8,99.8,21.34691,21.4,21.2,0,10.897186
2026/09/05 01:50:00.427,n,181.14142,3.031735,4.4,190,998.71096,998.9,998.6,99.800528,99.8,99.8,21.287594,21.4,21.2,0,10.897186
2026/09/05 02:00:00.425,n,190.12662,2.673682,3.67,199,998.79496,998.9,998.6,99.7616,99.8,99.7,21.235212,21.3,21.2,0,10.455408
2026/09/05 02:10:00.426,n,186.90064,2.5095,3.98,211,998.88424,998.9,998.8,99.699472,99.7,99.7,21.289722,21.4,21.2,0,10.897186
2026/09/05 02:20:00.430,n,185.46848,2.679353,3.93,197,998.70376,998.8,998.6,99.699472,99.7,99.7,21.274198,21.3,21.2,0,10.897186
2026/09/05 02:30:00.432,n,185.92514,2.574551,4.71,180,998.71256,998.8,998.6,99.699472,99.7,99.7,21.306568,21.4,21.2,0,10.455408
2026/09/05 02:40:00.436,n,187.18844,3.362401,5.03,195,998.63312,998.7,998.6,99.699472,99.7,99.7,21.259946,21.3,21.2,0,10.749928
2026/09/05 02:50:00.425,n,185.32474,2.614799,4.37,187,998.55864,998.7,998.5,99.699472,99.7,99.7,21.173382,21.3,21.1,0,10.455408
2026/09/05 03:00:00.427,n,184.50648,2.285048,3.87,197,998.5576,998.6,998.5,99.699472,99.7,99.7,21.198108,21.2,21.1,0,10.749928
2026/09/05 03:10:00.426,n,175.79856,2.419701,3.33,187,998.62872,998.7,998.6,99.699472,99.7,99.7,21.1926,21.3,21.1,0,10.308148
2026/09/05 03:20:00.427,n,170.70128,2.912667,3.41,168,998.59824,998.7,998.5,99.699472,99.7,99.7,21.14977,21.2,21,0,10.455408
2026/09/05 03:30:00.426,n,164.9867,2.889234,3.6,158,998.68264,998.7,998.6,99.699472,99.7,99.7,20.930066,21.1,20.8,0,10.897186
2026/09/05 03:40:00.425,n,154.51138,3.050502,3.83,157,998.64584,998.7,998.6,99.699472,99.7,99.7,20.777808,20.9,20.7,0,10.897186
2026/09/05 03:50:00.428,n,146.07608,2.499966,3.35,158,998.62352,998.7,998.6,99.699472,99.7,99.7,20.659594,20.8,20.5,0,10.897186
2026/09/05 04:00:00.431,n,165.47546,3.06955,3.68,165,998.60352,998.7,998.6,99.699472,99.7,99.7,20.75727,20.9,20.5,0,10.897186
2026/09/05 04:10:00.438,n,157.69378,1.922567,2.66,161,998.68864,998.7,998.6,99.699472,99.7,99.7,20.666592,20.8,20.5,0,10.897186
2026/09/05 04:20:00.427,n,168.682,2.0207,2.44,162,998.76144,998.8,998.7,99.699472,99.7,99.7,20.742134,20.8,20.6,0,10.749928
2026/09/05 04:30:00.429,n,162.30622,2.191499,2.79,167,998.7612,998.8,998.7,99.699472,99.7,99.7,20.650424,20.8,20.6,0,10.749928
2026/09/05 04:40:00.427,n,171.24488,2.180099,2.75,180,998.7996,998.8,998.7,99.699472,99.7,99.7,20.555864,20.6,20.5,0,10.455408
2026/09/05 04:50:00.426,n,189.13716,2.448649,3.62,195,998.73736,998.9,998.7,99.699472,99.7,99.7,20.443354,20.5,20.4,0,10.897186
2026/09/05 05:00:00.427,n,185.44674,2.457583,4.1,188,998.71728,998.9,998.6,99.699472,99.7,99.7,20.400418,20.5,20.4,0,10.455408
2026/09/05 05:10:00.424,n,179.7195,2.721267,3.72,181,998.60176,998.7,998.5,99.699472,99.7,99.7,20.422834,20.5,20.4,0,10.897186
2026/09/05 05:20:00.426,n,183.36582,2.028433,3.11,165,998.62112,998.7,998.6,99.699472,99.7,99.7,20.42192,20.5,20.4,0,10.897186
2026/09/05 05:30:00.430,n,178.76754,2.501467,3.24,176,998.69712,998.8,998.7,99.699472,99.7,99.7,20.413028,20.5,20.3,0,10.897186
2026/09/05 05:40:00.435,n,167.7702,2.813548,3.61,163,998.78152,999,998.7,99.699472,99.7,99.7,20.435108,20.5,20.4,0,10.749928
2026/09/05 05:50:00.427,n,162.77772,2.646033,3.79,159,998.92208,999,998.8,99.699472,99.7,99.7,20.334136,20.4,20.2,0,10.749928
2026/09/05 06:00:00.428,n,158.20218,2.90395,3.84,157,999.08072,999.2,999,99.699472,99.7,99.7,20.012844,20.2,19.9,0,10.897186
2026/09/05 06:10:00.429,n,161.45912,2.503648,3.06,154,999.25976,999.3,999.2,99.699472,99.7,99.7,20.064086,20.1,20,0,10.602668
2026/09/05 06:20:00.425,n,162.12872,2.885684,3.78,161,999.31168,999.4,999.3,99.699472,99.7,99.7,20.102754,20.2,20.1,0,10.602668
2026/09/05 06:30:00.427,n,164.96514,2.773583,3.55,171,999.34256,999.5,999.3,99.699472,99.7,99.7,20.08129,20.2,20,0,10.602668
2026/09/05 06:40:00.430,n,160.18818,2.553883,3.29,170,999.43528,999.5,999.4,99.718944,99.8,99.7,20.146616,20.3,20,0,11.044446
2026/09/05 06:50:00.432,n,159.9664,3.381565,4.83,157,999.57152,999.7,999.5,99.800528,99.8,99.8,20.227532,20.3,20.1,0,10.749928
2026/09/05 07:00:00.435,n,160.6518,3.11015,4.23,161,999.61776,999.7,999.6,99.753816,99.8,99.7,20.34487,20.6,20.2,0,10.897186
2026/09/05 07:10:00.439,n,157.90608,2.597368,4.2,173,999.61808,999.7,999.5,99.699472,99.7,99.7,20.667522,20.8,20.5,0,10.897186
2026/09/05 07:20:00.427,n,141.75348,2.117717,3.71,156,999.58624,999.7,999.5,99.699472,99.7,99.7,21.03884,21.4,20.8,0,10.897186
2026/09/05 07:30:00.428,n,111.54674,1.930067,2.75,75,999.51016,999.6,999.4,99.699472,99.7,99.7,21.290864,21.6,21.1,0,11.338964
2026/09/05 07:40:00.426,n,107.67478,1.381084,2.88,73,999.41304,999.5,999.4,99.705736,99.8,99.7,22.108238,22.5,21.6,0,11.633482
2026/09/05 07:50:00.427,n,122.28586,1.975583,3.33,101,999.49008,999.5,999.4,99.708448,99.8,99.7,22.310896,22.5,22.1,0,11.928
2026/09/05 08:00:00.426,n,135.2281,2.503699,3.68,156,999.48984,999.6,999.4,99.699472,99.7,99.7,22.138782,22.3,22,0,12.07526
2026/09/05 08:10:00.425,n,121.54686,2.206084,3.56,127,999.48232,999.6,999.4,99.699472,99.7,99.7,22.189886,22.4,22,0,12.07526
2026/09/05 08:20:00.428,n,138.1972,1.948216,3.14,173,999.46968,999.5,999.4,99.699472,99.7,99.7,22.399032,22.7,22.2,0,12.22252
2026/09/05 08:30:00.431,n,101.05178,1.7125,3.49,109,999.35776,999.5,999.3,99.7516,99.8,99.7,22.825202,23.1,22.6,0,12.22252
2026/09/05 08:40:00.436,n,96.086872,1.53315,2.85,84,999.29984,999.3,999.2,99.797992,99.8,99.7,23.104354,23.5,22.9,0,12.07526
2026/09/05 08:50:00.426,n,95.910384,1.39185,3.03,99,999.40584,999.5,999.2,99.793224,99.8,99.7,23.277416,23.5,22.9,0,12.07526
2026/09/05 09:00:00.428,n,136.61464,2.221816,3.8,138,999.51832,999.6,999.5,99.756512,99.8,99.7,23.081162,23.3,23,0,11.633482
2026/09/05 09:10:00.425,n,120.56686,1.881533,3.65,116,999.55288,999.6,999.5,99.800192,99.8,99.7,23.26717,23.7,23.1,0,12.07526
2026/09/05 09:20:00.427,n,124.94664,1.893133,3.51,72,999.4896,999.6,999.4,99.800528,99.8,99.8,23.86412,24.2,23.6,0,12.36978
2026/09/05 09:30:00.425,n,140.91064,1.407334,3.32,131,999.43192,999.5,999.3,99.800528,99.8,99.8,24.321496,24.7,24.1,0,11.486222
2026/09/05 09:40:00.425,n,66.946052,1.26005,3.3,120,999.39064,999.4,999.3,99.800528,99.8,99.8,24.43852,24.8,24.2,0,12.36978
2026/09/05 09:50:00.427,n,47.761628,1.563284,2.88,44,999.36808,999.5,999.3,99.800528,99.8,99.8,24.167968,24.5,24,0,12.22252
2026/09/05 10:00:00.429,n,358.77092,1.009833,2.01,6,999.44824,999.5,999.4,99.800528,99.8,99.8,24.658266,24.8,24.4,0,11.633482
2026/09/05 10:10:00.431,n,344.1922,1.285217,2.13,349,999.33656,999.4,999.2,99.800528,99.8,99.8,24.42729,24.6,24.3,0,12.36978
2026/09/05 10:20:00.438,n,356.92012,1.044617,2.19,358,999.29688,999.3,999.2,99.800528,99.8,99.8,24.766062,25,24.5,0,11.633482
2026/09/05 10:30:00.440,n,338.93856,1.032366,2.12,334,999.20256,999.3,999.1,99.806224,99.9,99.8,24.906542,25,24.8,0,11.633482
2026/09/05 10:40:00.424,n,10.249132,1.082784,2,346,999.08272,999.2,999,99.837656,99.9,99.8,24.95929,25.1,24.8,0,12.517038
2026/09/05 10:50:00.427,n,357.3258,1.0649,2.04,335,999.03144,999.1,999,99.898272,99.9,99.8,25.275852,25.5,25.1,0,12.517038
2026/09/05 11:00:00.429,n,348.4072,1.3175,2.35,342,998.92672,999,998.8,99.89944,99.9,99.9,25.233038,25.5,25.1,0,12.517038
2026/09/05 11:10:00.425,n,340.34012,1.0703,2.03,343,998.814,998.9,998.8,99.89944,99.9,99.9,25.869094,26.1,25.5,0,12.07526
2026/09/05 11:20:00.425,n,332.44568,1.2529,2.53,314,998.67144,998.8,998.6,99.898792,99.9,99.8,25.897246,26.2,25.5,0,11.633482
2026/09/05 11:30:00.425,n,331.46912,1.973817,3.14,320,998.56888,998.6,998.5,99.852656,99.9,99.8,25.298848,25.6,25.1,0,12.517038
2026/09/05 11:40:00.427,n,320.1155,1.945882,3.13,314,998.47592,998.5,998.4,99.806712,99.9,99.8,25.366342,25.7,25,0,12.22252
2026/09/05 11:50:00.431,n,333.53112,2.1354,3.25,344,998.28392,998.4,998.1,99.816632,99.9,99.8,25.362122,25.9,25.1,0,12.517038
2026/09/05 12:00:00.439,n,347.64012,1.771684,3.05,331,998.17344,998.2,998.1,99.800528,99.8,99.8,25.270386,25.6,25.1,0,11.486222
2026/09/05 12:10:00.425,n,9.392384,0.775866,1.89,16,998.09568,998.2,998,99.870584,99.9,99.8,25.864416,26.1,25.6,0,12.664298
2026/09/05 12:20:00.426,n,340.87596,0.671534,1.72,264,997.98376,998.1,997.9,99.89944,99.9,99.9,26.725086,27.4,26.1,0,12.36978
2026/09/05 12:30:00.425,n,359.5898,0.748449,2.09,342,997.932,998,997.9,99.621736,100,98,27.318742,27.6,27.1,0,11.633482
2026/09/05 12:40:00.424,n,339.64928,0.919067,2.29,321,997.89176,997.9,997.8,99.39216,100,97.1,27.37069,27.6,26.9,0,11.633482
2026/09/05 12:50:00.427,n,342.49012,1.288234,2.13,345,997.81,997.9,997.8,99.89944,99.9,99.9,26.758362,26.9,26.6,0,12.36978
2026/09/05 13:00:00.430,n,332.85022,1.538317,2.43,332,997.72568,997.8,997.6,99.89944,99.9,99.9,26.715726,26.8,26.6,0,12.517038
2026/09/05 13:10:00.433,n,331.41198,1.9417,2.9,331,997.69472,997.8,997.6,99.89944,99.9,99.9,26.845728,27,26.7,0,11.633482
2026/09/05 13:20:00.441,n,327.15258,2.14235,3.35,326,997.72176,997.8,997.7,99.601144,100,94.9,27.028454,27.3,26.8,0,11.486222
2026/09/05 13:30:00.426,n,336.58664,2.155616,3.14,330,997.65272,997.7,997.6,98.06732,100,91.4,27.195768,27.3,27.1,0,11.633482
2026/09/05 13:40:00.424,n,345.9508,2.206067,3.27,355,997.53608,997.6,997.5,99.70476,100,97.3,27.02932,27.1,26.9,0,11.633482
2026/09/05 13:50:00.425,n,358.85132,2.655532,3.84,346,997.50632,997.6,997.4,99.652904,100,96.6,27.057912,27.3,26.9,0,12.07526
2026/09/05 14:00:00.424,n,345.4438,3.213301,5.68,344,997.45048,997.5,997.3,92.53236,100,82.2,27.609482,27.8,27.3,0,11.486222
2026/09/05 14:10:00.425,n,349.17516,3.998001,5.73,352,997.3876,997.5,997.3,88.506976,100,75.9,27.742158,27.9,27.6,0,12.36978
2026/09/05 14:20:00.427,n,344.3662,4.903533,6.35,345,997.33104,997.4,997.2,78.291696,93.1,70,27.986848,28.1,27.8,0,11.633482
2026/09/05 14:30:00.430,n,343.71324,5.614116,7.52,328,997.204,997.3,997.1,78.676872,89.5,71.5,28.025086,28.1,28,0,11.633482
2026/09/05 14:40:00.433,n,337.19152,6.0435,7.91,338,997.15552,997.3,997,78.556336,96.5,72.8,27.917956,28,27.9,0,11.633482
2026/09/05 14:50:00.435,n,337.80004,6.553501,8.51,337,997.10024,997.2,997,81.37164,91.2,74.9,27.870076,28,27.8,0,11.486222
2026/09/05 15:00:00.439,n,335.99092,7.074032,8.5,333,997.01016,997.1,996.9,82.55116,96.1,74.4,27.811906,27.9,27.7,0,12.07526
2026/09/05 15:10:00.426,n,336.20308,7.667103,9.45,337,996.9736,997.1,996.8,83.445616,94.4,75.8,27.726738,27.8,27.6,0,11.928
2026/09/05 15:20:00.425,n,335.94108,7.961252,9.77,337,996.94352,997,996.8,86.847424,100,78.1,27.64861,27.7,27.6,0,11.928
2026/09/05 15:30:00.423,n,338.08376,8.543568,10.4,338,996.81944,996.9,996.6,87.816976,100,82,27.524824,27.6,27.4,0,11.633482
2026/09/05 15:40:00.427,n,335.2557,8.704598,12.25,339,996.78336,996.9,996.6,85.554616,100,74.6,27.471836,27.5,27.4,0,11.486222
2026/09/05 15:50:00.423,n,331.7732,9.320254,10.69,331,996.70368,996.9,996.6,89.81336,100,78.3,27.338798,27.6,27.2,0,11.633482
2026/09/05 16:00:00.427,n,331.10898,9.466308,11.22,326,996.68488,996.8,996.6,94.7096,100,84.9,27.13785,27.3,27,0,11.486222
2026/09/05 16:10:00.429,n,332.75106,9.780834,11.41,334,996.71712,996.9,996.6,96.797456,100,88.3,26.928026,27.1,26.7,0,11.633482
2026/09/05 16:20:00.431,n,331.3852,9.984852,11.75,325,996.7304,996.9,996.6,98.234184,100,92.6,26.744726,26.9,26.6,0,11.486222
2026/09/05 16:30:00.435,n,329.77252,10.025868,12.1,328,996.7532,996.9,996.6,98.769552,100,91.7,26.682512,26.8,26.6,0,11.338964
2026/09/05 16:40:00.425,n,331.10184,10.550022,14.24,340,996.79728,997,996.6,98.249464,100,90.9,26.606952,26.8,26.5,0,11.486222
2026/09/05 16:50:00.423,n,327.6464,10.750936,12.89,329,996.9036,997.1,996.7,96.705424,100,89.3,26.49998,26.6,26.4,0,11.191704
2026/09/05 17:00:00.425,n,329.29666,10.4843,13.06,332,997.02408,997.4,996.7,98.068216,100,90.2,26.424238,26.5,26.3,0,11.338964
2026/09/05 17:10:00.430,n,328.7937,9.796834,12.06,328,997.25448,997.4,997,99.298456,100,94.2,26.30396,26.5,26.2,0,11.486222
2026/09/05 17:20:00.433,n,330.62436,9.81945,12.11,327,997.24176,997.4,997,99.543744,100,95.8,26.188956,26.3,26.1,0,11.044446
2026/09/05 17:30:00.436,n,329.34012,10.035698,13.69,331,997.07088,997.2,996.9,99.714808,100,96.5,26.057512,26.2,25.9,0,11.191704
2026/09/05 17:40:00.424,n,328.16916,9.75363,12.15,335,997.09568,997.3,996.9,99.756496,100,95.8,25.99591,26.1,25.9,0,11.191704
2026/09/05 17:50:00.423,n,327.72836,9.9726,12.01,322,997.12376,997.3,996.9,99.884672,100,97.7,25.930932,26,25.8,0,11.338964
2026/09/05 18:00:00.429,n,329.11274,10.064418,13.2,318,997.07296,997.3,996.9,99.829096,100,96.3,25.881264,26,25.8,0,11.044446
2026/09/05 18:10:00.426,n,328.22736,10.368032,12.81,327,997.16136,997.4,997,99.819152,100,96.9,25.833474,26,25.7,0,11.044446
2026/09/05 18:20:00.425,n,331.40924,10.595384,13.29,322,997.15888,997.4,997,99.763256,100,97.4,25.815742,25.9,25.7,0,11.191704
2026/09/05 18:30:00.426,n,331.95346,10.188772,12.07,334,997.24456,997.5,997,99.709992,100,96.8,25.7635,25.8,25.7,0,11.191704
2026/09/05 18:40:00.427,n,327.93576,10.04205,12.08,328,997.43624,997.6,997.2,99.658992,100,96.4,25.807922,25.9,25.7,0,10.897186
2026/09/05 18:50:00.427,n,329.57844,9.367398,12.46,324,997.57176,997.7,997.4,99.176944,100,93.5,25.850034,26,25.8,0,11.191704
2026/09/05 19:00:00.429,n,331.59256,9.187332,10.59,341,997.75632,997.9,997.6,99.069272,100,93.5,25.857962,25.9,25.8,0,11.191704
2026/09/05 19:10:00.431,n,331.75904,8.842956,10.91,326,997.90096,998.1,997.7,98.88348,100,93.3,25.899472,26,25.8,0,11.191704
2026/09/05 19:20:00.435,n,329.44424,8.538436,10,329,997.94896,998.1,997.8,98.259184,100,91.4,25.908752,26,25.8,0,11.191704
2026/09/05 19:30:00.440,n,331.12284,8.1947,10.18,326,997.99888,998.2,997.8,99.362376,100,94.1,25.916958,26,25.8,0,11.191704
2026/09/05 19:40:00.423,n,328.392,7.574814,9.09,334,998.21792,998.4,998,98.932136,100,92.9,25.943804,26,25.9,0,10.897186
2026/09/05 19:50:00.428,n,329.34466,7.534914,9.19,327,998.44928,998.6,998.3,97.331784,100,89.9,25.994634,26.1,25.9,0,10.897186
2026/09/05 20:00:00.424,n,333.06842,6.696252,8.49,329,998.63528,998.8,998.5,97.553464,100,92.3,25.919736,26.1,25.8,0,11.191704
2026/09/05 20:10:00.424,n,337.83324,6.271315,8.45,328,998.7896,999,998.6,96.330112,100,91.1,25.983564,26.1,25.9,0,10.897186
2026/09/05 20:20:00.424,n,332.7367,5.478469,7.55,324,998.93968,999.1,998.8,96.219296,100,88.6,26.025252,26.1,25.9,0,11.044446
2026/09/05 20:30:00.427,n,338.83848,4.6891,6.03,342,999.09184,999.2,999,93.957464,100,83.7,26.082294,26.2,26,0,11.191704
2026/09/05 20:40:00.429,n,341.235,4.714502,7.25,348,999.1124,999.2,999,90.412016,97.3,83.6,26.28424,26.4,26.2,0,11.044446
2026/09/05 20:50:00.433,n,335.34594,2.633483,4.63,347,999.3404,999.4,999.2,89.697696,100,84.2,26.271408,26.3,26.1,0,11.191704
2026/09/05 21:00:00.436,n,332.33154,3.089015,4.5,329,999.43304,999.5,999.3,99.845488,99.9,99.8,25.810498,26.1,25.6,0,11.191704
2026/09/05 21:10:00.423,n,1.615738,2.697017,4.68,353,999.53872,999.6,999.5,99.80368,100,97.1,25.723236,25.9,25.6,0,11.191704
2026/09/05 21:20:00.428,n,337.2626,2.515117,4.48,4,999.58488,999.6,999.5,99.858672,99.9,99.8,25.710058,25.8,25.6,0,11.191704
2026/09/05 21:30:00.426,n,336.60376,2.125718,4.39,299,999.5848,999.7,999.5,99.884336,99.9,99.8,25.618916,25.8,25,0,11.191704
2026/09/05 21:40:00.424,n,174.77232,3.797169,6.2,177,999.61648,999.7,999.5,99.807864,99.9,99.8,24.087562,24.9,23.7,0,11.191704
2026/09/05 21:50:00.428,n,174.9559,3.131984,5.47,175,999.55168,999.6,999.4,99.800528,99.8,99.8,23.694094,23.7,23.6,0,10.897186
2026/09/05 22:00:00.424,n,186.8584,3.262368,5.68,195,999.43992,999.5,999.4,99.800528,99.8,99.8,23.770032,23.8,23.6,0,11.191704
2026/09/05 22:10:00.427,n,188.13556,3.188916,4.77,197,999.44168,999.5,999.4,99.800528,99.8,99.8,23.62141,23.8,23.6,0,11.191704
2026/09/05 22:20:00.433,n,180.70514,3.114966,4.76,186,999.46688,999.6,999.4,99.800528,99.8,99.8,23.600044,23.7,23.5,0,10.897186
2026/09/05 22:30:00.438,n,187.26362,2.089816,3.45,191,999.43064,999.5,999.4,99.800528,99.8,99.8,23.59921,23.6,23.5,0,11.191704
2026/09/05 22:40:00.428,n,177.60856,2.220066,3.25,181,999.36496,999.4,999.3,99.800528,99.8,99.8,23.507168,23.6,23.4,0,10.897186
2026/09/05 22:50:00.425,n,173.36402,2.548931,4.12,176,999.35072,999.4,999.3,99.800528,99.8,99.8,23.461314,23.6,23.4,0,11.191704
2026/09/05 23:00:00.426,n,149.19368,2.051466,3.45,170,999.25016,999.3,999.1,99.800528,99.8,99.8,23.354078,23.4,23.3,0,10.897186
2026/09/05 23:10:00.426,n,152.7707,1.642267,2.75,165,999.09288,999.2,999,99.800528,99.8,99.8,23.25488,23.3,23.2,0,11.191704
2026/09/05 23:20:00.426,n,141.7551,1.2376,2.51,96,998.99424,999.1,998.9,99.800528,99.8,99.8,23.245208,23.3,23.2,0,11.191704
2026/09/05 23:30:00.427,n,149.90082,0.83335,1.37,132,998.90848,999,998.9,99.800528,99.8,99.8,23.305898,23.4,23.3,0,11.191704
2026/09/05 23:40:00.433,n,204.30288,0.952334,2.08,201,998.932,999,998.9,99.800528,99.8,99.8,23.432444,23.6,23.4,0,11.044446
2026/09/05 23:50:00.436,n,194.91042,0.983983,1.88,201,998.96936,999,998.9,99.800528,99.8,99.8,23.490828,23.6,23.4,0,10.897186
2026/09/06 00:00:00.440,n,191.7653,0.504017,0.99,201,998.90256,999,998.8,99.800528,99.8,99.8,23.650374,23.8,23.6,0,11.191704
2026/09/06 00:10:00.428,n,214.9255,1.008,1.92,200,998.86864,999,998.8,99.800528,99.8,99.8,23.660284,23.9,23.5,0,10.897186
2026/09/06 00:20:00.429,n,222.9755,1.52335,3.01,211,998.80632,998.9,998.8,99.800528,99.8,99.8,23.71467,23.9,23.5,0,10.897186
2026/09/06 00:30:00.428,n,249.92812,0.63465,1.29,290,998.71728,998.8,998.7,99.800528,99.8,99.8,24.015594,24.1,23.9,0,11.191704
2026/09/06 00:40:00.425,n,274.1344,1.019784,1.47,276,998.63576,998.7,998.6,99.800528,99.8,99.8,24.027748,24.2,23.8,0,11.044446
2026/09/06 00:50:00.427,n,263.51462,0.972366,1.38,250,998.5752,998.6,998.5,99.800528,99.8,99.8,24.209912,24.3,24.1,0,10.749928
2026/09/06 01:00:00.425,n,316.94208,0.868367,2,305,998.49088,998.6,998.4,99.86124,99.9,99.8,24.427974,24.6,24.3,0,11.044446
2026/09/06 01:10:00.434,n,352.7648,0.824917,1.46,354,998.40152,998.5,998.3,99.895696,99.9,99.8,24.612362,24.8,24.5,0,10.749928
2026/09/06 01:20:00.438,n,141.37384,1.023983,2.02,165,998.44944,998.5,998.3,99.839392,99.9,99.8,24.225028,24.8,23.2,0,10.749928
2026/09/06 01:30:00.428,n,141.00984,1.893983,2.94,129,998.55184,998.6,998.5,99.797824,99.8,99.7,23.398344,23.7,22.9,0,11.191704
2026/09/06 01:40:00.427,n,162.65472,1.635367,2.52,171,998.6476,998.7,998.6,99.794096,99.8,99.7,23.609632,23.9,22.9,0,10.897186
2026/09/06 01:50:00.427,n,141.24426,1.855667,2.47,169,998.66528,998.7,998.6,99.715872,99.8,99.7,22.530872,22.9,22.3,0,11.191704
2026/09/06 02:00:00.427,n,178.82484,0.634084,1.93,176,998.60008,998.7,998.6,99.800528,99.8,99.8,22.921278,23.1,22.8,0,11.044446
2026/09/06 02:10:00.426,n,17.697608,0.441934,1.32,37,998.67304,998.7,998.6,99.804264,99.9,99.8,23.302848,23.7,23.1,0,10.749928
2026/09/06 02:20:00.423,n,47.626892,1.16825,1.75,41,998.65584,998.7,998.6,99.898136,99.9,99.8,24.004488,24.3,23.7,0,11.191704
2026/09/06 02:30:00.425,n,53.830788,1.39295,2.46,56,998.51608,998.6,998.4,99.834832,99.9,99.8,24.39077,24.5,24.2,0,11.191704
2026/09/06 02:40:00.430,n,79.637064,0.976151,1.68,73,998.44576,998.5,998.4,99.885264,99.9,99.8,24.156326,24.4,23.9,0,10.897186
2026/09/06 02:50:00.435,n,49.803912,0.984184,2.06,54,998.33832,998.4,998.3,99.845168,99.9,99.8,24.190856,24.3,24,0,11.044446
2026/09/06 03:00:00.436,n,348.57384,2.676084,4.46,333,998.19688,998.3,998.1,99.801688,99.9,99.8,24.50935,24.7,24.3,0,10.749928
2026/09/06 03:10:00.426,n,345.27792,3.637536,5.48,342,998.08328,998.2,998,99.800528,99.8,99.8,24.595246,24.7,24.5,0,10.897186
2026/09/06 03:20:00.429,n,337.97872,4.232133,5.31,339,997.93616,998,997.9,99.800528,99.8,99.8,24.530482,24.7,24.4,0,11.044446
2026/09/06 03:30:00.426,n,333.99756,5.083885,6.67,329,997.7724,997.9,997.6,99.800528,99.8,99.8,24.52485,24.6,24.4,0,10.749928
2026/09/06 03:40:00.425,n,336.93288,5.115432,6.39,332,997.62104,997.7,997.5,99.800528,99.8,99.8,24.522336,24.6,24.4,0,11.044446
2026/09/06 03:50:00.430,n,335.29702,4.850683,6.54,346,997.4872,997.6,997.4,99.800528,99.8,99.8,24.36988,24.5,24.2,0,10.749928
2026/09/06 04:00:00.471,n,335.04992,4.391598,6.1,338,997.40992,997.5,997.2,99.800528,99.8,99.8,24.42722,24.5,24.3,0,10.749928
2026/09/06 04:10:00.429,n,335.65916,4.702134,6.19,328,997.22728,997.4,997.1,99.800528,99.8,99.8,24.33863,24.5,24.3,0,11.044446
2026/09/06 04:20:00.434,n,342.01128,4.010048,5.6,351,997.15664,997.3,997.1,99.800528,99.8,99.8,24.309066,24.4,24.2,0,11.044446
2026/09/06 04:30:00.436,n,18.080246,3.916202,6.13,343,997.1104,997.2,997,99.798496,99.8,99.7,24.2677,24.5,24.2,0,10.749928
2026/09/06 04:40:00.423,n,67.847672,2.655632,3.57,68,997.19944,997.3,997.1,99.841952,99.9,99.8,24.196422,24.3,24.1,0,11.044446
2026/09/06 04:50:00.424,n,67.423832,1.96285,2.58,70,997.2104,997.3,997.2,99.886944,99.9,99.8,24.192102,24.2,24.1,0,10.749928
2026/09/06 05:00:00.429,n,78.58984,1.492867,1.84,82,997.18216,997.2,997.1,99.89944,99.9,99.9,24.101878,24.2,24,0,10.749928
2026/09/06 05:10:00.435,n,94.572864,2.143985,2.65,86,997.11448,997.2,997.1,99.89944,99.9,99.9,23.942636,24.1,23.8,0,11.191704
2026/09/06 05:20:00.426,n,99.463792,2.123349,2.66,101,997.18264,997.2,997.1,99.843712,99.9,99.8,23.454562,23.9,22.9,0,10.749928
2026/09/06 05:30:00.427,n,92.693776,1.833717,2.26,97,997.18128,997.2,997.1,99.800528,99.8,99.8,22.96348,23.1,22.8,0,10.749928
2026/09/06 05:40:00.423,n,69.39696,2.171849,2.81,77,997.02168,997.1,996.9,99.800528,99.8,99.8,23.058654,23.1,23,0,10.749928
2026/09/06 05:50:00.427,n,62.558744,2.236117,2.92,55,997.06608,997.2,997,99.800528,99.8,99.8,23.022838,23.1,23,0,10.749928
2026/09/06 06:00:00.431,n,55.336496,2.466651,3.23,56,997.08712,997.2,997,99.800528,99.8,99.8,23.265422,23.5,23,0,10.749928
2026/09/06 06:10:00.425,n,25.743494,3.519203,5.26,25,996.97952,997.1,996.9,99.79604,99.8,99.7,23.915776,24.3,23.5,0,10.749928
2026/09/06 06:20:00.423,n,19.473002,3.366266,4.85,25,996.97776,997.1,996.9,99.800528,99.8,99.8,24.21625,24.3,24.1,0,10.749928
2026/09/06 06:30:00.422,n,4.004808,3.511818,4.96,13,997.0152,997.1,996.9,99.800528,99.8,99.8,24.190742,24.3,24.1,0,10.602668
2026/09/06 06:40:00.427,n,8.216236,3.775249,5.12,348,997.06504,997.1,996.9,99.800528,99.8,99.8,24.222384,24.3,24.1,0,10.749928
2026/09/06 06:50:00.429,n,6.029759,3.883566,5.26,3,996.95376,997,996.8,99.800528,99.8,99.8,24.216764,24.3,24.2,0,11.044446
2026/09/06 07:00:00.434,n,7.0691,4.03827,5.56,20,996.88976,996.9,996.8,99.800528,99.8,99.8,24.29709,24.4,24.2,0,11.191704
2026/09/06 07:10:00.429,n,358.17076,3.806871,6.15,355,996.94664,997,996.8,99.800528,99.8,99.8,24.350388,24.4,24.2,0,11.044446
2026/09/06 07:20:00.428,n,347.51072,4.596385,5.99,343,996.97848,997,996.9,99.800528,99.8,99.8,24.372824,24.5,24.3,0,10.749928
2026/09/06 07:30:00.431,n,354.36752,3.936118,5.24,352,997.09584,997.2,997,99.800528,99.8,99.8,24.35608,24.4,24.3,0,10.897186
2026/09/06 07:40:00.426,n,4.626761,3.221735,4.35,13,997.2028,997.3,997.1,99.800528,99.8,99.8,24.375804,24.4,24.3,0,10.897186
2026/09/06 07:50:00.423,n,2.653195,3.38555,5.26,346,997.12072,997.2,997,99.800528,99.8,99.8,24.444896,24.5,24.4,0,10.897186
2026/09/06 08:00:00.423,n,9.713006,3.62205,4.64,4,997.10112,997.2,997,99.800528,99.8,99.8,24.559246,24.7,24.5,0,11.191704
2026/09/06 08:10:00.423,n,21.093508,3.88385,5.25,41,997.0404,997.1,997,99.800528,99.8,99.8,24.585586,24.7,24.5,0,11.191704
2026/09/06 08:20:00.441,n,26.174692,4.181902,5.58,26,997.04072,997.1,997,99.800528,99.8,99.8,24.56356,24.7,24.5,0,11.191704
2026/09/06 08:30:00.428,n,15.912684,4.368151,5.48,17,996.93696,997,996.9,99.800528,99.8,99.8,24.576244,24.7,24.5,0,11.338964
2026/09/06 08:40:00.433,n,5.387661,4.465331,5.42,1,996.88312,996.9,996.8,99.800528,99.8,99.8,24.618552,24.7,24.5,0,11.044446
2026/09/06 08:50:00.436,n,358.88004,4.483135,5.39,353,996.9024,997,996.8,99.800528,99.8,99.8,24.630134,24.7,24.6,0,11.338964
2026/09/06 09:00:00.440,n,356.00496,4.946469,6.44,352,996.7764,996.9,996.7,99.800528,99.8,99.8,24.67824,24.7,24.6,0,11.633482
2026/09/06 09:10:00.426,n,358.56872,4.944236,6,0,996.78968,996.9,996.7,99.800528,99.8,99.8,24.695614,24.8,24.6,0,11.486222
2026/09/06 09:20:00.422,n,18.952914,4.254535,5.48,35,996.86656,996.9,996.8,99.800528,99.8,99.8,24.667894,24.8,24.6,0,11.633482
2026/09/06 09:30:00.427,n,12.95997,4.757345,5.82,25,996.78288,996.9,996.7,99.800528,99.8,99.8,24.71476,24.8,24.7,0,11.633482
2026/09/06 09:40:00.425,n,6.508132,4.229267,6.02,358,996.832,997,996.7,99.800528,99.8,99.8,24.853466,25,24.7,0,11.633482
2026/09/06 09:50:00.425,n,8.557478,3.582417,4.83,12,996.98968,997.1,996.9,99.800528,99.8,99.8,24.83038,24.9,24.8,0,11.633482
2026/09/06 10:00:00.426,n,4.148825,3.943684,5.25,5,996.96904,997.1,996.9,99.800528,99.8,99.8,24.898788,25,24.8,0,11.486222
2026/09/06 10:10:00.428,n,8.543468,4.142149,5.2,4,996.85592,997,996.7,99.800528,99.8,99.8,24.869806,24.9,24.8,0,11.486222
2026/09/06 10:20:00.435,n,354.26036,4.289967,5.4,358,996.69784,996.8,996.5,99.800528,99.8,99.8,24.945814,25,24.8,0,12.07526
2026/09/06 10:30:00.438,n,357.091,4.917235,6.07,354,996.49648,996.6,996.3,99.80444,99.9,99.8,25.003986,25.1,25,0,11.633482
2026/09/06 10:40:00.426,n,348.0668,5.257571,6.64,348,996.29552,996.4,996.1,99.800528,99.8,99.8,25.028144,25.1,24.9,0,11.633482
2026/09/06 10:50:00.427,n,346.2602,5.100081,6.13,350,996.10648,996.2,996,99.800528,99.8,99.8,25.087358,25.2,25,0,11.633482
2026/09/06 11:00:00.426,n,343.10136,5.049,5.96,346,996.06608,996.2,996,99.800528,99.8,99.8,25.2064,25.3,25.1,0,11.486222
2026/09/06 11:10:00.426,n,345.16708,4.898617,6.14,347,996.04272,996.2,996,99.819944,99.9,99.8,25.3961,25.5,25.2,0,11.633482
2026/09/06 11:20:00.427,n,349.3242,4.984218,7.01,350,995.97648,996.1,995.8,99.866048,99.9,99.8,25.60355,25.8,25.5,0,11.633482
2026/09/06 11:30:00.426,n,356.4024,5.163515,6.37,356,995.7512,995.9,995.6,99.888016,99.9,99.8,25.806812,25.9,25.7,0,11.486222
2026/09/06 11:40:00.430,n,4.665095,5.020699,5.98,4,995.56976,995.7,995.5,99.84736,99.9,99.8,25.880576,26,25.8,0,12.07526
2026/09/06 11:50:00.436,n,1.51287,4.689948,5.83,349,995.56944,995.6,995.5,99.898776,99.9,99.8,26.04499,26.1,25.9,0,11.486222
2026/09/06 12:00:00.439,n,359.78484,4.685365,5.85,357,995.5104,995.6,995.4,99.898448,99.9,99.8,26.083018,26.2,26,0,11.633482
2026/09/06 12:10:00.429,n,351.41752,4.794667,5.74,348,995.37368,995.5,995.3,99.89944,99.9,99.9,26.14905,26.2,26.1,0,11.486222
2026/09/06 12:20:00.427,n,356.80292,4.453667,5.31,346,995.3148,995.4,995.2,99.8878,100,98.8,26.273708,26.4,26.1,0,11.633482
2026/09/06 12:30:00.429,n,356.28792,3.454065,4.63,8,995.30576,995.3,995.2,99.89596,100,98.8,26.349248,26.4,26.3,0,11.633482
2026/09/06 12:40:00.426,n,355.48468,3.114217,4.77,359,995.25368,995.3,995.2,99.89944,99.9,99.9,26.381956,26.5,26.3,0,11.633482
2026/09/06 12:50:00.426,n,350.84412,3.2034,3.96,351,995.15064,995.2,995.1,99.898752,100,99.4,26.436218,26.5,26.4,0,11.633482
2026/09/06 13:00:00.425,n,343.8064,3.630717,4.37,343,995.0752,995.1,995,98.541192,100,86.9,26.427546,26.6,26.4,0,11.338964
2026/09/06 13:10:00.427,n,347.56596,4.133632,4.84,345,994.98472,995.1,994.9,96.93432,100,85.9,26.567526,26.7,26.5,0,11.486222
2026/09/06 13:20:00.430,n,351.24956,4.058736,4.69,347,994.83896,994.9,994.8,97.78236,100,86.8,26.654712,26.8,26.5,0,11.338964
2026/09/06 13:30:00.433,n,352.03348,3.646885,4.64,343,994.85104,994.9,994.8,99.850664,100,94.9,26.594012,26.7,26.5,0,11.486222
2026/09/06 13:40:00.426,n,356.70808,3.876316,4.73,0,994.69624,994.8,994.6,99.045224,100,95.5,26.691618,26.8,26.6,0,11.633482
2026/09/06 13:50:00.425,n,1.230953,3.887116,4.86,4,994.57656,994.7,994.5,99.379088,100,94.7,26.745832,26.8,26.7,0,11.928
2026/09/06 14:00:00.424,n,2.792896,4.621517,5.54,6,994.37088,994.5,994.3,94.856656,100,89.3,26.799902,26.9,26.7,0,11.486222
2026/09/06 14:10:00.428,n,358.40804,5.138685,6.06,359,994.30168,994.4,994.2,93.622152,100,82.8,26.842558,26.9,26.8,0,11.486222
2026/09/06 14:20:00.431,n,9.61703,4.624666,5.81,5,994.22592,994.3,994.2,89.1572,100,77.1,26.866454,26.9,26.8,0,11.486222
2026/09/06 14:30:00.436,n,7.992975,4.028734,4.83,15,994.11424,994.2,994,83.781688,93,75.3,26.89116,26.9,26.8,0,11.633482
2026/09/06 14:40:00.436,n,356.58084,3.196518,4.27,351,994.16672,994.2,994.1,81.874928,88.9,76,26.999336,27.1,26.9,0,11.633482
2026/09/06 14:50:00.425,n,351.98756,3.83055,4.61,354,994.05584,994.1,994,83.878,94.8,78.1,27.057234,27.1,27,0,11.633482
2026/09/06 15:00:00.429,n,346.65176,3.719818,4.57,343,993.98272,994,993.9,90.803152,100,82.4,27.084398,27.2,27,0,11.633482
2026/09/06 15:10:00.429,n,344.00984,3.984151,4.8,341,993.99864,994.1,993.9,98.920712,100,92.5,26.878668,27,26.8,0,11.633482
2026/09/06 15:20:00.426,n,344.31028,3.742199,4.51,347,994.09744,994.1,994,99.898776,99.9,99.8,26.781976,26.9,26.6,0,11.633482
2026/09/06 15:30:00.428,n,358.42644,3.074934,4,351,994.11496,994.2,994,99.89944,99.9,99.9,26.73012,26.8,26.6,0,11.191704
2026/09/06 15:40:00.426,n,353.42328,1.677117,3.24,8,994.22776,994.3,994.1,99.874888,100,98.9,26.76724,26.9,26.7,0,11.486222
2026/09/06 15:50:00.427,n,264.98484,1.254149,2.4,291,994.25352,994.3,994.2,99.89944,99.9,99.9,26.476878,26.9,26.1,0,11.191704
2026/09/06 16:00:00.434,n,225.31144,2.332734,3.93,224,994.2092,994.3,994.2,99.89944,99.9,99.9,25.823616,26.1,25.4,0,11.338964
2026/09/06 16:10:00.434,n,243.84414,2.0548,3.04,218,994.1848,994.3,994,99.898464,99.9,99.8,25.296752,25.4,25.2,0,11.338964
2026/09/06 16:20:00.436,n,288.0459,2.471384,3.27,298,994.11136,994.2,994.1,99.886256,99.9,99.8,25.211768,25.4,25,0,11.044446
2026/09/06 16:30:00.440,n,293.03132,2.625948,4.32,308,994.10184,994.2,994.1,99.803832,99.9,99.8,24.859902,25.1,24.7,0,11.191704
2026/09/06 16:40:00.430,n,297.2998,2.923351,4.48,290,994.02968,994.1,993.9,99.847368,99.9,99.8,25.164522,25.4,25,0,11.338964
2026/09/06 16:50:00.427,n,280.58298,2.683682,4.71,281,994.1244,994.2,994,99.894552,99.9,99.8,25.395828,25.5,25.3,0,11.338964
2026/09/06 17:00:00.427,n,327.20032,2.0589,3.46,347,994.21208,994.3,994.1,99.89944,99.9,99.9,25.712736,26,25.4,0,11.338964
2026/09/06 17:10:00.423,n,15.147228,3.408665,4.72,13,994.06704,994.2,993.9,99.70856,100,93.6,26.02476,26.2,25.9,0,11.191704
2026/09/06 17:20:00.424,n,28.715736,5.036983,6.86,32,993.83064,994,993.7,96.664064,100,91.4,26.24894,26.3,26.1,0,11.191704
2026/09/06 17:30:00.425,n,41.849844,4.732468,6.27,38,993.72376,993.8,993.6,97.157072,100,92.6,26.23594,26.3,26.1,0,11.191704
2026/09/06 17:40:00.427,n,45.187972,5.788468,6.79,48,993.52064,993.7,993.4,96.44444,100,92,26.346118,26.4,26.2,0,10.897186
2026/09/06 17:50:00.429,n,44.184828,4.9738,6.27,45,993.53992,993.7,993.4,98.661216,100,94.2,26.40529,26.5,26.3,0,10.897186
2026/09/06 18:00:00.437,n,33.26001,4.360853,5.84,37,993.5652,993.7,993.4,98.921504,100,96.2,26.40182,26.5,26.4,0,10.897186
2026/09/06 18:10:00.424,n,42.16876,4.344718,5.21,34,993.51816,993.6,993.4,99.463968,100,96.6,26.39965,26.4,26.3,0,11.191704
2026/09/06 18:20:00.422,n,49.034892,3.937584,5.74,66,993.46664,993.6,993.3,99.8776,100,99,26.399644,26.5,26.3,0,11.191704
2026/09/06 18:30:00.424,n,43.549696,2.841835,4.75,60,993.41024,993.5,993.3,99.787096,100,98.2,26.351018,26.4,26.3,0,10.897186
2026/09/06 18:40:00.428,n,188.00126,1.002683,2.88,34,993.44472,993.5,993.4,99.822576,99.9,99.8,25.50821,26.4,24.8,0,11.191704
2026/09/06 18:50:00.433,n,160.31262,0.599784,1.43,173,993.40144,993.5,993.4,99.800528,99.8,99.8,24.953908,25.2,24.8,0,10.897186
2026/09/06 19:00:00.428,n,94.990056,0.999167,1.77,120,993.486,993.5,993.4,99.815824,99.9,99.8,25.204554,25.3,25.1,0,11.044446
2026/09/06 19:10:00.423,n,147.66562,1.781283,2.76,170,993.5012,993.6,993.5,99.799744,99.9,99.7,24.93172,25.3,24.4,0,11.044446
2026/09/06 19:20:00.427,n,176.88598,2.11545,2.62,173,993.54936,993.6,993.5,99.775056,99.8,99.7,24.282854,24.5,24.1,0,11.044446
2026/09/06 19:30:00.432,n,193.5406,1.685868,2.27,194,993.6152,993.8,993.5,99.724864,99.8,99.7,24.142788,24.2,24.1,0,10.749928
2026/09/06 19:40:00.426,n,221.63012,1.277433,2.4,189,993.61632,993.8,993.5,99.800528,99.8,99.8,24.416882,24.6,24.2,0,11.044446
2026/09/06 19:50:00.427,n,312.89182,1.394583,2.66,328,993.55304,993.6,993.4,99.800528,99.8,99.8,24.973224,25.3,24.5,0,10.897186
2026/09/06 20:00:00.427,n,342.03956,3.600968,4.69,345,993.41896,993.5,993.4,99.800528,99.8,99.8,25.338262,25.5,25.2,0,10.749928
2026/09/06 20:10:00.427,n,338.6346,4.36335,5.7,333,993.43168,993.5,993.4,99.791728,99.8,99.7,25.297294,25.4,25.2,0,11.044446
2026/09/06 20:20:00.431,n,330.12134,4.653501,5.92,323,993.42616,993.5,993.3,99.800528,99.8,99.8,25.280648,25.4,25.2,0,11.044446
2026/09/06 20:30:00.431,n,342.61816,4.968434,6.18,336,993.338,993.4,993.3,99.800528,99.8,99.8,25.44979,25.6,25.3,0,10.749928
2026/09/06 20:40:00.424,n,2.69746,4.77505,6.23,347,993.28272,993.4,993.2,99.812896,99.9,99.8,25.616472,26,25.5,0,10.749928
2026/09/06 20:50:00.427,n,47.388676,3.484732,5.21,41,993.31472,993.4,993.2,99.89944,99.9,99.9,25.974658,26.1,25.9,0,10.897186
2026/09/06 21:00:00.431,n,50.138936,2.679051,4.06,44,993.35864,993.4,993.3,99.877592,99.9,99.8,25.79317,25.9,25.6,0,10.749928
2026/09/06 21:10:00.424,n,79.318288,2.1814,3.52,60,993.3308,993.4,993.2,99.776152,99.8,99.7,25.100536,25.8,24.5,0,11.044446
2026/09/06 21:20:00.426,n,75.21892,2.151151,3.34,54,993.3464,993.4,993.3,99.77516,99.8,99.7,24.672312,25.2,24.4,0,11.044446
2026/09/06 21:30:00.424,n,55.6502,2.792851,4.99,41,993.2644,993.4,993.1,99.819248,99.9,99.8,25.269652,25.4,25.1,0,10.897186
2026/09/06 21:40:00.427,n,41.753644,3.793418,5.43,48,993.16592,993.2,993.1,99.89488,99.9,99.8,25.596318,25.7,25.4,0,10.749928
2026/09/06 21:50:00.429,n,28.992062,3.116999,5.86,16,993.18408,993.3,993.1,99.854208,99.9,99.8,25.58426,25.7,25.5,0,10.897186
2026/09/06 22:00:00.431,n,32.868648,3.620218,5.17,44,993.12864,993.2,993.1,99.882552,99.9,99.8,25.615206,25.7,25.6,0,11.044446
2026/09/06 22:10:00.431,n,89.268752,1.625134,3.72,41,993.20544,993.3,993.2,99.816576,99.9,99.8,25.0281,25.6,24.7,0,11.044446
2026/09/06 22:20:00.437,n,86.64472,1.261784,2.08,67,993.14552,993.2,993,99.800528,99.8,99.8,24.678328,24.8,24.5,0,10.602668
2026/09/06 22:30:00.427,n,71.170352,1.234416,1.92,68,993.09856,993.2,993,99.800528,99.8,99.8,24.502212,24.6,24.3,0,11.044446
2026/09/06 22:40:00.425,n,96.530048,1.56705,3.52,21,993.1912,993.2,993.1,99.783936,99.8,99.7,24.365844,24.7,24,0,11.044446
2026/09/06 22:50:00.425,n,114.7063,1.617433,3.03,122,993.23968,993.3,993.2,99.722592,99.8,99.7,23.848444,24,23.7,0,11.044446
2026/09/06 23:00:00.423,n,92.077912,1.908633,3.46,81,993.30864,993.4,993.3,99.706408,99.8,99.7,23.527422,23.8,23.4,0,11.044446
2026/09/06 23:10:00.425,n,83.479016,2.733749,3.89,98,993.1868,993.3,993.1,99.75824,99.8,99.7,23.478224,23.6,23.4,0,11.044446
2026/09/06 23:20:00.423,n,102.44756,3.2047,4.98,112,993.26784,993.4,993.1,99.715776,99.8,99.7,23.072846,23.5,22.5,0,11.044446
2026/09/06 23:30:00.427,n,123.11032,3.255751,4.57,127,993.22232,993.3,993.2,99.699472,99.7,99.7,22.226758,22.5,22,0,11.044446
2026/09/06 23:40:00.429,n,130.7769,3.40842,4.81,136,993.35896,993.5,993.2,99.699472,99.7,99.7,21.84337,22,21.7,0,11.044446
2026/09/06 23:50:00.436,n,116.96718,2.66335,4.06,107,993.44032,993.5,993.3,99.798192,99.8,99.7,21.5948,21.7,21.5,0,10.897186
2026/09/07 00:00:00.439,n,127.39054,2.054751,3.52,115,993.41464,993.5,993.3,99.800528,99.8,99.8,21.407256,21.5,21.3,0,11.044446
2026/09/07 00:10:00.428,n,169.7107,1.68545,3.04,188,993.30096,993.4,993.2,99.800528,99.8,99.8,21.416914,21.5,21.4,0,11.044446
2026/09/07 00:20:00.428,n,185.67782,2.4697,3.3,195,993.27136,993.3,993.2,99.800528,99.8,99.8,21.465488,21.6,21.4,0,10.749928
2026/09/07 00:30:00.426,n,190.30962,1.791416,2.94,190,993.19656,993.3,993.1,99.800528,99.8,99.8,21.44731,21.6,21.3,0,11.044446
2026/09/07 00:40:00.427,n,167.40298,1.7345,2.65,163,993.05864,993.2,993,99.800528,99.8,99.8,21.432374,21.5,21.3,0,10.602668
2026/09/07 00:50:00.424,n,176.83514,2.15725,3.05,174,992.9404,993,992.9,99.800528,99.8,99.8,21.423192,21.6,21.3,0,11.044446
2026/09/07 01:00:00.426,n,165.2212,2.584417,3.33,169,992.85816,992.9,992.8,99.800528,99.8,99.8,21.439824,21.5,21.4,0,10.602668
2026/09/07 01:10:00.431,n,163.14994,2.236749,2.91,164,992.77128,992.9,992.7,99.800528,99.8,99.8,21.461366,21.5,21.4,0,10.897186
2026/09/07 01:20:00.432,n,136.41722,2.392817,3.27,143,992.76312,992.9,992.7,99.800528,99.8,99.8,21.454218,21.6,21.4,0,10.897186
2026/09/07 01:30:00.438,n,176.93018,1.336117,2.1,140,992.49808,992.7,992.3,99.800528,99.8,99.8,21.507762,21.6,21.4,0,10.602668
2026/09/07 01:40:00.426,n,253.44546,1.896099,2.94,259,992.19584,992.4,992.1,99.800528,99.8,99.8,21.64715,21.8,21.5,0,10.897186
2026/09/07 01:50:00.428,n,251.6264,0.80395,1.85,276,992.20016,992.3,992.1,99.800528,99.8,99.8,21.925664,22,21.8,0,11.044446
2026/09/07 02:00:00.426,n,190.7103,0.5541,1.22,132,992.07192,992.2,992,99.800528,99.8,99.8,21.980042,22.1,21.9,0,11.044446
2026/09/07 02:10:00.427,n,280.84656,1.008917,3.45,272,991.99624,992.1,991.9,99.800528,99.8,99.8,22.145892,22.4,21.9,0,10.897186
2026/09/07 02:20:00.425,n,324.9885,4.635301,7.22,335,991.82928,992,991.7,99.800528,99.8,99.8,22.646346,22.9,22.4,0,10.602668
2026/09/07 02:30:00.427,n,338.66956,6.661451,8.54,329,991.73368,991.8,991.7,99.800528,99.8,99.8,22.873884,23.1,22.5,0,10.897186
2026/09/07 02:40:00.429,n,344.11832,7.197184,8.73,352,991.67584,991.8,991.5,99.791216,99.8,99.7,23.15579,23.3,22.9,0,10.749928
2026/09/07 02:50:00.436,n,339.88872,6.8283,7.99,342,991.54248,991.7,991.4,99.699472,99.7,99.7,23.073196,23.3,22.9,0,10.749928
2026/09/07 03:00:00.439,n,342.338,6.719154,8.86,349,991.40312,991.5,991.3,99.699472,99.7,99.7,23.185722,23.4,23,0,10.897186
2026/09/07 03:10:00.426,n,343.36636,7.045764,8.74,340,991.238,991.4,991,99.699472,99.7,99.7,23.467922,23.7,23.2,0,10.455408
2026/09/07 03:20:00.428,n,342.0248,6.995351,8.65,334,991.1904,991.3,991,99.699472,99.7,99.7,23.568314,23.7,23.4,0,11.044446
2026/09/07 03:30:00.425,n,339.43932,6.11945,7.32,341,991.33712,991.4,991.3,99.699472,99.7,99.7,23.553592,23.7,23.4,0,10.602668
2026/09/07 03:40:00.424,n,341.52824,5.835315,7.41,339,991.3116,991.4,991.2,99.699472,99.7,99.7,23.666686,23.8,23.5,0,10.749928
2026/09/07 03:50:00.425,n,341.27056,5.731886,6.94,338,991.20352,991.3,991.1,99.699472,99.7,99.7,23.78203,24,23.7,0,10.749928
2026/09/07 04:00:00.426,n,338.85904,5.795418,7.27,330,991.12416,991.2,991,99.699472,99.7,99.7,24.005998,24.1,23.9,0,10.897186
2026/09/07 04:10:00.429,n,338.761,6.086266,7.62,331,991.03184,991.1,990.9,99.699472,99.7,99.7,23.908372,24.1,23.8,0,10.897186
2026/09/07 04:20:00.433,n,336.22508,7.511349,8.5,334,990.93768,991,990.9,99.699472,99.7,99.7,23.58229,23.9,23.5,0,10.455408
2026/09/07 04:30:00.436,n,336.08988,6.607832,8.220001,336,991.00504,991.1,990.9,99.699472,99.7,99.7,23.535976,23.8,23.4,0,10.455408
2026/09/07 04:40:00.427,n,336.67668,6.807647,9.49,328,990.88552,991,990.7,99.699472,99.7,99.7,23.71383,23.8,23.6,0,10.749928
2026/09/07 04:50:00.426,n,334.35128,7.709898,9.88,330,990.70432,990.8,990.6,99.699472,99.7,99.7,23.97527,24.1,23.7,0,10.602668
2026/09/07 05:00:00.424,n,336.05016,7.391546,8.72,336,990.62696,990.7,990.5,99.702312,99.8,99.7,24.139968,24.4,24,0,10.602668
2026/09/07 05:10:00.427,n,336.15972,7.799533,9.95,330,990.5296,990.6,990.4,99.729712,99.8,99.7,24.321954,24.4,24.2,0,10.455408
2026/09/07 05:20:00.427,n,335.22528,8.305632,9.53,339,990.54056,990.6,990.4,99.712336,99.8,99.7,24.236644,24.4,24.1,0,10.602668
2026/09/07 05:30:00.427,n,334.74946,8.357545,10.19,339,990.63864,990.8,990.5,99.704656,99.8,99.7,24.223804,24.4,24.1,0,10.897186
2026/09/07 05:40:00.429,n,331.376,8.397884,9.62,325,990.74792,990.9,990.6,99.718888,99.8,99.7,24.156334,24.3,24,0,10.455408
2026/09/07 05:50:00.431,n,328.40084,8.56883,10.27,332,990.81784,990.9,990.7,99.7284,99.8,99.7,24.187704,24.4,24.1,0,10.897186
2026/09/07 06:00:00.436,n,330.31274,8.03927,9.41,335,990.7596,990.9,990.7,99.77624,99.8,99.7,24.19214,24.3,24.1,0,10.897186
2026/09/07 06:10:00.428,n,333.76212,7.620037,9.14,334,990.68728,990.8,990.6,99.783768,99.8,99.7,24.135148,24.2,24.1,0,10.897186
2026/09/07 06:20:00.428,n,337.09312,8.091119,9.58,334,990.62168,990.7,990.5,99.789336,99.8,99.7,24.152236,24.3,24.1,0,10.897186
2026/09/07 06:30:00.427,n,339.29944,7.784436,9.75,338,990.7228,990.9,990.6,99.791768,99.8,99.7,24.171356,24.3,24.1,0,10.897186
2026/09/07 06:40:00.425,n,341.00808,7.142717,8.38,340,990.9352,991.1,990.8,99.800528,99.8,99.8,24.148992,24.3,24.1,0,10.897186
2026/09/07 06:50:00.425,n,339.8944,6.787116,8.55,342,990.98056,991.1,990.9,99.789432,99.8,99.7,24.127538,24.3,24,0,10.602668
2026/09/07 07:00:00.427,n,341.6182,7.388236,9.44,344,990.89472,991,990.7,99.796976,99.8,99.7,24.221488,24.3,24.1,0,10.897186
2026/09/07 07:10:00.429,n,338.8184,8.602668,10.05,334,990.73776,990.9,990.6,99.800528,99.8,99.8,24.282136,24.4,24.2,0,11.044446
2026/09/07 07:20:00.431,n,336.37544,8.582518,10.47,332,990.72744,990.9,990.6,99.797864,99.8,99.7,24.231032,24.4,24.1,0,11.044446
2026/09/07 07:30:00.435,n,335.37002,8.832532,10.38,333,990.67864,990.8,990.6,99.794432,99.8,99.7,24.216378,24.4,24.1,0,11.044446
2026/09/07 07:40:00.426,n,336.04148,9.393986,10.77,335,990.56336,990.7,990.3,99.798168,99.8,99.7,24.151732,24.4,24,0,10.897186
2026/09/07 07:50:00.426,n,336.28752,8.696116,10.03,336,990.53272,990.7,990.4,99.78328,99.8,99.7,24.180128,24.3,24.1,0,11.191704
2026/09/07 08:00:00.432,n,337.54372,8.755512,10.33,337,990.5416,990.6,990.4,99.794832,99.8,99.7,24.177208,24.3,24,0,11.191704
2026/09/07 08:10:00.427,n,337.51512,8.604284,10.32,334,990.5796,990.7,990.5,99.793592,99.8,99.7,24.199246,24.4,24.1,0,11.191704
2026/09/07 08:20:00.427,n,339.6718,8.493334,9.9,342,990.58944,990.7,990.5,99.794768,99.8,99.7,24.335722,24.5,24.2,0,11.191704
2026/09/07 08:30:00.429,n,338.15632,7.878668,9.56,337,990.66072,990.7,990.5,99.800528,99.8,99.8,24.41569,24.5,24.3,0,11.191704
2026/09/07 08:40:00.428,n,342.45372,7.241946,9.23,346,990.6348,990.7,990.5,99.800528,99.8,99.8,24.465882,24.6,24.4,0,11.191704
2026/09/07 08:50:00.432,n,343.31036,6.574616,8.57,340,990.65896,990.8,990.6,99.800528,99.8,99.8,24.551338,24.7,24.5,0,11.338964
2026/09/07 09:00:00.436,n,344.3384,5.75403,7.5,338,990.77888,990.9,990.7,99.80036,99.8,99.7,24.57739,24.7,24.5,0,11.191704
2026/09/07 09:10:00.428,n,345.04544,4.497981,5.76,340,990.86024,990.9,990.8,99.7982,99.8,99.7,24.653404,24.8,24.5,0,11.191704
2026/09/07 09:20:00.430,n,353.08364,4.278184,5.21,353,990.94976,991,990.9,99.800528,99.8,99.8,24.807856,25,24.7,0,11.044446
2026/09/07 09:30:00.434,n,352.77332,3.884816,5.39,359,991.11968,991.2,991,99.800528,99.8,99.8,24.9372,25,24.9,0,11.338964
2026/09/07 09:40:00.423,n,5.002673,3.229701,4.56,1,991.15552,991.2,991.1,99.800528,99.8,99.8,24.967846,25.1,24.9,0,11.486222
2026/09/07 09:50:00.427,n,357.99876,3.129318,5.17,17,991.06104,991.1,990.9,99.800528,99.8,99.8,25.016944,25.1,25,0,11.338964
2026/09/07 10:00:00.425,n,8.017623,3.350601,4.76,20,991.04808,991.1,990.9,99.800528,99.8,99.8,25.011512,25.1,24.9,0,11.633482
2026/09/07 10:10:00.427,n,29.738094,2.37585,4.08,26,991.17408,991.2,991.1,99.800528,99.8,99.8,25.096476,25.4,24.9,0,11.338964
2026/09/07 10:20:00.429,n,14.78466,3.202518,5.05,357,991.23416,991.3,991.1,99.800528,99.8,99.8,25.293026,25.6,25,0,11.633482
2026/09/07 10:30:00.430,n,2.195773,3.172252,4.52,352,991.2224,991.3,991.2,99.800528,99.8,99.8,25.136946,25.2,25.1,0,11.928
2026/09/07 10:40:00.437,n,4.162996,3.152218,4.37,7,991.16344,991.3,991.1,99.800528,99.8,99.8,25.160204,25.3,25.1,0,12.22252
2026/09/07 10:50:00.428,n,358.5492,4.308382,5.7,358,991.04616,991.1,991,99.800528,99.8,99.8,25.259334,25.4,25.2,0,11.633482
2026/09/07 11:00:00.422,n,7.473667,4.540163,5.46,16,991.04168,991.1,990.9,99.800528,99.8,99.8,25.2014,25.3,25.1,0,11.928
2026/09/07 11:10:00.428,n,349.37324,5.369517,7.43,347,991.00088,991.1,990.9,99.800528,99.8,99.8,25.38658,25.5,25.2,0,11.633482
2026/09/07 11:20:00.432,n,346.83052,6.093531,7.62,333,990.87872,991,990.8,99.800528,99.8,99.8,25.408944,25.5,25.3,0,11.633482
2026/09/07 11:30:00.427,n,351.7378,5.84257,7.76,351,990.89544,991,990.8,99.800528,99.8,99.8,25.365932,25.5,25.3,0,11.633482
2026/09/07 11:40:00.425,n,357.89912,4.751965,6.53,1,990.95064,991.1,990.9,99.800528,99.8,99.8,25.417016,25.6,25.3,0,11.486222
2026/09/07 11:50:00.426,n,0.467725,4.293848,6.45,350,990.98448,991.1,990.9,99.800528,99.8,99.8,25.51435,25.6,25.4,0,11.633482
2026/09/07 12:00:00.429,n,4.098752,3.189417,4.41,14,990.884,991,990.7,99.800528,99.8,99.8,25.587164,25.8,25.5,0,11.633482
2026/09/07 12:10:00.425,n,20.10332,2.373434,3.25,18,990.80096,990.8,990.7,99.800528,99.8,99.8,25.564908,25.7,25.5,0,11.633482
2026/09/07 12:20:00.424,n,36.369864,2.084385,2.82,43,990.70536,990.8,990.6,99.800528,99.8,99.8,25.633216,25.7,25.5,0,11.928
2026/09/07 12:30:00.424,n,37.322868,1.7727,2.45,32,990.56192,990.7,990.4,99.800528,99.8,99.8,25.711042,25.8,25.6,0,11.633482
2026/09/07 12:40:00.425,n,45.272944,1.953416,3.15,47,990.41616,990.5,990.4,99.800528,99.8,99.8,25.809468,26,25.7,0,11.928
2026/09/07 12:50:00.429,n,43.584468,2.0719,2.94,54,990.348,990.4,990.3,99.800528,99.8,99.8,25.842046,25.9,25.8,0,11.633482
2026/09/07 13:00:00.431,n,36.96032,1.750133,2.95,37,990.31808,990.4,990.3,99.800528,99.8,99.8,25.91771,26.1,25.8,0,11.928
2026/09/07 13:10:00.428,n,34.112788,1.850567,2.44,47,990.30456,990.3,990.2,99.800528,99.8,99.8,26.004624,26.1,25.9,0,11.633482
2026/09/07 13:20:00.438,n,41.092764,1.907167,2.68,39,990.25176,990.3,990.2,99.800528,99.8,99.8,26.090204,26.1,26,0,11.633482
2026/09/07 13:30:00.429,n,36.26972,1.813784,2.36,37,990.20304,990.3,990.2,99.800528,99.8,99.8,26.092058,26.2,26,0,11.633482
2026/09/07 13:40:00.423,n,36.167316,1.468466,2.11,35,990.202,990.3,990.1,99.800528,99.8,99.8,26.191138,26.3,26.1,0,11.633482
2026/09/07 13:50:00.424,n,42.111868,1.658817,2.25,46,990.14064,990.2,990,99.800528,99.8,99.8,26.198458,26.3,26.1,0,11.486222
2026/09/07 14:00:00.424,n,47.89908,1.521899,2.18,39,990.02304,990.1,990,99.800528,99.8,99.8,26.114524,26.2,26.1,0,11.633482
2026/09/07 14:10:00.425,n,41.171856,1.115751,1.86,40,990.05288,990.1,990,99.800528,99.8,99.8,26.207136,26.5,26.1,0,11.486222
2026/09/07 14:20:00.427,n,355.18104,1.387134,1.9,331,990.00792,990.1,990,99.800528,99.8,99.8,26.334778,26.5,26.3,0,11.338964
2026/09/07 14:30:00.434,n,350.66916,1.260417,1.96,330,990.08432,990.1,990,99.800528,99.8,99.8,26.27247,26.4,26.2,0,11.486222
2026/09/07 14:40:00.436,n,338.9284,1.787683,2.97,339,990.098,990.2,990,99.800528,99.8,99.8,26.073042,26.3,25.9,0,11.633482
2026/09/07 14:50:00.438,n,347.96208,2.652248,4.55,350,990.07064,990.2,990,99.800528,99.8,99.8,25.92065,26,25.8,0,11.486222
2026/09/07 15:00:00.428,n,348.40776,3.131017,5.18,334,990.18592,990.3,990.1,99.800528,99.8,99.8,26.047476,26.2,25.9,0,11.338964
2026/09/07 15:10:00.428,n,338.14592,3.831335,5.02,339,990.20368,990.3,990.2,99.800528,99.8,99.8,26.212916,26.3,26.1,0,11.633482
2026/09/07 15:20:00.431,n,344.06268,2.9298,4.3,350,990.18808,990.2,990.1,99.800528,99.8,99.8,26.29989,26.4,26.2,0,11.486222
2026/09/07 15:30:00.425,n,345.56008,2.966633,4.15,339,990.13856,990.2,990.1,99.8028,99.9,99.8,26.412422,26.5,26.3,0,11.486222
2026/09/07 15:40:00.429,n,330.75952,2.753067,3.92,336,990.29464,990.4,990.2,99.803368,99.9,99.8,26.495664,26.5,26.4,0,11.486222
2026/09/07 15:50:00.425,n,333.89814,4.207715,5.25,326,990.28936,990.5,990.1,99.800528,99.8,99.8,26.5105,26.6,26.5,0,11.486222
2026/09/07 16:00:00.431,n,338.0322,4.294417,6.04,341,990.21328,990.3,990.1,99.800528,99.8,99.8,26.616402,26.7,26.5,0,11.338964
2026/09/07 16:10:00.433,n,335.92812,5.960467,7.38,338,990.23528,990.4,990.1,99.804472,99.9,99.8,26.72788,26.8,26.7,0,11.486222
2026/09/07 16:20:00.438,n,328.74374,6.6472,8.48,329,990.4676,990.6,990.4,99.800528,99.8,99.8,26.634518,26.7,26.6,0,10.897186
2026/09/07 16:30:00.427,n,329.77784,6.923434,8.45,334,990.49752,990.6,990.4,99.800528,99.8,99.8,26.510722,26.6,26.4,0,11.191704
2026/09/07 16:40:00.426,n,332.0195,6.679931,8.04,334,990.55096,990.7,990.4,99.800528,99.8,99.8,26.434302,26.5,26.4,0,11.338964
2026/09/07 16:50:00.428,n,326.71124,7.002146,8.58,323,990.60728,990.7,990.5,99.800528,99.8,99.8,26.370084,26.4,26.3,0,11.044446
2026/09/07 17:00:00.426,n,320.12296,7.121663,8.67,314,990.83432,991,990.6,99.800528,99.8,99.8,26.294476,26.4,26.2,0,11.191704
2026/09/07 17:10:00.429,n,329.59556,5.794247,8.03,323,990.93888,991,990.8,99.800528,99.8,99.8,26.307562,26.4,26.2,0,11.191704
2026/09/07 17:20:00.424,n,5.224571,6.635718,8.84,12,990.92376,991.1,990.8,99.800528,99.8,99.8,26.293572,26.5,26,0,11.191704
2026/09/07 17:30:00.427,n,21.110598,6.627848,8.74,24,991.0048,991.1,990.8,99.797312,99.8,99.7,26.002046,26.2,25.8,0,11.191704
2026/09/07 17:40:00.429,n,46.808324,4.591584,6.48,31,991.1184,991.2,991,99.731344,99.8,99.7,25.698594,26,25.4,0,11.191704
2026/09/07 17:50:00.431,n,50.325488,2.647067,4.8,76,991.31008,991.4,991.1,99.763136,99.8,99.7,25.779058,26,25.6,0,11.191704
2026/09/07 18:00:00.431,n,11.479252,2.159619,3.91,28,991.40992,991.5,991.4,99.724688,99.8,99.7,25.79216,25.9,25.6,0,11.191704
2026/09/07 18:10:00.428,n,343.54028,2.45545,3.94,354,991.49416,991.6,991.4,99.786552,99.8,99.7,25.881142,26.1,25.7,0,10.897186
2026/09/07 18:20:00.423,n,81.045864,2.503483,5.32,358,991.57656,991.6,991.4,99.746368,99.8,99.7,25.564142,26.2,25,0,10.749928
2026/09/07 18:30:00.426,n,88.967232,2.155148,4.32,71,991.58,991.7,991.5,99.699472,99.7,99.7,24.8711,25,24.7,0,10.897186
2026/09/07 18:40:00.432,n,93.698832,2.093334,3.03,104,991.54312,991.6,991.5,99.699472,99.7,99.7,24.751364,24.8,24.7,0,10.749928
2026/09/07 18:50:00.427,n,96.501528,1.691218,2.8,86,991.62016,991.7,991.5,99.699472,99.7,99.7,24.809276,24.9,24.7,0,11.044446
2026/09/07 19:00:00.426,n,127.70482,1.403266,2.08,122,991.81368,991.9,991.7,99.699472,99.7,99.7,24.73877,24.9,24.6,0,10.897186
2026/09/07 19:10:00.429,n,95.432,1.479184,2.19,109,991.93544,992,991.9,99.699472,99.7,99.7,24.717182,24.8,24.6,0,11.191704
2026/09/07 19:20:00.428,n,346.48296,3.984,7.51,338,991.98584,992.1,991.9,99.7406,99.8,99.7,25.276014,25.8,24.8,0,11.191704
2026/09/07 19:30:00.434,n,335.72072,7.616286,9.3,329,991.96536,992.1,991.8,99.789104,99.8,99.7,25.80397,25.9,25.7,0,11.191704
2026/09/07 19:40:00.427,n,335.60216,7.51034,8.83,327,992.07328,992.2,992,99.796808,99.8,99.7,25.827488,26,25.7,0,11.044446
2026/09/07 19:50:00.428,n,334.53522,7.198641,8.51,325,992.23056,992.4,992.1,99.800528,99.8,99.8,25.763854,25.9,25.7,0,11.044446
2026/09/07 20:00:00.425,n,330.28472,7.131217,8.54,330,992.36024,992.4,992.3,99.800528,99.8,99.8,25.591408,25.7,25.5,0,10.749928
2026/09/07 20:10:00.429,n,335.31018,7.013498,9,331,992.36416,992.5,992.3,99.800528,99.8,99.8,25.607382,25.7,25.5,0,11.044446
2026/09/07 20:20:00.438,n,333.46298,7.518166,8.72,332,992.43832,992.6,992.4,99.800528,99.8,99.8,25.68563,25.8,25.6,0,10.897186
2026/09/07 20:30:00.425,n,334.70948,7.5237,9.4,328,992.46832,992.6,992.3,99.799,99.8,99.7,25.724396,25.9,25.6,0,10.749928
2026/09/07 20:40:00.425,n,334.8946,7.40144,9.57,333,992.54104,992.6,992.4,99.800528,99.8,99.8,25.763484,25.9,25.6,0,10.749928
2026/09/07 20:50:00.430,n,334.92374,7.159701,8.91,332,992.59728,992.7,992.4,99.800528,99.8,99.8,25.804478,25.9,25.7,0,10.897186
2026/09/07 21:00:00.434,n,336.89064,7.018169,8.88,332,992.59536,992.7,992.5,99.800528,99.8,99.8,25.867468,26,25.8,0,10.749928
2026/09/07 21:10:00.425,n,335.98452,6.698532,8.24,332,992.59496,992.7,992.5,99.800528,99.8,99.8,25.888012,26,25.8,0,11.044446
2026/09/07 21:20:00.426,n,338.60876,6.515367,7.57,341,992.70928,992.9,992.5,99.800528,99.8,99.8,25.904262,26.1,25.8,0,10.749928
2026/09/07 21:30:00.427,n,336.8878,6.263119,7.59,338,992.84128,993,992.7,99.79968,99.8,99.7,25.961762,26.1,25.9,0,11.044446
2026/09/07 21:40:00.432,n,331.08264,5.88217,8.75,318,992.97952,993.1,992.9,99.800528,99.8,99.8,25.922086,26,25.8,0,11.044446
2026/09/07 21:50:00.430,n,330.19336,6.297501,8.16,332,992.91464,993,992.8,99.800528,99.8,99.8,25.832148,25.9,25.8,0,11.044446
2026/09/07 22:00:00.424,n,331.7547,6.435186,8.08,328,992.88712,993,992.8,99.79392,99.8,99.7,25.815218,25.9,25.8,0,10.602668
2026/09/07 22:10:00.426,n,329.2702,6.423586,8.100001,325,992.81064,992.9,992.7,99.800528,99.8,99.8,25.83249,25.9,25.8,0,11.044446
2026/09/07 22:20:00.434,n,329.47814,6.481333,8.07,332,992.75016,992.8,992.6,99.798024,99.8,99.7,25.83707,25.9,25.7,0,11.044446
2026/09/07 22:30:00.435,n,332.3212,6.155048,8.12,328,992.70832,992.8,992.6,99.800528,99.8,99.8,25.891092,26,25.8,0,11.044446
2026/09/07 22:40:00.428,n,332.13308,6.120085,7.39,333,992.67456,992.8,992.6,99.800528,99.8,99.8,25.869116,26,25.8,0,10.602668
2026/09/07 22:50:00.425,n,332.01724,4.970066,6.38,326,992.70504,992.8,992.7,99.800528,99.8,99.8,25.849124,26,25.7,0,11.044446
2026/09/07 23:00:00.432,n,331.55776,4.661251,5.55,331,992.6156,992.7,992.6,99.800528,99.8,99.8,25.677952,25.8,25.6,0,10.749928
2026/09/07 23:10:00.428,n,332.96542,4.384216,5.34,332,992.70936,992.8,992.6,99.790032,99.8,99.7,25.636138,25.7,25.6,0,10.897186
2026/09/07 23:20:00.430,n,331.1943,4.079415,5.35,331,992.7484,992.8,992.7,99.797144,99.8,99.7,25.67011,25.8,25.6,0,10.749928
2026/09/07 23:30:00.427,n,331.41074,4.443601,5.62,327,992.69824,992.8,992.6,99.800528,99.8,99.8,25.73217,25.8,25.6,0,10.897186
2026/09/07 23:40:00.430,n,331.57888,4.7501,5.92,334,992.7484,992.8,992.6,99.800528,99.8,99.8,25.756444,25.9,25.6,0,10.897186
2026/09/07 23:50:00.431,n,331.44094,4.614317,5.98,331,992.81824,992.9,992.7,99.800528,99.8,99.8,25.608948,25.8,25.5,0,10.897186
2026/09/08 00:00:00.436,n,336.5512,4.096732,5.45,339,992.8352,992.9,992.8,99.796472,99.8,99.7,25.677718,25.8,25.6,0,10.602668
2026/09/08 00:10:00.427,n,357.77472,3.643283,5.66,357,992.89784,993,992.8,99.800528,99.8,99.8,25.571644,25.8,25.4,0,10.602668
2026/09/08 00:20:00.423,n,9.998084,2.826367,4.96,7,992.90376,993,992.8,99.756512,99.8,99.7,25.161826,25.5,24.9,0,10.749928
2026/09/08 00:30:00.429,n,350.35748,2.207352,3.53,353,992.98272,993,992.9,99.701336,99.8,99.7,24.988036,25.2,24.8,0,10.749928
2026/09/08 00:40:00.430,n,320.74564,1.957134,3.87,336,992.90208,993,992.7,99.786,99.8,99.7,25.206714,25.3,25.1,0,11.044446
2026/09/08 00:50:00.428,n,339.7502,3.725433,4.91,341,992.68664,992.8,992.6,99.800528,99.8,99.8,25.469078,25.6,25.3,0,10.897186
2026/09/08 01:00:00.425,n,343.55828,3.414918,4.51,342,992.63992,992.7,992.5,99.800528,99.8,99.8,25.59672,25.7,25.5,0,10.602668
2026/09/08 01:10:00.427,n,347.18296,4.064167,4.82,347,992.49136,992.6,992.4,99.800528,99.8,99.8,25.597362,25.7,25.5,0,10.455408
2026/09/08 01:20:00.431,n,340.84364,3.896536,4.96,338,992.4116,992.5,992.4,99.79884,99.8,99.7,25.521068,25.6,25.4,0,10.602668
2026/09/08 01:30:00.436,n,336.96544,4.027418,4.81,338,992.38872,992.4,992.3,99.799512,99.8,99.7,25.394612,25.5,25.3,0,10.897186
2026/09/08 01:40:00.427,n,338.52428,3.632532,4.78,340,992.41232,992.5,992.3,99.753304,99.8,99.7,25.374642,25.4,25.3,0,10.455408
2026/09/08 01:50:00.423,n,343.325,3.710751,4.94,337,992.3716,992.5,992.3,99.709968,99.8,99.7,25.41628,25.5,25.3,0,10.897186
2026/09/08 02:00:00.430,n,359.5122,3.027868,4.47,353,992.39016,992.6,992.3,99.702176,99.8,99.7,25.389276,25.4,25.3,0,10.897186
2026/09/08 02:10:00.424,n,7.016587,1.637066,2.75,356,992.6016,992.7,992.5,99.699472,99.7,99.7,25.403138,25.5,25.3,0,10.897186
2026/09/08 02:20:00.427,n,127.69276,2.070817,2.92,136,992.71816,992.8,992.6,99.699472,99.7,99.7,24.548866,25.3,24.1,0,10.602668
2026/09/08 02:30:00.429,n,142.28714,2.216,2.77,149,992.83576,992.9,992.7,99.699472,99.7,99.7,24.052702,24.2,24,0,10.897186
2026/09/08 02:40:00.428,n,163.98838,1.705667,2.79,161,992.8268,992.9,992.7,99.699472,99.7,99.7,23.941814,24,23.9,0,10.602668
2026/09/08 02:50:00.430,n,167.57602,1.4114,1.81,165,992.70048,992.8,992.6,99.699472,99.7,99.7,23.901948,24,23.8,0,10.897186
2026/09/08 03:00:00.437,n,182.33172,1.315783,2.24,180,992.678,992.8,992.6,99.699472,99.7,99.7,23.96373,24,23.9,0,10.455408
2026/09/08 03:10:00.427,n,167.97382,1.8352,2.23,160,992.79336,992.9,992.7,99.699472,99.7,99.7,23.80511,24,23.7,0,10.897186
2026/09/08 03:20:00.427,n,169.94732,1.903251,2.61,171,992.81336,992.9,992.7,99.699472,99.7,99.7,23.64406,23.7,23.6,0,10.897186
2026/09/08 03:30:00.433,n,176.84362,1.59335,2.59,189,992.81912,992.9,992.7,99.765992,99.8,99.7,23.574928,23.7,23.5,0,10.897186
2026/09/08 03:40:00.426,n,169.44632,1.225233,1.94,181,992.78136,992.9,992.6,99.800528,99.8,99.8,23.469488,23.6,23.4,0,10.749928
2026/09/08 03:50:00.426,n,161.07616,1.209001,1.54,165,992.62368,992.7,992.6,99.800528,99.8,99.8,23.34188,23.4,23.2,0,10.897186
2026/09/08 04:00:00.430,n,155.2323,1.656117,2.17,157,992.67984,992.8,992.6,99.800528,99.8,99.8,23.359558,23.4,23.3,0,10.897186
2026/09/08 04:10:00.431,n,143.24396,1.60305,2.25,141,992.72376,992.8,992.6,99.800528,99.8,99.8,23.39345,23.4,23.3,0,10.897186
2026/09/08 04:20:00.434,n,140.79866,1.316117,2.06,143,992.80136,992.9,992.7,99.800528,99.8,99.8,23.400122,23.4,23.4,0,10.455408
2026/09/08 04:30:00.437,n,153.6215,1.252867,1.69,169,992.92688,993,992.8,99.800528,99.8,99.8,23.434074,23.5,23.4,0,10.897186
2026/09/08 04:40:00.427,n,164.93496,1.5385,1.79,166,992.99984,993,992.9,99.800528,99.8,99.8,23.399774,23.5,23.3,0,10.897186
2026/09/08 04:50:00.430,n,164.55866,1.679333,2.02,162,992.996,993,992.9,99.800528,99.8,99.8,23.396946,23.4,23.3,0,10.897186
2026/09/08 05:00:00.428,n,169.17808,1.977033,2.31,177,993.00544,993.1,993,99.800528,99.8,99.8,23.372308,23.4,23.3,0,10.897186
2026/09/08 05:10:00.427,n,182.36224,1.686866,2.4,188,993.05248,993.1,993,99.800528,99.8,99.8,23.30355,23.4,23.2,0,10.455408
2026/09/08 05:20:00.426,n,173.1062,1.372299,2.15,193,992.99128,993.1,992.9,99.800528,99.8,99.8,23.237444,23.3,23.2,0,10.749928
2026/09/08 05:30:00.429,n,175.09472,1.650083,2.24,188,992.98304,993.1,992.9,99.800528,99.8,99.8,23.20129,23.3,23.2,0,10.455408
2026/09/08 05:40:00.429,n,155.17942,1.518917,1.95,144,992.9872,993.1,992.9,99.800528,99.8,99.8,23.218074,23.3,23.2,0,10.455408
2026/09/08 05:50:00.431,n,134.5201,1.377634,1.75,155,992.94992,993,992.9,99.800528,99.8,99.8,23.297544,23.3,23.2,0,10.897186
2026/09/08 06:00:00.436,n,124.9642,0.903016,1.28,145,993.02656,993.2,992.9,99.800528,99.8,99.8,23.308298,23.4,23.2,0,10.897186
2026/09/08 06:10:00.426,n,117.48148,1.28515,2.23,100,993.19296,993.3,993.1,99.800528,99.8,99.8,23.372798,23.5,23.3,0,10.897186
2026/09/08 06:20:00.427,n,116.3829,1.396684,2.26,98,993.3392,993.5,993.2,99.800528,99.8,99.8,23.396456,23.4,23.3,0,10.897186
2026/09/08 06:30:00.431,n,143.8406,0.984967,1.3,136,993.5812,993.6,993.5,99.800528,99.8,99.8,23.3842,23.5,23.3,0,10.897186
2026/09/08 06:40:00.426,n,156.94376,0.606167,1.11,155,993.64624,993.7,993.6,99.800528,99.8,99.8,23.3442,23.4,23.3,0,10.897186
2026/09/08 06:50:00.429,n,156.8412,1.047616,1.31,164,993.61632,993.7,993.5,99.800528,99.8,99.8,23.375306,23.5,23.3,0,10.897186
2026/09/08 07:00:00.435,n,157.044,1.085267,1.65,190,993.61472,993.8,993.5,99.800528,99.8,99.8,23.409508,23.5,23.3,0,10.897186
2026/09/08 07:10:00.439,n,161.5249,1.25995,1.74,190,993.77608,993.8,993.7,99.800528,99.8,99.8,23.493498,23.5,23.4,0,10.897186
2026/09/08 07:20:00.441,n,171.57942,1.083667,1.74,175,993.80632,993.9,993.7,99.800528,99.8,99.8,23.557852,23.6,23.5,0,10.602668
2026/09/08 07:30:00.427,n,181.32164,0.502,1.11,214,993.66672,993.8,993.6,99.800528,99.8,99.8,23.525664,23.6,23.5,0,10.897186
2026/09/08 07:40:00.425,n,90.822808,1.27395,2.1,140,993.32032,993.6,993.2,99.800528,99.8,99.8,23.563804,23.7,23.4,0,11.044446
2026/09/08 07:50:00.425,n,57.152476,1.067433,2.09,80,993.28544,993.4,993.2,99.800528,99.8,99.8,23.791466,24.1,23.5,0,11.044446
2026/09/08 08:00:00.427,n,69.344464,1.1084,2.31,115,993.39456,993.4,993.3,99.800528,99.8,99.8,24.005606,24.1,23.9,0,11.191704
2026/09/08 08:10:00.424,n,82.336584,1.435001,2.17,83,993.37768,993.5,993.3,99.800528,99.8,99.8,24.031312,24.3,23.9,0,11.191704
2026/09/08 08:20:00.429,n,93.051056,1.110983,1.9,64,993.44864,993.5,993.4,99.800528,99.8,99.8,24.183066,24.4,24,0,11.486222
2026/09/08 08:30:00.427,n,19.768422,0.73955,1.57,95,993.37704,993.5,993.3,99.783768,99.8,99.7,24.52018,24.7,24.3,0,11.486222
2026/09/08 08:40:00.435,n,34.4253,0.842217,1.73,49,993.43512,993.6,993.3,99.699472,99.7,99.7,24.995356,25.5,24.5,0,11.486222
2026/09/08 08:50:00.438,n,281.61474,0.492383,1.48,215,993.68448,993.8,993.6,99.699472,99.7,99.7,25.623202,25.8,25.5,0,11.191704
2026/09/08 09:00:00.426,n,303.8125,0.7427,1.69,310,993.76328,993.9,993.7,99.699472,99.7,99.7,25.704678,25.8,25.5,0,11.338964
2026/09/08 09:10:00.429,n,329.52704,1.737066,2.42,334,993.7416,993.9,993.6,99.699472,99.7,99.7,25.305048,25.5,25.2,0,11.191704
2026/09/08 09:20:00.427,n,323.65946,1.513566,2.48,336,993.87704,994,993.7,99.699472,99.7,99.7,25.270446,25.4,25.2,0,11.338964
2026/09/08 09:30:00.429,n,335.60236,1.428083,2.26,329,993.83248,993.9,993.7,99.699472,99.7,99.7,25.29924,25.4,25.2,0,11.338964
2026/09/08 09:40:00.426,n,345.12796,1.454399,2,334,993.7388,993.9,993.7,99.699472,99.7,99.7,25.268652,25.3,25.2,0,10.897186
2026/09/08 09:50:00.427,n,328.9452,1.228117,2.17,349,993.8396,994,993.7,99.699472,99.7,99.7,25.266816,25.3,25.2,0,10.897186
2026/09/08 10:00:00.432,n,332.11768,1.404783,2.26,335,993.97624,994.1,993.9,99.699472,99.7,99.7,25.22487,25.3,25.2,0,11.191704
2026/09/08 10:10:00.434,n,333.16962,1.781434,2.56,341,993.89224,994,993.8,99.699472,99.7,99.7,25.234082,25.3,25.2,0,10.897186
2026/09/08 10:20:00.439,n,312.073,1.368034,1.99,321,993.95856,994,993.9,99.699472,99.7,99.7,25.216586,25.3,25.2,0,11.044446
2026/09/08 10:30:00.441,n,319.0382,1.562984,2.37,339,993.88456,994,993.7,99.699472,99.7,99.7,25.143946,25.3,25,0,11.191704
2026/09/08 10:40:00.426,n,333.02442,2.013668,3.24,333,993.72072,993.8,993.6,99.699472,99.7,99.7,25.096394,25.2,25,0,11.191704
2026/09/08 10:50:00.426,n,332.51456,1.93715,3.3,322,993.78688,993.9,993.6,99.699472,99.7,99.7,25.110038,25.2,25,0,11.044446
2026/09/08 11:00:00.426,n,334.09778,1.672717,2.55,330,993.772,993.9,993.6,99.699472,99.7,99.7,25.11779,25.2,25,0,10.749928
2026/09/08 11:10:00.427,n,343.0278,2.157067,3.09,339,993.626,993.7,993.6,99.699472,99.7,99.7,25.090904,25.2,25,0,10.749928
2026/09/08 11:20:00.428,n,349.4356,2.2229,3.5,332,993.55856,993.6,993.5,99.699472,99.7,99.7,25.178276,25.4,25.1,0,10.749928
2026/09/08 11:30:00.431,n,349.5284,3.094134,4.02,347,993.282,993.5,993.1,99.699472,99.7,99.7,25.016604,25.1,24.9,0,10.602668
2026/09/08 11:40:00.436,n,357.09328,3.034133,3.68,350,993.06736,993.2,992.9,99.699472,99.7,99.7,24.906578,25.1,24.7,0,10.602668
2026/09/08 11:50:00.438,n,1.945616,2.392001,3.34,7,993.11056,993.2,993,99.699472,99.7,99.7,24.855156,25,24.7,0,10.602668
2026/09/08 12:00:00.423,n,5.724195,2.26125,3.45,12,993.00312,993.2,992.6,99.699472,99.7,99.7,24.901604,25,24.8,0,10.897186
2026/09/08 12:10:00.425,n,4.393575,2.881083,3.82,6,992.74592,992.9,992.6,99.699472,99.7,99.7,24.958334,25.1,24.8,0,10.897186
2026/09/08 12:20:00.424,n,16.421336,3.2857,4.84,19,992.63592,992.8,992.5,99.699472,99.7,99.7,25.008342,25.1,24.9,0,10.897186
2026/09/08 12:30:00.426,n,21.906256,3.726016,4.7,23,992.29072,992.5,992.1,99.699472,99.7,99.7,25.012092,25.1,24.9,0,10.897186
2026/09/08 12:40:00.426,n,18.536678,3.787401,4.46,10,991.99752,992.2,991.9,99.699472,99.7,99.7,25.038756,25.2,24.9,0,10.897186
2026/09/08 12:50:00.425,n,29.559342,3.264817,4.32,36,992.01768,992.1,991.9,99.699472,99.7,99.7,25.075234,25.2,25,0,10.897186
2026/09/08 13:00:00.426,n,25.95436,3.02885,4.02,24,992.07584,992.3,992,99.699472,99.7,99.7,25.08121,25.2,25,0,10.897186
2026/09/08 13:10:00.428,n,20.786752,1.145683,2.71,11,992.62168,992.9,992.3,99.699472,99.7,99.7,25.10321,25.2,25.1,0,10.455408
2026/09/08 13:20:00.431,n,47.088656,1.371649,1.83,33,992.65448,992.8,992.5,99.699472,99.7,99.7,25.005154,25.1,24.9,0,10.897186
2026/09/08 13:30:00.435,n,47.64652,1.675401,2.43,51,992.34896,992.6,992.2,99.699472,99.7,99.7,24.968606,25,24.9,0,10.455408
2026/09/08 13:40:00.424,n,55.0665,1.726384,2.77,49,992.04232,992.3,991.9,99.699472,99.7,99.7,24.884718,25,24.8,0,10.455408
2026/09/08 13:50:00.427,n,150.45152,1.193133,2.39,135,991.82328,991.9,991.8,99.794696,99.8,99.7,24.780756,24.9,24.5,0,10.897186
2026/09/08 14:00:00.428,n,335.2721,1.0479,1.92,82,991.81072,991.9,991.8,99.800528,99.8,99.8,24.791264,25,24.6,0,10.602668
2026/09/08 14:10:00.432,n,96.315464,0.973133,1.77,88,991.74896,991.8,991.7,99.800528,99.8,99.8,24.794024,24.9,24.7,0,10.749928
2026/09/08 14:20:00.433,n,44.869008,1.428183,2.02,45,991.55912,991.7,991.5,99.800528,99.8,99.8,24.789778,24.9,24.7,0,10.897186
2026/09/08 14:30:00.424,n,43.613892,0.8836,1.76,54,991.72592,991.8,991.6,99.800528,99.8,99.8,24.846816,25,24.7,0,11.044446
2026/09/08 14:40:00.425,n,325.00492,1.283601,1.96,301,991.8308,991.9,991.7,99.800528,99.8,99.8,24.869438,25,24.8,0,11.044446
2026/09/08 14:50:00.428,n,316.86704,1.894984,2.64,308,991.7852,991.9,991.6,99.800528,99.8,99.8,24.754616,24.9,24.6,0,11.338964
2026/09/08 15:00:00.431,n,326.85718,1.741967,2.43,337,991.69192,991.8,991.6,99.800528,99.8,99.8,24.705402,24.9,24.6,0,11.338964
2026/09/08 15:10:00.427,n,335.76124,2.034648,3.11,337,991.74688,991.8,991.7,99.749752,99.8,99.7,24.63614,24.9,24.3,0,11.044446
2026/09/08 15:20:00.426,n,355.13132,3.100916,3.83,7,991.75088,991.8,991.7,99.699472,99.7,99.7,25.002662,25.2,24.7,0,11.044446
2026/09/08 15:30:00.423,n,15.961634,2.881782,3.83,8,991.54216,991.7,991.4,99.699472,99.7,99.7,25.0953,25.2,25,0,10.602668
2026/09/08 15:40:00.425,n,45.456128,2.375301,3.18,60,991.25544,991.4,991.1,99.699472,99.7,99.7,25.209582,25.3,25.1,0,11.044446
2026/09/08 15:50:00.429,n,72.125904,1.259633,2.22,47,991.29704,991.5,991.2,99.699472,99.7,99.7,25.240232,25.4,25.2,0,11.044446
2026/09/08 16:00:00.434,n,351.96904,2.157149,3.74,342,991.41968,991.6,991.3,99.699472,99.7,99.7,25.306558,25.5,25.2,0,11.044446
2026/09/08 16:10:00.436,n,14.359478,4.107063,5.99,14,991.00616,991.4,990.5,99.699472,99.7,99.7,25.41363,25.6,25.2,0,11.044446
2026/09/08 16:20:00.427,n,36.108672,5.554618,6.58,43,990.3408,990.6,990.2,99.699472,99.7,99.7,25.505998,25.6,25.4,0,10.897186
2026/09/08 16:30:00.426,n,43.107844,3.998519,5.77,40,990.57296,990.7,990.4,99.699472,99.7,99.7,25.618442,25.7,25.5,0,11.044446
2026/09/08 16:40:00.426,n,62.72696,3.103682,5.84,45,990.90832,991.1,990.5,99.699472,99.7,99.7,25.545396,25.6,25.5,0,10.897186
2026/09/08 16:50:00.424,n,67.895256,1.408117,2.21,65,991.12216,991.3,991,99.699472,99.7,99.7,25.477254,25.6,25.4,0,10.455408
2026/09/08 17:00:00.426,n,61.828112,1.415,2.2,46,991.17208,991.3,991.1,99.699472,99.7,99.7,25.507448,25.6,25.4,0,10.602668
2026/09/08 17:10:00.424,n,26.848382,3.351085,5.63,2,990.98264,991.1,990.9,99.699472,99.7,99.7,25.58777,25.8,25.5,0,10.897186
2026/09/08 17:20:00.424,n,355.7744,4.963747,6.06,359,991.09856,991.2,991,99.699472,99.7,99.7,25.66761,25.8,25.5,0,10.897186
2026/09/08 17:30:00.427,n,2.4379,4.907801,5.55,2,991.282,991.4,991,99.699472,99.7,99.7,25.614042,25.7,25.6,0,10.897186
2026/09/08 17:40:00.436,n,357.92316,4.952832,5.55,350,991.38296,991.5,991.3,99.699472,99.7,99.7,25.736544,25.9,25.6,0,10.897186
2026/09/08 17:50:00.436,n,4.652173,4.997197,5.92,11,991.27872,991.5,991.1,99.699472,99.7,99.7,25.886422,26,25.7,0,10.897186
2026/09/08 18:00:00.438,n,7.149845,4.110351,5.44,25,991.57168,991.7,991.4,99.699472,99.7,99.7,26.076866,26.2,26,0,10.602668
2026/09/08 18:10:00.425,n,21.693534,4.090297,5.11,10,991.51928,991.7,991.4,99.699472,99.7,99.7,26.251294,26.4,26.1,0,10.455408
2026/09/08 18:20:00.426,n,12.909876,3.097251,3.96,12,991.7808,991.8,991.6,99.699472,99.7,99.7,26.380158,26.5,26.3,0,10.455408
2026/09/08 18:30:00.424,n,23.123908,3.051866,3.91,13,991.7848,991.8,991.7,99.699472,99.7,99.7,26.490326,26.6,26.4,0,10.749928
2026/09/08 18:40:00.425,n,31.276448,3.116065,3.97,36,991.82064,992.1,991.7,99.703368,99.8,99.7,26.523754,26.6,26.5,0,10.602668
2026/09/08 18:50:00.423,n,63.54226,2.3392,3.34,42,992.01976,992.2,991.9,99.699472,99.7,99.7,26.493846,26.6,26.4,0,10.749928
2026/09/08 19:00:00.427,n,46.35868,3.236301,4.15,41,991.79024,992,991.7,99.699472,99.7,99.7,26.44489,26.5,26.4,0,10.455408
2026/09/08 19:10:00.432,n,57.176572,2.27785,3.63,46,991.83072,992.1,991.7,99.699472,99.7,99.7,26.263608,26.6,26,0,10.897186
2026/09/08 19:20:00.430,n,69.407096,1.916434,2.97,57,991.89328,992.1,991.7,99.699472,99.7,99.7,25.91662,26,25.8,0,10.897186
2026/09/08 19:30:00.435,n,96.657,2.2952,2.86,109,991.85008,992,991.7,99.699472,99.7,99.7,25.720708,26,25.5,0,10.897186
2026/09/08 19:40:00.426,n,118.15066,0.9714,2.38,103,991.97,992.1,991.8,99.699472,99.7,99.7,25.425282,25.5,25.2,0,10.749928
2026/09/08 19:50:00.428,n,121.71456,1.227349,1.99,186,992.19944,992.5,991.9,99.699472,99.7,99.7,25.260268,25.3,25.2,0,10.897186
2026/09/08 20:00:00.432,n,160.93262,1.61645,2.1,190,992.47112,992.5,992.4,99.699472,99.7,99.7,25.34197,25.4,25.2,0,10.455408
2026/09/08 20:10:00.432,n,135.48062,1.068583,1.81,134,992.44784,992.5,992.4,99.699472,99.7,99.7,25.392932,25.5,25.3,0,10.455408
2026/09/08 20:20:00.427,n,114.76318,0.917483,1.4,126,992.4704,992.6,992.4,99.699472,99.7,99.7,25.301764,25.4,25.2,0,10.749928
2026/09/08 20:30:00.428,n,178.59428,0.4214,0.91,160,992.7324,992.8,992.6,99.699472,99.7,99.7,25.121066,25.2,25,0,10.455408
2026/09/08 20:40:00.427,n,54.429404,0.6518,1.51,129,992.80456,992.8,992.7,99.699472,99.7,99.7,25.087026,25.2,24.9,0,10.749928
2026/09/08 20:50:00.428,n,54.107048,1.415334,1.9,41,992.71848,992.8,992.7,99.699472,99.7,99.7,25.17626,25.3,25.1,0,10.897186
2026/09/08 21:00:00.435,n,49.6754,2.14905,2.95,40,992.68872,992.8,992.6,99.699472,99.7,99.7,25.279058,25.4,25.2,0,10.455408
2026/09/08 21:10:00.425,n,65.595084,2.012034,3.51,62,992.77464,992.8,992.7,99.699472,99.7,99.7,25.249238,25.4,25.2,0,10.455408
2026/09/08 21:20:00.424,n,63.477248,2.860833,4.51,42,992.66248,992.8,992.6,99.699472,99.7,99.7,25.283286,25.4,25.2,0,10.897186
2026/09/08 21:30:00.424,n,90.178336,2.322884,3.67,82,992.55104,992.7,992.4,99.73604,99.8,99.7,25.06437,25.2,24.9,0,10.897186
2026/09/08 21:40:00.427,n,108.06286,2.409383,3.95,103,992.37736,992.5,992.3,99.800528,99.8,99.8,24.851702,25,24.8,0,10.897186
2026/09/08 21:50:00.431,n,108.97136,1.88115,2.98,102,992.37888,992.5,992.3,99.800528,99.8,99.8,24.776958,24.8,24.7,0,10.897186
2026/09/08 22:00:00.436,n,112.87048,1.350433,2.08,123,992.38136,992.4,992.3,99.800528,99.8,99.8,24.765586,24.8,24.7,0,10.455408
2026/09/08 22:10:00.427,n,122.44354,1.252083,1.73,130,992.36512,992.4,992.3,99.800528,99.8,99.8,24.75084,24.8,24.7,0,10.749928
2026/09/08 22:20:00.427,n,134.27946,0.95075,1.49,122,992.2172,992.3,992.2,99.800528,99.8,99.8,24.708606,24.8,24.7,0,10.749928
2026/09/08 22:30:00.429,n,313.22266,0.791317,1.26,320,992.26176,992.3,992.2,99.800528,99.8,99.8,24.772408,24.8,24.7,0,10.455408
2026/09/08 22:40:00.428,n,302.26992,1.22805,1.91,307,992.21456,992.3,992.2,99.800528,99.8,99.8,24.770714,24.8,24.7,0,10.897186
2026/09/08 22:50:00.428,n,316.422,1.860316,2.66,335,992.24912,992.3,992.2,99.800528,99.8,99.8,24.850162,25,24.8,0,10.897186
2026/09/08 23:00:00.428,n,335.03292,2.510135,3.12,336,992.20552,992.3,992.1,99.800528,99.8,99.8,24.908262,25,24.8,0,10.749928
2026/09/08 23:10:00.429,n,342.57332,3.117149,4.07,344,992.16864,992.2,992.1,99.800528,99.8,99.8,24.88225,25,24.7,0,10.897186
2026/09/08 23:20:00.428,n,354.17048,3.49775,4.34,341,992.18912,992.2,992.1,99.800528,99.8,99.8,24.824026,25,24.7,0,10.897186
2026/09/08 23:30:00.428,n,9.932412,3.805065,4.54,10,992.10528,992.2,992.1,99.739088,99.8,99.7,24.886824,25.1,24.7,0,10.897186
2026/09/08 23:40:00.434,n,28.974076,3.829735,4.61,41,992.11584,992.2,992,99.699472,99.7,99.7,25.043212,25.2,24.9,0,10.455408
2026/09/08 23:50:00.436,n,42.238544,3.791268,4.77,41,992.11912,992.2,992,99.699472,99.7,99.7,25.02109,25.1,24.9,0,10.897186
2026/09/09 00:00:00.439,n,38.952132,4.473116,5.82,39,992.0644,992.1,992,99.699472,99.7,99.7,25.039262,25.2,24.9,0,10.897186
2026/09/09 00:10:00.427,n,36.184232,4.509454,5.55,46,991.94064,992.1,991.8,99.699472,99.7,99.7,25.131486,25.4,24.9,0,10.455408
2026/09/09 00:20:00.424,n,20.826454,4.423331,5.63,23,991.84208,991.9,991.7,99.699472,99.7,99.7,25.261772,25.4,25.2,0,10.897186
2026/09/09 00:30:00.424,n,36.399388,4.3333,5.17,46,991.80096,991.9,991.7,99.699472,99.7,99.7,25.210584,25.3,25.1,0,10.897186
2026/09/09 00:40:00.427,n,22.74724,3.365901,4.49,23,991.9412,992.1,991.8,99.699472,99.7,99.7,25.183848,25.3,25.1,0,10.455408
2026/09/09 00:50:00.425,n,340.51984,3.253118,4.87,331,992.09336,992.2,992,99.699472,99.7,99.7,25.26213,25.4,25.1,0,10.897186
2026/09/09 01:00:00.432,n,5.707988,1.204334,3.25,12,992.02896,992.1,992,99.710472,99.8,99.7,25.107214,25.2,25,0,10.455408
2026/09/09 01:10:00.432,n,348.71852,1.7088,3.81,327,992.07224,992.1,991.9,99.800528,99.8,99.8,25.064688,25.1,25,0,10.455408
2026/09/09 01:20:00.434,n,326.35916,2.265366,4.05,328,991.93576,992,991.8,99.800528,99.8,99.8,25.087254,25.2,25,0,10.749928
2026/09/09 01:30:00.438,n,355.8318,1.809317,2.33,20,991.8324,991.9,991.7,99.800528,99.8,99.8,24.970798,25.1,24.9,0,10.749928
2026/09/09 01:40:00.424,n,22.583246,1.924767,2.86,29,991.6804,991.8,991.5,99.800528,99.8,99.8,24.963352,25,24.9,0,10.897186
2026/09/09 01:50:00.425,n,46.890056,2.0348,3.07,40,991.5376,991.6,991.4,99.800528,99.8,99.8,24.951398,25.1,24.9,0,10.749928
2026/09/09 02:00:00.423,n,49.580312,2.283517,3.34,48,991.45208,991.6,991.4,99.800528,99.8,99.8,24.976016,25,24.9,0,10.455408
2026/09/09 02:10:00.427,n,26.703772,2.196117,3.04,15,991.57152,991.7,991.4,99.800528,99.8,99.8,25.044382,25.1,24.9,0,10.897186
2026/09/09 02:20:00.423,n,78.931488,1.794149,2.85,83,991.6832,991.7,991.6,99.800528,99.8,99.8,25.021282,25.1,24.8,0,10.455408
2026/09/09 02:30:00.425,n,97.676112,1.681367,2.61,79,991.68648,991.8,991.6,99.800528,99.8,99.8,24.75603,24.9,24.6,0,10.455408
2026/09/09 02:40:00.427,n,104.96816,1.901416,2.79,104,991.69656,991.8,991.6,99.800528,99.8,99.8,24.598074,24.7,24.5,0,10.455408
2026/09/09 02:50:00.432,n,98.575872,1.674517,2.07,101,991.67688,991.8,991.6,99.800528,99.8,99.8,24.507832,24.6,24.5,0,10.602668
2026/09/09 03:00:00.435,n,96.963192,1.713051,2.59,114,991.60056,991.7,991.5,99.800528,99.8,99.8,24.49784,24.5,24.4,0,10.897186
2026/09/09 03:10:00.427,n,104.13142,2.059799,2.99,102,991.58432,991.6,991.5,99.800528,99.8,99.8,24.42414,24.5,24.4,0,10.455408
2026/09/09 03:20:00.428,n,103.60728,1.4515,2.72,101,991.68856,991.8,991.5,99.800528,99.8,99.8,24.388754,24.4,24.3,0,10.749928
2026/09/09 03:30:00.426,n,111.21706,1.85785,2.53,112,991.57624,991.8,991.4,99.800528,99.8,99.8,24.334794,24.4,24.3,0,10.749928
2026/09/09 03:40:00.427,n,108.77216,2.604332,3.62,121,991.3364,991.5,991.3,99.800528,99.8,99.8,24.320408,24.4,24.3,0,10.897186
2026/09/09 03:50:00.428,n,126.0655,1.541183,2.93,125,991.43944,991.6,991.3,99.800528,99.8,99.8,24.302202,24.4,24.3,0,10.602668
2026/09/09 04:00:00.425,n,12.231112,0.395067,1.03,30,991.59408,991.7,991.5,99.800528,99.8,99.8,24.30839,24.4,24.3,0,10.602668
2026/09/09 04:10:00.427,n,45.792192,1.0343,1.72,53,991.4368,991.6,991.2,99.800528,99.8,99.8,24.390954,24.4,24.3,0,10.749928
2026/09/09 04:20:00.429,n,85.459224,0.91595,1.51,46,991.53768,991.6,991.3,99.800528,99.8,99.8,24.447442,24.5,24.4,0,10.455408
2026/09/09 04:30:00.436,n,97.492896,0.576617,1.14,133,991.59768,991.6,991.5,99.800528,99.8,99.8,24.425534,24.5,24.4,0,10.602668
2026/09/09 04:40:00.426,n,20.43886,0.830083,1.58,358,991.55008,991.6,991.5,99.800528,99.8,99.8,24.58475,24.7,24.5,0,10.455408
2026/09/09 04:50:00.423,n,50.340568,0.962433,1.82,53,991.4892,991.6,991.4,99.800528,99.8,99.8,24.754424,24.9,24.6,0,10.749928
2026/09/09 05:00:00.425,n,36.192972,1.943216,3.18,43,991.37616,991.5,991.3,99.800528,99.8,99.8,25.005376,25.1,24.8,0,10.749928
2026/09/09 05:10:00.425,n,31.356718,2.190151,3.45,31,991.42624,991.5,991.3,99.800528,99.8,99.8,25.160032,25.4,25.1,0,10.455408
2026/09/09 05:20:00.431,n,10.252322,2.776483,3.9,5,991.52944,991.6,991.5,99.800528,99.8,99.8,25.367012,25.6,25.2,0,10.455408
2026/09/09 05:30:00.432,n,357.29784,3.994231,5.46,351,991.49912,991.6,991.4,99.765152,99.8,99.7,25.541904,25.7,25.4,0,10.897186
2026/09/09 05:40:00.428,n,336.23576,5.176219,6.22,341,991.6248,991.8,991.5,99.699472,99.7,99.7,25.451576,25.6,25.3,0,10.749928
2026/09/09 05:50:00.430,n,335.35468,4.522218,5.69,338,991.85112,992,991.7,99.699472,99.7,99.7,25.433442,25.6,25.3,0,10.749928
2026/09/09 06:00:00.433,n,325.55322,3.7585,5.3,318,992.18176,992.4,992,99.699472,99.7,99.7,25.434416,25.5,25.4,0,10.749928
2026/09/09 06:10:00.427,n,336.54396,3.97575,5.35,318,992.26072,992.4,992.1,99.702176,99.8,99.7,25.372252,25.5,25.2,0,10.455408
2026/09/09 06:20:00.428,n,338.77416,2.862851,3.44,334,992.42624,992.5,992.3,99.800528,99.8,99.8,25.28827,25.4,25.2,0,10.455408
2026/09/09 06:30:00.425,n,337.27904,2.838386,3.86,334,992.44408,992.5,992.4,99.800528,99.8,99.8,25.246076,25.4,25.1,0,10.455408
2026/09/09 06:40:00.428,n,348.47796,2.374216,2.97,352,992.20504,992.4,992.1,99.800528,99.8,99.8,25.240034,25.3,25.2,0,10.897186
2026/09/09 06:50:00.434,n,358.46584,2.80335,3.52,358,992.0552,992.2,992,99.800528,99.8,99.8,25.283134,25.4,25.2,0,11.191704
2026/09/09 07:00:00.425,n,344.79752,2.4731,3.26,340,992.18648,992.3,992.1,99.800528,99.8,99.8,25.318596,25.4,25.2,0,10.749928
2026/09/09 07:10:00.425,n,337.50712,3.261001,4.28,329,992.24832,992.3,992.2,99.800528,99.8,99.8,25.35197,25.4,25.3,0,10.602668
2026/09/09 07:20:00.429,n,340.857,3.783152,4.74,336,992.1932,992.2,992.1,99.800528,99.8,99.8,25.390896,25.5,25.3,0,10.897186
2026/09/09 07:30:00.432,n,337.38312,4.677763,5.41,340,992.16424,992.2,992.1,99.800528,99.8,99.8,25.296094,25.4,25.2,0,10.897186
2026/09/09 07:40:00.427,n,340.51012,4.764519,5.59,343,992.13712,992.2,992.1,99.800528,99.8,99.8,25.319202,25.4,25.2,0,10.749928
2026/09/09 07:50:00.426,n,342.80528,5.635702,6.91,343,992.10584,992.2,992,99.800528,99.8,99.8,25.178752,25.5,25,0,11.191704
2026/09/09 08:00:00.425,n,345.8966,6.072684,7.41,345,992.0252,992.2,991.9,99.774968,99.8,99.7,25.206652,25.3,25.1,0,11.044446
2026/09/09 08:10:00.430,n,345.0504,6.761467,8.29,344,992.09232,992.3,991.9,99.699472,99.7,99.7,25.469258,25.7,25.1,0,10.602668
2026/09/09 08:20:00.434,n,340.6862,7.983094,9.69,339,992.29248,992.4,992.2,99.699472,99.7,99.7,25.629472,25.7,25.5,0,10.897186
2026/09/09 08:30:00.428,n,339.21936,7.995462,9.15,342,992.23264,992.4,992.1,99.699472,99.7,99.7,25.546014,25.7,25.4,0,10.897186
2026/09/09 08:40:00.425,n,334.3207,8.363347,9.95,325,992.4,992.6,992.2,99.699472,99.7,99.7,25.496152,25.7,25.4,0,10.897186
2026/09/09 08:50:00.429,n,334.63772,9.72093,11.79,330,992.39224,992.5,992.3,99.699472,99.7,99.7,25.507186,25.7,25.2,0,10.897186
2026/09/09 09:00:00.434,n,330.66926,10.071302,12.44,327,992.42392,992.6,992.3,99.699472,99.7,99.7,24.888826,25.2,24.6,0,10.602668
2026/09/09 09:10:00.427,n,330.1221,10.982978,13.01,329,992.46256,992.6,992.3,99.699472,99.7,99.7,24.582944,24.7,24.4,0,10.602668
2026/09/09 09:20:00.428,n,333.04168,11.848466,14.28,334,992.4628,992.7,992.3,99.699472,99.7,99.7,24.588288,24.7,24.4,0,10.602668
2026/09/09 09:30:00.424,n,328.5987,13.77261,18.67,326,992.37968,992.8,992,99.699472,99.7,99.7,24.36251,24.7,24.1,0,10.749928
2026/09/09 09:40:00.430,n,329.3316,14.139458,16.8,332,992.38472,992.7,992.1,99.699472,99.7,99.7,24.047044,24.3,23.6,0,10.749928
2026/09/09 09:50:00.432,n,329.41916,13.29317,16.16,317,992.55624,992.9,992.1,99.699472,99.7,99.7,23.680974,23.9,23.5,0,10.455408
2026/09/09 10:00:00.438,n,329.5058,13.841478,16.64,327,992.36232,992.7,992,99.699472,99.7,99.7,23.640268,23.8,23.5,0,10.897186
2026/09/09 10:10:00.425,n,332.08132,14.008854,17.65,328,992.27968,992.7,992,99.699472,99.7,99.7,23.67207,24,23.5,0,10.897186
2026/09/09 10:20:00.427,n,330.0347,13.273488,16.71,330,992.40184,992.9,992,99.699472,99.7,99.7,23.811086,24,23.6,0,10.897186
2026/09/09 10:30:00.429,n,326.39376,13.815794,17.19,325,992.8004,993.1,992.4,99.699472,99.7,99.7,23.77226,24,23.6,0,10.602668
2026/09/09 10:40:00.426,n,323.5496,16.64139,20.72,324,992.90664,993.3,992.3,99.699472,99.7,99.7,23.590728,23.8,23.3,0,10.749928
2026/09/09 10:50:00.428,n,330.4983,16.880546,20.32,331,992.69576,993.1,992.2,99.699472,99.7,99.7,23.382958,23.6,23.3,0,10.897186
2026/09/09 11:00:00.426,n,330.87484,15.441598,18.52,324,992.97032,993.4,992.5,99.699472,99.7,99.7,23.323792,23.6,23.1,0,11.191704
2026/09/09 11:10:00.425,n,329.361,15.31245,19.07,323,993.06936,993.5,992.7,99.699472,99.7,99.7,23.237218,23.4,23.1,0,11.044446
2026/09/09 11:20:00.428,n,333.80866,14.41102,17.82,325,992.91896,993.2,992.5,99.699472,99.7,99.7,23.112026,23.4,22.9,0,11.044446
2026/09/09 11:30:00.433,n,335.99604,12.215862,15.74,334,993.16968,993.4,992.9,99.699472,99.7,99.7,23.124484,23.4,23,0,11.191704
2026/09/09 11:40:00.435,n,336.06856,11.767018,14.98,334,993.2736,993.5,993.1,99.699472,99.7,99.7,23.002226,23.3,22.8,0,11.338964
2026/09/09 11:50:00.440,n,341.14912,11.065172,13.44,336,993.22848,993.4,993,99.699472,99.7,99.7,23.15856,23.5,22.8,0,11.191704
2026/09/09 12:00:00.428,n,337.36916,11.279686,14.29,333,993.134,993.4,992.8,99.699472,99.7,99.7,23.458498,23.6,23.3,0,11.633482
2026/09/09 12:10:00.426,n,331.9133,14.341884,20.2,330,992.94648,993.3,992.4,99.699472,99.7,99.7,23.54518,23.9,23.1,0,11.338964
2026/09/09 12:20:00.425,n,329.09122,17.895658,21.75,325,992.68368,993.1,992.2,99.707264,99.8,99.7,22.819274,23.2,22.6,0,11.486222
2026/09/09 12:30:00.426,n,329.9671,18.167136,21.91,330,992.75896,993.3,992.3,99.76468,99.8,99.7,22.750498,23,22.5,0,11.191704
2026/09/09 12:40:00.425,n,329.06588,16.86712,20.71,329,993.10512,993.6,992.4,99.775816,99.8,99.7,22.698004,23,22.5,0,11.191704
2026/09/09 12:50:00.427,n,329.63648,17.084712,22.29,341,993.12648,993.8,992.3,99.77512,99.8,99.7,22.470294,22.8,22.3,0,11.044446
2026/09/09 13:00:00.429,n,331.45246,17.147588,20.98,335,993.20248,993.7,992.7,99.781536,99.8,99.7,22.34535,22.7,22.1,0,11.191704
2026/09/09 13:10:00.435,n,332.07464,16.560598,20.64,329,993.20992,993.7,992.7,99.774016,99.8,99.7,22.28019,22.5,22.1,0,11.338964
2026/09/09 13:20:00.434,n,335.35352,14.93005,19.45,328,993.32936,993.6,992.9,99.784208,99.8,99.7,22.310522,22.5,22.1,0,11.191704
2026/09/09 13:30:00.438,n,332.67188,12.772268,15.05,334,993.61376,993.8,993.3,99.795616,99.8,99.7,22.35668,22.6,22.1,0,10.897186
2026/09/09 13:40:00.425,n,335.09342,13.109318,15.47,334,993.5656,993.8,993.4,99.789264,99.8,99.7,22.433404,22.6,22.3,0,11.191704
2026/09/09 13:50:00.428,n,337.35316,12.62721,15.03,331,993.64664,993.9,993.4,99.798864,99.8,99.7,22.372792,22.6,22.1,0,10.897186
2026/09/09 14:00:00.427,n,332.07568,12.686736,15.79,329,993.80856,994.2,993.5,99.722504,99.8,99.7,21.804578,22.3,21.3,0,11.191704
2026/09/09 14:10:00.426,n,326.56826,15.47768,18.63,322,994.21824,994.6,993.8,99.699472,99.7,99.7,21.323646,21.7,21.1,0,11.044446
2026/09/09 14:20:00.424,n,330.73754,15.612112,19.04,316,994.28936,994.7,994,99.701504,99.8,99.7,21.18345,21.6,20.9,0,10.897186
2026/09/09 14:30:00.427,n,332.41146,14.29454,17.18,330,994.36312,994.7,994.1,99.699472,99.7,99.7,21.01671,21.3,20.8,0,11.044446
2026/09/09 14:40:00.426,n,333.1322,14.871494,17.36,321,994.3852,994.7,994.1,99.699472,99.7,99.7,20.482152,20.8,20.1,0,10.749928
2026/09/09 14:50:00.429,n,337.9684,13.258676,15.89,331,994.29216,994.5,994.1,99.699472,99.7,99.7,20.535006,20.9,20.2,0,10.897186
2026/09/09 15:00:00.434,n,335.75168,12.318564,14.78,339,994.50136,994.9,994.1,99.699472,99.7,99.7,20.929138,21.2,20.7,0,10.602668
2026/09/09 15:10:00.425,n,329.87844,12.050684,14.33,328,994.85272,995.2,994.6,99.699472,99.7,99.7,20.811616,21.1,20.7,0,10.455408
2026/09/09 15:20:00.425,n,324.62454,11.235766,14.25,315,995.43448,995.7,995.1,99.714872,99.8,99.7,21.165228,21.6,20.7,0,10.897186
2026/09/09 15:30:00.424,n,326.59662,12.33554,15.35,327,995.28872,995.6,995,99.756088,99.8,99.7,21.444364,21.7,21.2,0,10.602668
2026/09/09 15:40:00.430,n,327.54946,12.007566,14.72,323,995.26488,995.5,995,99.775272,99.8,99.7,21.52535,21.8,21.2,0,10.897186
2026/09/09 15:50:00.438,n,328.05404,11.602672,13.81,325,995.2892,995.5,995.1,99.79528,99.8,99.7,21.779796,22,21.6,0,10.749928
2026/09/09 16:00:00.425,n,328.6251,12.492702,15.08,331,995.14256,995.4,994.8,99.793928,99.8,99.7,21.613342,21.8,21.4,0,10.897186
2026/09/09 16:10:00.425,n,326.1459,13.379708,16.42,329,995.2832,995.6,995,99.770056,99.8,99.7,21.57635,21.9,21.3,0,10.897186
2026/09/09 16:20:00.427,n,328.74924,12.56972,16.18,324,995.36648,995.7,995.1,99.773216,99.8,99.7,21.524694,21.8,21.3,0,10.455408
2026/09/09 16:30:00.429,n,331.13404,11.67553,14.33,328,995.64048,995.9,995.3,99.775112,99.8,99.7,21.342138,21.6,21.2,0,10.455408
2026/09/09 16:40:00.427,n,332.47892,12.121418,15.28,322,995.56008,995.9,995.2,99.7822,99.8,99.7,21.4724,21.7,21.2,0,10.602668
2026/09/09 16:50:00.424,n,336.5338,12.36719,14.82,327,995.26048,995.5,995,99.799848,99.8,99.7,21.86198,22.2,21.5,0,10.455408
2026/09/09 17:00:00.428,n,337.89036,12.538824,15.7,332,995.2724,995.6,995,99.800528,99.8,99.8,22.105658,22.3,22,0,10.602668
2026/09/09 17:10:00.430,n,334.71076,11.943566,14.85,331,995.51416,995.9,995.2,99.800528,99.8,99.8,22.252376,22.4,22.1,0,10.455408
2026/09/09 17:20:00.431,n,330.3715,10.842534,13.43,334,996.0292,996.2,995.8,99.800528,99.8,99.8,22.343988,22.5,22.2,0,10.897186
2026/09/09 17:30:00.436,n,337.24008,10.369196,14.06,339,996.09168,996.4,995.8,99.800528,99.8,99.8,22.366172,22.5,22.3,0,10.455408
2026/09/09 17:40:00.439,n,334.48392,9.933104,11.93,341,996.63904,996.9,996.3,99.797336,99.8,99.7,22.500922,22.7,22.4,0,10.455408
2026/09/09 17:50:00.441,n,335.71152,11.546874,13.97,341,996.34664,996.8,995.9,99.799352,99.8,99.7,22.756478,22.9,22.6,0,10.897186
2026/09/09 18:00:00.428,n,331.2326,11.425308,13.99,334,996.38048,996.7,995.9,99.800528,99.8,99.8,22.802674,23,22.7,0,10.749928
2026/09/09 18:10:00.428,n,333.33776,10.873306,13.81,330,996.86808,997.1,996.6,99.80704,99.9,99.8,22.945214,23.1,22.9,0,10.897186
2026/09/09 18:20:00.425,n,333.41604,10.38005,12.69,324,997.236,997.5,997,99.858864,99.9,99.8,23.09126,23.2,23,0,10.749928
2026/09/09 18:30:00.425,n,332.86978,9.037766,11.17,337,997.302,997.4,997.2,99.816488,99.9,99.8,23.045144,23.3,22.8,0,10.749928
2026/09/09 18:40:00.425,n,333.14246,8.795,12.39,340,997.40464,997.6,997.2,99.801696,99.9,99.8,22.86842,23,22.8,0,10.749928
2026/09/09 18:50:00.428,n,333.31524,8.61863,11.51,315,997.6756,997.9,997.5,99.800528,99.8,99.8,22.86767,23,22.7,0,10.455408
2026/09/09 19:00:00.432,n,335.67052,9.274736,11.43,334,997.7488,997.9,997.6,99.800528,99.8,99.8,22.90203,23.1,22.7,0,10.749928
2026/09/09 19:10:00.434,n,335.0523,9.358628,11.5,322,997.85496,998.1,997.6,99.801176,99.9,99.8,22.959454,23.2,22.9,0,10.455408
2026/09/09 19:20:00.438,n,334.0274,8.92804,11.69,331,998.128,998.3,998,99.815136,99.9,99.8,22.960832,23.1,22.8,0,10.455408
2026/09/09 19:30:00.444,n,334.57266,8.599494,10.47,336,998.23528,998.4,998,99.8052,99.9,99.8,22.922464,23.2,22.7,0,10.749928
2026/09/09 19:40:00.426,n,336.10216,8.710072,11.36,338,998.38552,998.5,998.1,99.827416,99.9,99.8,22.972596,23.1,22.8,0,10.455408
2026/09/09 19:50:00.427,n,332.54116,8.701496,10.88,335,998.50936,998.7,998.3,99.817392,99.9,99.8,22.9073,23.2,22.7,0,10.455408
2026/09/09 20:00:00.426,n,333.461,9.475888,11.47,332,998.66248,998.8,998.5,99.800528,99.8,99.8,22.722866,22.9,22.6,0,10.749928
2026/09/09 20:10:00.429,n,335.01318,9.399248,11.11,334,998.73984,998.9,998.6,99.800528,99.8,99.8,22.703524,22.9,22.5,0,10.749928
2026/09/09 20:20:00.424,n,337.0532,9.22782,11.56,336,998.96432,999.2,998.6,99.806168,99.9,99.8,22.663472,22.8,22.5,0,10.749928
2026/09/09 20:30:00.429,n,337.48196,9.586384,11.8,335,999.1044,999.3,999,99.805088,99.9,99.8,22.681868,22.8,22.6,0,10.749928
2026/09/09 20:40:00.428,n,335.0115,11.06165,13.39,331,999.00896,999.2,998.8,99.811016,99.9,99.8,22.643798,22.8,22.5,0,10.897186
2026/09/09 20:50:00.434,n,337.94684,10.211484,13.32,341,999.14688,999.3,999,99.836192,99.9,99.8,22.80986,23.1,22.6,0,10.749928
2026/09/09 21:00:00.436,n,334.15934,9.790866,11.74,327,999.28384,999.5,999.1,99.854768,99.9,99.8,22.758214,23,22.6,0,10.749928
2026/09/09 21:10:00.425,n,329.24564,10.65013,13.44,321,999.38224,999.6,999.2,99.864,99.9,99.8,22.621598,22.8,22.5,0,10.749928
2026/09/09 21:20:00.428,n,332.77808,11.565364,14.5,332,999.33656,999.6,999.1,99.884088,99.9,99.8,22.578742,22.7,22.5,0,10.455408
2026/09/09 21:30:00.426,n,333.39426,11.149916,14.23,346,999.44344,999.7,999.2,99.855904,99.9,99.8,22.595984,22.7,22.5,0,10.749928
2026/09/09 21:40:00.425,n,333.8811,11.503804,14.1,331,999.46816,999.7,999.2,99.85944,99.9,99.8,22.672464,22.8,22.5,0,10.455408
2026/09/09 21:50:00.425,n,331.36854,12.741818,15.96,324,999.38248,999.6,999.2,99.882568,99.9,99.8,22.76677,22.9,22.6,0,10.455408
2026/09/09 22:00:00.426,n,329.19738,13.075268,15.74,327,999.36928,999.6,999.1,99.890456,99.9,99.8,22.809636,23,22.7,0,10.749928
2026/09/09 22:10:00.427,n,333.79468,12.44663,15.3,331,999.47392,999.7,999.1,99.885104,99.9,99.8,22.831938,23.1,22.7,0,10.455408
2026/09/09 22:20:00.433,n,333.7276,12.052818,15.13,340,999.61936,999.8,999.4,99.88216,99.9,99.8,22.82581,23,22.6,0,10.749928
2026/09/09 22:30:00.434,n,330.76068,11.702414,14.49,331,999.79392,1000.1,999.4,99.881488,99.9,99.8,22.756988,22.9,22.6,0,10.455408
2026/09/09 22:40:00.428,n,328.36154,11.589688,13.61,328,1000.0726,1000.4,999.8,99.872808,99.9,99.8,22.665122,22.8,22.5,0,10.749928
2026/09/09 22:50:00.426,n,331.54288,11.278884,14.34,334,1000.2218,1000.5,1000,99.871456,99.9,99.8,22.570814,22.8,22.5,0,10.749928
2026/09/09 23:00:00.428,n,332.14584,12.09939,14.84,326,1000.0176,1000.2,999.8,99.868528,99.9,99.8,22.57611,22.8,22.4,0,10.749928
2026/09/09 23:10:00.426,n,332.7847,11.772072,14.45,332,1000.1096,1000.4,999.9,99.876976,99.9,99.8,22.48681,22.6,22.4,0,10.455408
2026/09/09 23:20:00.426,n,333.9466,10.333538,13.26,330,1000.3806,1000.5,1000.2,99.869392,99.9,99.8,22.491806,22.7,22.4,0,10.749928
2026/09/09 23:30:00.427,n,335.35012,10.038826,12.42,338,1000.3746,1000.5,1000.2,99.88136,99.9,99.8,22.473658,22.6,22.3,0,10.749928
2026/09/09 23:40:00.428,n,333.2807,10.274968,12.16,323,1000.3702,1000.6,1000.1,99.895496,99.9,99.8,22.427898,22.5,22.4,0,10.455408
2026/09/09 23:50:00.433,n,331.00062,9.654106,11.92,324,1000.537,1000.7,1000.3,99.878096,99.9,99.8,22.407044,22.5,22.3,0,10.749928
2026/09/10 00:00:00.432,n,331.4928,9.548498,11.75,333,1000.451,1000.6,1000.3,99.886,99.9,99.8,22.39454,22.5,22.3,0,10.602668
2026/09/10 00:10:00.427,n,331.49978,9.119966,11,337,1000.5168,1000.7,1000.3,99.893224,99.9,99.8,22.304252,22.4,22.2,0,10.749928
2026/09/10 00:20:00.425,n,327.31998,9.141304,11.06,318,1000.6728,1000.9,1000.5,99.89328,99.9,99.8,22.199746,22.3,22.1,0,10.749928
2026/09/10 00:30:00.426,n,330.41208,9.202414,11.27,331,1000.693,1000.8,1000.6,99.897808,99.9,99.8,22.149728,22.3,22.1,0,10.455408
2026/09/10 00:40:00.430,n,331.10232,8.991468,11.9,330,1000.6678,1000.9,1000.5,99.886432,99.9,99.8,22.15317,22.3,22,0,10.749928
2026/09/10 00:50:00.426,n,329.7182,9.628948,13.36,343,1000.664,1000.9,1000.5,99.884168,99.9,99.8,22.212186,22.4,22.1,0,10.308148
2026/09/10 01:00:00.426,n,329.57996,9.67912,11.62,324,1000.766,1001,1000.6,99.89928,99.9,99.8,22.186802,22.3,22,0,10.308148
2026/09/10 01:10:00.424,n,331.53574,9.310068,11.19,325,1000.6698,1000.8,1000.6,99.898792,99.9,99.8,22.096764,22.2,22,0,10.308148
2026/09/10 01:20:00.429,n,328.76484,9.695426,11.85,325,1000.6422,1000.8,1000.5,99.897976,99.9,99.8,21.992504,22.1,21.9,0,10.308148
2026/09/10 01:30:00.432,n,333.07968,9.643818,11.66,331,1000.6458,1000.8,1000.5,99.895784,99.9,99.8,22.084596,22.2,22,0,10.455408
2026/09/10 01:40:00.427,n,338.07104,8.86527,11.84,340,1000.7764,1000.9,1000.5,99.897784,99.9,99.8,22.028292,22.2,21.9,0,10.749928
2026/09/10 01:50:00.427,n,333.51722,9.037818,11.28,337,1000.7988,1000.9,1000.6,99.898136,99.9,99.8,22.029468,22.2,21.9,0,10.455408
2026/09/10 02:00:00.428,n,336.60816,8.751312,10.67,343,1000.788,1000.9,1000.6,99.89944,99.9,99.9,22.015772,22.1,21.9,0,10.455408
2026/09/10 02:10:00.426,n,334.94922,8.425836,10.78,334,1000.8862,1001,1000.7,99.895672,99.9,99.8,21.955648,22.1,21.8,0,10.749928
2026/09/10 02:20:00.427,n,341.16468,8.434542,10.63,338,1000.8514,1001,1000.7,99.898464,99.9,99.8,21.855786,22,21.7,0,10.749928
2026/09/10 02:30:00.429,n,333.431,8.595334,10.25,330,1001.0438,1001.2,1000.9,99.897616,99.9,99.8,21.910738,22.1,21.8,0,10.455408
2026/09/10 02:40:00.432,n,338.09228,8.76801,10.37,344,1000.9956,1001.2,1000.8,99.895016,99.9,99.8,21.93878,22.1,21.8,0,10.455408
2026/09/10 02:50:00.436,n,334.12906,9.1986,10.85,327,1001.1244,1001.3,1001,99.89944,99.9,99.9,21.904226,22,21.8,0,10.749928
2026/09/10 03:00:00.438,n,337.08864,8.925238,10.53,328,1001.2238,1001.4,1001.1,99.894464,99.9,99.8,21.978304,22.1,21.8,0,10.749928
2026/09/10 03:10:00.427,n,336.2986,8.719764,11.01,333,1001.3156,1001.4,1001.2,99.89944,99.9,99.9,21.937878,22.1,21.8,0,10.455408
2026/09/10 03:20:00.427,n,335.837,8.931504,11.74,332,1001.4076,1001.6,1001.2,99.89944,99.9,99.9,21.830294,22,21.7,0,10.455408
2026/09/10 03:30:00.425,n,335.61644,9.302588,11.31,331,1001.533,1001.7,1001.4,99.89944,99.9,99.9,21.845898,22,21.7,0,10.455408
2026/09/10 03:40:00.427,n,337.90684,9.75963,11.48,336,1001.5884,1001.8,1001.4,99.894464,99.9,99.8,21.785668,21.9,21.6,0,10.455408
2026/09/10 03:50:00.425,n,340.6626,10.057948,12.42,330,1001.4704,1001.7,1001.2,99.881672,99.9,99.8,21.714504,21.9,21.6,0,10.749928
2026/09/10 04:00:00.429,n,341.39436,8.748748,10.75,344,1001.6982,1001.9,1001.5,99.879848,99.9,99.8,21.671088,21.9,21.5,0,10.308148
2026/09/10 04:10:00.435,n,339.65764,8.22056,9.82,337,1001.8732,1002,1001.7,99.898784,99.9,99.8,21.551908,21.7,21.4,0,10.749928
2026/09/10 04:20:00.437,n,340.11288,7.131567,9.68,339,1001.9462,1002.1,1001.8,99.897784,99.9,99.8,21.653322,21.8,21.6,0,10.749928
2026/09/10 04:30:00.440,n,342.32248,6.68965,8.94,337,1002.0348,1002.1,1001.9,99.8978,99.9,99.8,21.493802,21.6,21.4,0,10.749928
2026/09/10 04:40:00.427,n,337.48188,7.094054,9.06,342,1002.1032,1002.2,1001.9,99.894552,99.9,99.8,21.547946,21.7,21.5,0,10.455408
2026/09/10 04:50:00.427,n,336.39524,6.847634,8.9,330,1002.2164,1002.3,1002.1,99.891024,99.9,99.8,21.317412,21.5,21.2,0,10.749928
2026/09/10 05:00:00.426,n,333.88192,7.146698,9.1,327,1002.2586,1002.4,1002.1,99.886632,99.9,99.8,21.463898,21.7,21.3,0,10.749928
2026/09/10 05:10:00.426,n,328.64228,7.276218,9.32,318,1002.387,1002.5,1002.3,99.885296,99.9,99.8,21.42732,21.6,21.3,0,10.749928
2026/09/10 05:20:00.427,n,331.99322,7.838483,9.55,323,1002.3968,1002.5,1002.2,99.888656,99.9,99.8,21.413368,21.5,21.3,0,10.455408
2026/09/10 05:30:00.427,n,333.70178,8.108703,9.57,329,1002.4074,1002.5,1002.3,99.890104,99.9,99.8,21.43091,21.6,21.3,0,10.749928
2026/09/10 05:40:00.432,n,331.6146,8.317486,9.92,326,1002.4236,1002.6,1002.3,99.892064,99.9,99.8,21.415746,21.5,21.3,0,10.749928
2026/09/10 05:50:00.432,n,326.2828,8.459568,10.43,317,1002.566,1002.7,1002.4,99.896832,99.9,99.8,21.442148,21.6,21.4,0,10.749928
2026/09/10 06:00:00.439,n,323.0238,7.946868,10.47,321,1002.665,1002.8,1002.5,99.897976,99.9,99.8,21.406338,21.6,21.3,0,10.455408
2026/09/10 06:10:00.425,n,322.8258,8.542004,10.97,325,1002.7616,1002.9,1002.6,99.89712,99.9,99.8,21.428894,21.6,21.3,0,10.455408
2026/09/10 06:20:00.430,n,326.36022,8.479544,10.23,321,1002.89,1003.1,1002.7,99.8956,99.9,99.8,21.377904,21.5,21.2,0,10.749928
2026/09/10 06:30:00.426,n,323.44366,8.91448,10.86,318,1003.1758,1003.3,1003,99.89944,99.9,99.9,21.40003,21.5,21.3,0,10.455408
2026/09/10 06:40:00.426,n,324.38,9.40867,11.73,322,1003.2104,1003.4,1003,99.89696,99.9,99.8,21.396252,21.5,21.3,0,10.749928
2026/09/10 06:50:00.426,n,325.1022,9.46253,12.46,321,1003.263,1003.4,1003,99.897808,99.9,99.8,21.446944,21.6,21.3,0,10.455408
2026/09/10 07:00:00.428,n,322.50262,8.756414,10.96,323,1003.405,1003.5,1003.2,99.896832,99.9,99.8,21.41682,21.6,21.3,0,10.897186
2026/09/10 07:10:00.427,n,323.67382,9.386666,11.8,328,1003.3856,1003.5,1003.2,99.897616,99.9,99.8,21.46511,21.6,21.4,0,10.749928
2026/09/10 07:20:00.432,n,328.20362,8.82367,11.9,310,1003.4638,1003.7,1003.3,99.897944,99.9,99.8,21.407984,21.7,21.3,0,11.044446
2026/09/10 07:30:00.437,n,332.14966,8.169396,10.12,322,1003.5898,1003.7,1003.5,99.898792,99.9,99.8,21.43468,21.6,21.3,0,11.191704
2026/09/10 07:40:00.425,n,334.05416,8.075567,9.65,338,1003.6476,1003.8,1003.5,99.89944,99.9,99.9,21.460846,21.6,21.4,0,11.486222
2026/09/10 07:50:00.433,n,329.87046,8.59108,10.57,326,1003.7474,1004,1003.5,99.89944,99.9,99.9,21.577286,21.8,21.5,0,11.633482
2026/09/10 08:00:00.426,n,332.3487,8.028297,10.75,337,1003.8774,1004,1003.6,99.89944,99.9,99.9,21.58568,21.7,21.5,0,11.928
2026/09/10 08:10:00.428,n,331.08082,8.447918,10.37,323,1003.8458,1004,1003.7,99.89944,99.9,99.9,21.587232,21.7,21.5,0,11.928
2026/09/10 08:20:00.425,n,331.16886,7.224332,9.31,334,1003.9314,1004.1,1003.7,99.8934,99.9,99.8,21.675518,21.9,21.5,0,11.633482
2026/09/10 08:30:00.427,n,338.78412,6.329469,8.55,340,1004.0134,1004.1,1003.9,99.89944,99.9,99.9,21.64851,21.8,21.6,0,11.633482
2026/09/10 08:40:00.429,n,346.61744,5.248914,6.88,349,1004.0884,1004.2,1004,99.89944,99.9,99.9,21.683856,21.8,21.6,0,12.07526
2026/09/10 08:50:00.432,n,349.04516,4.3872,6.65,344,1004.2588,1004.4,1004.1,99.89944,99.9,99.9,21.765852,21.9,21.6,0,12.22252
2026/09/10 09:00:00.433,n,17.661216,3.391084,4.82,22,1004.3252,1004.4,1004.3,99.89944,99.9,99.9,21.842012,22,21.8,0,12.07526
2026/09/10 09:10:00.425,n,29.679944,2.772899,4.19,7,1004.4704,1004.5,1004.3,99.89944,99.9,99.9,22.009572,22.2,21.9,0,12.07526
2026/09/10 09:20:00.429,n,13.193018,3.18975,4.79,13,1004.5186,1004.6,1004.5,99.89944,99.9,99.9,22.1158,22.3,22,0,12.07526
2026/09/10 09:30:00.426,n,352.877,2.340299,4.89,15,1004.6082,1004.7,1004.5,99.9052,100,99.9,22.43448,22.7,22.3,0,11.633482
2026/09/10 09:40:00.429,n,21.847214,2.535417,4.24,38,1004.5934,1004.7,1004.5,99.89944,99.9,99.9,22.525008,22.7,22.4,0,11.633482
2026/09/10 09:50:00.432,n,27.358686,2.715035,4.41,42,1004.6008,1004.7,1004.5,99.902656,100,99.9,22.53386,22.6,22.4,0,12.07526
2026/09/10 10:00:00.422,n,27.606306,2.607751,4.79,35,1004.5508,1004.6,1004.4,99.823032,100,98.5,22.739604,22.9,22.6,0,12.36978
2026/09/10 10:10:00.424,n,44.779444,2.687949,4.64,47,1004.5496,1004.6,1004.5,99.76984,100,96.8,22.81985,23,22.7,0,12.36978
2026/09/10 10:20:00.426,n,36.165248,2.596116,4.55,20,1004.5566,1004.6,1004.5,99.033184,100,96.5,22.987098,23.1,22.9,0,11.633482
2026/09/10 10:30:00.427,n,45.054964,2.555818,3.84,61,1004.5472,1004.6,1004.5,99.473528,100,96.9,22.931092,23.1,22.7,0,12.517038
2026/09/10 10:40:00.421,n,42.266452,3.318701,5.43,37,1004.4632,1004.6,1004.3,98.589112,100,95.9,22.992276,23.2,22.8,0,12.517038
2026/09/10 10:50:00.423,n,27.085942,2.348634,4.02,18,1004.4282,1004.5,1004.3,97.480072,100,90.9,23.2095,23.3,23,0,11.633482
2026/09/10 11:00:00.423,n,40.572756,2.800435,4.37,50,1004.3592,1004.4,1004.3,97.230256,100,92.9,23.282346,23.5,23.1,0,12.517038
2026/09/10 11:10:00.424,n,35.57322,2.628601,4.07,37,1004.386,1004.4,1004.3,96.581472,100,90.9,23.330508,23.5,23.1,0,11.633482
2026/09/10 11:20:00.425,n,46.233316,2.440015,3.84,56,1004.3948,1004.5,1004.3,94.353512,100,89.3,23.448154,23.6,23.3,0,12.664298
2026/09/10 11:30:00.428,n,41.716296,2.356617,4.15,48,1004.3554,1004.4,1004.3,93.864136,98.6,89.5,23.525664,23.8,23.3,0,12.36978
2026/09/10 11:40:00.431,n,46.048148,1.97565,3.1,55,1004.3186,1004.4,1004.2,93.179776,99.8,87.9,23.568066,23.7,23.4,0,11.633482
2026/09/10 11:50:00.432,n,40.335068,2.050332,3,52,1004.3156,1004.4,1004.2,92.948704,99,88,23.523928,23.6,23.4,0,12.36978
2026/09/10 12:00:00.437,n,45.115008,1.692467,3.12,63,1004.241,1004.4,1004.1,91.942656,97.1,87.7,23.692556,23.9,23.4,0,11.486222
2026/09/10 12:10:00.422,n,39.834896,1.812016,3.37,43,1004.143,1004.2,1004,91.48252,98.1,87.3,23.765764,23.9,23.6,0,11.928
2026/09/10 12:20:00.424,n,41.035648,1.838384,3.4,56,1004.0258,1004.1,1004,91.183624,95.9,87.2,23.972698,24,23.8,0,11.486222
2026/09/10 12:30:00.425,n,47.403072,1.508384,2.62,47,1003.9538,1004,1003.9,90.233296,96.4,86.7,24.18962,24.4,23.9,0,12.36978
2026/09/10 12:40:00.444,n,39.065944,1.829767,3.03,28,1003.8996,1003.9,1003.8,90.120008,96.4,86.5,23.989526,24.2,23.8,0,12.22252
2026/09/10 12:50:00.433,n,45.876068,1.260734,2.43,50,1003.9222,1004,1003.9,90.7338,95.1,88,23.986976,24.5,23.8,0,12.36978
2026/09/10 13:00:00.433,n,32.55186,1.210783,2.42,49,1003.9228,1004,1003.8,85.975248,90.6,81.3,24.337882,24.7,24.1,0,11.633482
2026/09/10 13:10:00.422,n,35.832712,1.69505,2.72,49,1003.7864,1003.9,1003.7,89.755096,94.3,87.1,24.062444,24.2,24,0,12.07526
2026/09/10 13:20:00.422,n,27.78682,2.365251,3.35,45,1003.634,1003.7,1003.6,91.382144,97,88,23.889698,24,23.8,0,11.633482
2026/09/10 13:30:00.425,n,30.249316,2.1365,3.3,43,1003.5342,1003.7,1003.4,92.904328,98.6,88.7,23.942822,24,23.8,0,11.633482
2026/09/10 13:40:00.422,n,45.265372,1.907232,3.39,44,1003.49,1003.6,1003.4,92.619448,98.4,87.4,24.101178,24.2,24,0,12.22252
2026/09/10 13:50:00.424,n,40.56232,2.069933,3.03,72,1003.4874,1003.5,1003.4,93.624504,99.7,89.8,24.133906,24.2,24,0,11.928
2026/09/10 14:00:00.424,n,29.97567,1.733367,2.77,33,1003.5746,1003.6,1003.5,91.978888,95.9,89.2,24.119948,24.2,24,0,11.486222
2026/09/10 14:10:00.422,n,36.34508,1.13505,2.09,28,1003.5122,1003.6,1003.5,90.575496,95,87.1,24.337678,24.4,24.2,0,11.633482
2026/09/10 14:20:00.425,n,36.267808,1.26035,2.11,45,1003.557,1003.6,1003.5,90.094016,94.8,87.5,24.485958,24.8,24.3,0,11.633482
2026/09/10 14:30:00.425,n,35.712528,1.119217,2.82,38,1003.6042,1003.7,1003.6,88.463112,91.4,86.4,24.523924,24.7,24.4,0,11.633482
2026/09/10 14:40:00.428,n,47.547004,1.040134,2.35,54,1003.5638,1003.7,1003.5,87.357992,91.4,85,24.548112,24.7,24.4,0,11.633482
2026/09/10 14:50:00.433,n,34.4267,1.1226,2.44,46,1003.5036,1003.6,1003.5,89.340904,93.5,86.7,24.591094,24.7,24.5,0,11.486222
2026/09/10 15:00:00.437,n,44.7301,1.23535,2.11,61,1003.4894,1003.5,1003.4,86.304608,90.2,83.9,24.64086,24.8,24.6,0,11.633482
2026/09/10 15:10:00.423,n,46.700288,1.240834,2.26,67,1003.4966,1003.6,1003.4,85.130792,89.3,82.4,24.592524,24.6,24.5,0,11.338964
2026/09/10 15:20:00.424,n,47.125264,1.09975,1.74,39,1003.4282,1003.5,1003.3,86.929616,89.5,85.2,24.554774,24.6,24.5,0,11.486222
2026/09/10 15:30:00.426,n,30.93752,1.882299,3.34,43,1003.3104,1003.4,1003.2,89.28064,95.4,86.4,24.467076,24.6,24.4,0,11.486222
2026/09/10 15:40:00.430,n,6.78871,1.698117,3.07,22,1003.414,1003.5,1003.3,90.527984,95.7,87.9,24.565686,24.7,24.5,0,11.191704
2026/09/10 15:50:00.425,n,341.98012,2.665699,4.78,342,1003.4196,1003.5,1003.3,92.6794,100,89.9,24.483082,24.6,24.4,0,11.338964
2026/09/10 16:00:00.424,n,329.30646,6.50412,8.12,325,1003.4564,1003.6,1003.3,97.758696,100,93.6,24.12647,24.5,23.9,0,11.044446
2026/09/10 16:10:00.426,n,331.10394,5.561306,7.5,330,1003.693,1003.8,1003.5,98.787712,100,94,24.07675,24.2,24,0,11.338964
2026/09/10 16:20:00.430,n,331.48318,6.262916,7.76,330,1003.7606,1003.8,1003.6,98.984064,100,95.3,24.020006,24.1,24,0,11.486222
2026/09/10 16:30:00.430,n,334.17108,6.795832,8.52,341,1003.8012,1003.9,1003.7,98.888568,100,94.5,24.023176,24.2,23.9,0,11.191704
2026/09/10 16:40:00.426,n,333.83704,6.62823,8.05,331,1003.9254,1004.1,1003.8,99.258344,100,96.4,23.990852,24.1,23.9,0,11.191704
2026/09/10 16:50:00.424,n,332.60596,5.893534,7.02,338,1004.053,1004.1,1004,99.407736,100,95.5,23.977318,24.1,23.9,0,11.191704
2026/09/10 17:00:00.427,n,335.04534,5.809882,6.85,336,1004.1144,1004.2,1004,99.514064,100,95.4,24.01146,24.1,23.9,0,11.191704
2026/09/10 17:10:00.430,n,335.24688,5.806668,7.27,331,1004.2108,1004.3,1004.1,99.867664,100,98.6,23.982678,24.1,23.9,0,11.191704
2026/09/10 17:20:00.433,n,335.66616,5.487366,6.9,337,1004.28,1004.4,1004.1,99.757176,100,95.7,23.939766,24.1,23.9,0,10.749928
2026/09/10 17:30:00.428,n,333.8001,4.861999,6.07,334,1004.4682,1004.6,1004.3,99.790832,100,98,23.939464,24,23.9,0,11.191704
2026/09/10 17:40:00.426,n,332.28046,5.112832,6.8,326,1004.6162,1004.7,1004.5,99.906336,100,99.9,23.867228,24,23.8,0,10.897186
2026/09/10 17:50:00.443,n,338.30968,5.543702,6.63,335,1004.494,1004.6,1004.4,99.899616,100,99.9,23.796212,23.8,23.7,0,10.897186
2026/09/10 18:00:00.432,n,343.27168,5.287649,6.59,338,1004.51,1004.7,1004.3,99.903296,100,99.9,23.809974,23.9,23.7,0,11.191704
2026/09/10 18:10:00.426,n,347.35916,5.188997,6.95,352,1004.335,1004.5,1004.2,99.7916,100,96.7,23.709048,24,23.5,0,11.191704
2026/09/10 18:20:00.428,n,346.36204,5.031697,6.44,350,1004.4882,1004.6,1004.4,99.89944,99.9,99.9,23.527394,23.6,23.4,0,10.602668
2026/09/10 18:30:00.426,n,336.3322,6.71617,8.15,332,1004.5196,1004.6,1004.4,99.890384,99.9,99.8,23.119168,23.4,22.8,0,11.191704
2026/09/10 18:40:00.435,n,336.80008,6.227235,9.04,341,1004.4928,1004.6,1004.3,99.897944,99.9,99.8,23.084982,23.2,22.9,0,11.044446
2026/09/10 18:50:00.427,n,336.5298,5.6461,7.11,334,1004.6458,1004.9,1004.5,99.89944,99.9,99.9,23.195428,23.3,23.1,0,11.191704
2026/09/10 19:00:00.427,n,332.68256,4.434535,6.22,331,1004.9432,1005.1,1004.8,99.781024,100,97.5,23.436454,23.6,23.2,0,11.191704
2026/09/10 19:10:00.425,n,333.7092,4.301249,5.8,327,1005.1,1005.2,1005,99.901256,100,99.6,23.568538,23.7,23.5,0,11.191704
2026/09/10 19:20:00.429,n,340.22916,3.078767,5.19,331,1005.2818,1005.4,1005.1,99.89944,99.9,99.9,23.595706,23.7,23.5,0,11.191704
2026/09/10 19:30:00.429,n,131.76926,1.468416,2.5,129,1005.3344,1005.4,1005.2,99.761056,99.9,99.7,22.601696,23.7,21.8,0,10.897186
2026/09/10 19:40:00.427,n,135.05524,2.771534,3.99,145,1005.196,1005.3,1005.1,99.699472,99.7,99.7,21.651778,21.9,21.5,0,11.044446
2026/09/10 19:50:00.427,n,133.08894,2.024416,3.06,123,1005.3598,1005.5,1005.3,99.734344,99.8,99.7,21.7635,22.1,21.6,0,11.191704
2026/09/10 20:00:00.425,n,147.72714,1.782616,2.67,137,1005.5516,1005.7,1005.4,99.71608,99.8,99.7,21.879404,22.1,21.6,0,11.191704
2026/09/10 20:10:00.428,n,137.1739,1.989283,2.88,124,1005.801,1005.9,1005.7,99.699472,99.7,99.7,21.786476,21.9,21.7,0,11.191704
2026/09/10 20:20:00.432,n,153.53654,1.823082,2.66,143,1005.9008,1006,1005.8,99.699472,99.7,99.7,21.693852,21.8,21.5,0,11.191704
2026/09/10 20:30:00.437,n,134.20036,1.596801,2.17,143,1005.9006,1005.9,1005.9,99.699472,99.7,99.7,21.624982,21.7,21.5,0,11.191704
2026/09/10 20:40:00.424,n,139.56748,1.638667,2.18,136,1005.9692,1006.1,1005.9,99.699472,99.7,99.7,21.643066,21.7,21.5,0,10.897186
2026/09/10 20:50:00.428,n,131.5065,1.721668,2.43,120,1006.0072,1006.1,1005.9,99.699472,99.7,99.7,21.65873,21.7,21.6,0,10.749928
2026/09/10 21:00:00.430,n,130.30692,1.910949,2.54,128,1005.996,1006.1,1005.9,99.699472,99.7,99.7,21.648764,21.8,21.5,0,10.897186
2026/09/10 21:10:00.426,n,122.9407,2.361801,3.2,121,1005.9578,1006,1005.9,99.699472,99.7,99.7,21.636914,21.7,21.6,0,11.191704
2026/09/10 21:20:00.427,n,136.28146,2.070316,3,121,1005.9662,1006,1005.9,99.699472,99.7,99.7,21.669966,21.8,21.6,0,10.897186
2026/09/10 21:30:00.429,n,152.10614,1.771848,2.1,164,1005.9486,1006,1005.9,99.699472,99.7,99.7,21.560804,21.7,21.5,0,11.191704
2026/09/10 21:40:00.432,n,184.04264,1.692783,2.26,199,1006.071,1006.2,1006,99.699472,99.7,99.7,21.536258,21.7,21.4,0,11.191704
2026/09/10 21:50:00.432,n,194.67898,1.49815,2.24,210,1006.0918,1006.2,1006,99.699472,99.7,99.7,21.603626,21.7,21.5,0,10.897186
2026/09/10 22:00:00.426,n,176.6852,1.3042,1.91,179,1005.9728,1006.1,1005.9,99.699472,99.7,99.7,21.564014,21.7,21.4,0,11.044446
2026/09/10 22:10:00.426,n,183.48172,1.10035,2.14,181,1005.9894,1006.1,1005.9,99.699472,99.7,99.7,21.47437,21.6,21.4,0,10.897186
2026/09/10 22:20:00.427,n,175.71908,1.218317,2.3,180,1005.9044,1006,1005.8,99.699472,99.7,99.7,21.394018,21.5,21.3,0,11.191704
2026/09/10 22:30:00.431,n,234.76372,0.668167,2.92,335,1005.8192,1005.9,1005.8,99.699472,99.7,99.7,21.30038,21.4,21.2,0,11.044446
2026/09/10 22:40:00.426,n,336.24644,3.193566,4.89,336,1005.8064,1005.9,1005.7,99.7406,99.8,99.7,21.379266,21.8,21,0,10.897186
2026/09/10 22:50:00.426,n,344.47552,3.171883,4.32,344,1005.7496,1005.8,1005.6,99.792768,99.8,99.7,21.72008,21.8,21.7,0,11.044446
2026/09/10 23:00:00.429,n,350.0612,2.682134,3.77,329,1005.6936,1005.7,1005.6,99.797144,99.8,99.7,21.78501,21.9,21.7,0,11.044446
2026/09/10 23:10:00.428,n,352.00996,2.401583,3.25,0,1005.6784,1005.7,1005.6,99.761816,99.8,99.7,21.873646,22,21.8,0,11.191704
2026/09/10 23:20:00.433,n,339.83996,2.507818,3.6,342,1005.6564,1005.7,1005.6,99.77848,99.8,99.7,21.865568,21.9,21.8,0,11.044446
2026/09/10 23:30:00.439,n,347.41072,2.081199,2.94,353,1005.6938,1005.7,1005.7,99.788904,99.8,99.7,21.880276,22,21.8,0,10.749928
2026/09/10 23:40:00.423,n,344.8222,2.140516,3.51,337,1005.6416,1005.7,1005.5,99.720416,99.8,99.7,21.9229,22,21.8,0,10.749928
2026/09/10 23:50:00.429,n,341.65624,2.345284,3.28,332,1005.5892,1005.6,1005.5,99.699472,99.7,99.7,21.760366,21.9,21.6,0,11.044446
2026/09/11 00:00:00.432,n,344.4926,2.189317,3.12,338,1005.514,1005.6,1005.4,99.699472,99.7,99.7,21.548756,21.7,21.4,0,10.749928
2026/09/11 00:10:00.426,n,334.13022,2.533233,3.92,321,1005.5066,1005.6,1005.5,99.699472,99.7,99.7,21.352466,21.5,21.2,0,11.044446
2026/09/11 00:20:00.426,n,330.36976,3.958883,5.13,336,1005.421,1005.5,1005.3,99.699472,99.7,99.7,21.120218,21.4,20.9,0,10.749928
2026/09/11 00:30:00.426,n,329.9436,3.443202,4.39,339,1005.372,1005.4,1005.3,99.699472,99.7,99.7,20.95641,21.1,20.8,0,10.897186
2026/09/11 00:40:00.431,n,334.13062,2.599317,3.54,324,1005.3064,1005.4,1005.3,99.714368,99.8,99.7,20.829752,21,20.7,0,11.044446
2026/09/11 00:50:00.432,n,329.22938,1.647533,2.34,326,1005.3454,1005.4,1005.2,99.800528,99.8,99.8,20.765188,20.9,20.6,0,10.897186
2026/09/11 01:00:00.428,n,350.20124,1.336299,2.11,328,1005.1842,1005.3,1005.1,99.800528,99.8,99.8,20.780942,20.9,20.7,0,10.897186
2026/09/11 01:10:00.427,n,325.19028,1.597116,2.53,322,1005.1778,1005.2,1005.1,99.800528,99.8,99.8,20.829312,21,20.7,0,10.749928
2026/09/11 01:20:00.427,n,324.21744,2.2176,3.36,319,1005.1514,1005.2,1005.1,99.800528,99.8,99.8,20.884904,21,20.8,0,10.749928
2026/09/11 01:30:00.432,n,318.38714,1.480666,2.64,336,1005.0602,1005.2,1005,99.800528,99.8,99.8,20.89234,21,20.7,0,10.749928
2026/09/11 01:40:00.427,n,324.5513,1.787834,2.89,325,1004.9326,1005,1004.8,99.800528,99.8,99.8,20.884692,21,20.8,0,10.749928
2026/09/11 01:50:00.454,n,337.62928,1.824,2.9,339,1004.779,1004.8,1004.7,99.800528,99.8,99.8,20.850376,21,20.8,0,10.897186
2026/09/11 02:00:00.427,n,331.5899,1.295549,1.94,334,1004.8502,1004.9,1004.8,99.800528,99.8,99.8,20.832742,21,20.7,0,11.044446
2026/09/11 02:10:00.431,n,334.13174,1.297066,2.16,321,1004.9008,1005,1004.9,99.800528,99.8,99.8,20.867948,21,20.7,0,10.749928
2026/09/11 02:20:00.427,n,323.54956,1.18265,2.33,336,1004.8992,1004.9,1004.8,99.800528,99.8,99.8,20.996178,21.1,20.9,0,11.044446
2026/09/11 02:30:00.426,n,336.65236,0.37295,1.14,299,1004.8714,1004.9,1004.8,99.800528,99.8,99.8,20.948184,21,20.9,0,11.044446
2026/09/11 02:40:00.426,n,320.28466,0.656767,1.17,327,1004.815,1004.9,1004.8,99.800528,99.8,99.8,20.824262,20.9,20.7,0,11.044446
2026/09/11 02:50:00.429,n,271.54322,0.831667,1.7,267,1004.9426,1005,1004.8,99.800528,99.8,99.8,20.849404,20.9,20.8,0,10.749928
2026/09/11 03:00:00.430,n,215.82194,0.65975,1.43,217,1004.9078,1005,1004.8,99.800528,99.8,99.8,20.805726,20.9,20.7,0,11.044446
2026/09/11 03:10:00.426,n,156.34568,0.548967,0.97,165,1004.8074,1004.9,1004.8,99.800528,99.8,99.8,20.815892,20.9,20.7,0,10.749928
2026/09/11 03:20:00.426,n,140.96164,0.385033,0.73,153,1004.811,1004.9,1004.8,99.800528,99.8,99.8,20.798232,20.9,20.7,0,11.044446
2026/09/11 03:30:00.425,n,166.0347,0.707916,1.09,149,1004.883,1004.9,1004.8,99.800528,99.8,99.8,20.74593,20.9,20.7,0,10.897186
2026/09/11 03:40:00.430,n,139.19456,0.816834,1.41,141,1004.8074,1004.9,1004.7,99.800528,99.8,99.8,20.740664,20.8,20.7,0,10.749928
2026/09/11 03:50:00.432,n,129.09802,0.59155,1.02,138,1004.7612,1004.8,1004.7,99.800528,99.8,99.8,20.802724,20.9,20.8,0,11.191704
2026/09/11 04:00:00.482,n,190.67136,0.340917,0.95,179,1004.7928,1004.8,1004.7,99.800528,99.8,99.8,20.813394,20.9,20.7,0,10.749928
2026/09/11 04:10:00.426,n,215.37362,0.65755,1.27,195,1004.8106,1004.9,1004.7,99.800528,99.8,99.8,20.858426,20.9,20.8,0,11.044446
2026/09/11 04:20:00.427,n,325.57868,1.198533,2.44,350,1004.7728,1004.8,1004.7,99.800528,99.8,99.8,20.95373,21,20.9,0,10.897186
2026/09/11 04:30:00.432,n,344.14064,1.447434,2.35,341,1004.7776,1004.8,1004.7,99.800528,99.8,99.8,21.019922,21.1,20.9,0,10.749928
2026/09/11 04:40:00.424,n,337.12776,1.656666,3.04,332,1004.856,1004.9,1004.8,99.800528,99.8,99.8,21.131244,21.4,20.9,0,11.044446
2026/09/11 04:50:00.426,n,346.20252,3.266183,4.39,352,1004.8062,1004.9,1004.7,99.800528,99.8,99.8,21.3692,21.6,21.3,0,10.897186
2026/09/11 05:00:00.424,n,342.60692,4.245887,7.05,344,1004.8272,1004.9,1004.7,99.800528,99.8,99.8,21.48249,21.7,21.3,0,10.749928
2026/09/11 05:10:00.432,n,337.26036,6.286385,7.49,335,1004.8552,1005,1004.7,99.800528,99.8,99.8,21.422148,21.6,21.3,0,11.044446
2026/09/11 05:20:00.432,n,338.378,5.709116,7.81,341,1004.9998,1005.1,1004.9,99.800528,99.8,99.8,21.337466,21.5,21.2,0,10.749928
2026/09/11 05:30:00.426,n,336.24724,6.880486,9.38,344,1005.058,1005.2,1005,99.800528,99.8,99.8,21.255656,21.5,21,0,11.044446
2026/09/11 05:40:00.424,n,337.63232,7.54338,8.98,330,1005.1024,1005.2,1005,99.800528,99.8,99.8,21.042112,21.2,20.8,0,11.044446
2026/09/11 05:50:00.427,n,337.66168,7.504205,8.66,341,1005.1376,1005.3,1005,99.800528,99.8,99.8,20.997196,21.2,20.8,0,10.749928
2026/09/11 06:00:00.435,n,334.43476,7.784681,9.52,345,1005.2454,1005.3,1005.2,99.800528,99.8,99.8,20.971088,21.2,20.7,0,10.897186
2026/09/11 06:10:00.425,n,332.03756,8.333915,9.59,331,1005.3214,1005.4,1005.2,99.800528,99.8,99.8,21.04849,21.3,20.8,0,10.897186
2026/09/11 06:20:00.426,n,333.32654,8.386245,9.57,335,1005.3898,1005.5,1005.3,99.800528,99.8,99.8,20.964018,21.2,20.7,0,10.749928
2026/09/11 06:30:00.427,n,333.68338,7.636084,9.19,331,1005.4916,1005.6,1005.4,99.800528,99.8,99.8,20.929236,21.1,20.8,0,10.897186
2026/09/11 06:40:00.430,n,333.77338,6.822533,7.83,332,1005.539,1005.6,1005.5,99.800528,99.8,99.8,20.947432,21.2,20.8,0,10.897186
2026/09/11 06:50:00.434,n,335.735,6.549453,7.93,343,1005.598,1005.7,1005.5,99.800528,99.8,99.8,20.887514,21.1,20.7,0,10.897186
2026/09/11 07:00:00.436,n,337.83696,6.336766,7.89,344,1005.608,1005.7,1005.5,99.800528,99.8,99.8,20.927516,21.2,20.8,0,10.749928
2026/09/11 07:10:00.429,n,339.03412,5.560197,7.11,343,1005.6476,1005.7,1005.6,99.800528,99.8,99.8,20.994012,21.1,20.9,0,11.044446
2026/09/11 07:20:00.425,n,339.1936,5.206133,6.54,336,1005.6674,1005.7,1005.6,99.771584,99.8,99.7,21.03166,21.2,20.8,0,11.044446
2026/09/11 07:30:00.433,n,342.48616,5.240351,7,329,1005.6486,1005.7,1005.6,99.699472,99.7,99.7,21.132286,21.3,21,0,10.897186
2026/09/11 07:40:00.427,n,343.65996,5.307132,6.83,350,1005.6786,1005.7,1005.6,99.699472,99.7,99.7,21.327324,21.5,21.2,0,11.191704
2026/09/11 07:50:00.428,n,345.61196,5.289566,6.63,340,1005.6878,1005.8,1005.6,99.699472,99.7,99.7,21.492938,21.6,21.4,0,10.749928
2026/09/11 08:00:00.426,n,347.02424,4.741648,6.05,345,1005.705,1005.8,1005.7,99.699472,99.7,99.7,21.687896,22,21.5,0,11.191704
2026/09/11 08:10:00.427,n,344.1434,5.061934,6.45,341,1005.704,1005.8,1005.7,99.699472,99.7,99.7,21.94826,22.1,21.8,0,11.338964
2026/09/11 08:20:00.431,n,342.3814,4.120299,5.97,337,1005.802,1005.9,1005.7,99.699472,99.7,99.7,22.174418,22.4,22,0,11.338964
2026/09/11 08:30:00.435,n,350.99484,2.992651,4.25,359,1005.8496,1006,1005.7,99.717248,99.8,99.7,22.421658,22.6,22.2,0,11.191704
2026/09/11 08:40:00.438,n,355.61416,2.22185,3.18,355,1005.9984,1006.1,1005.9,99.76372,99.8,99.7,22.582618,22.7,22.5,0,11.191704
2026/09/11 08:50:00.425,n,11.74198,2.213034,3.7,28,1005.9706,1006,1005.9,99.787208,99.8,99.7,22.590228,22.7,22.5,0,11.191704
2026/09/11 09:00:00.428,n,9.579812,2.235633,3.27,24,1005.9044,1006,1005.9,99.784296,99.8,99.7,22.646254,22.7,22.5,0,11.338964
2026/09/11 09:10:00.426,n,358.02932,2.517451,3.54,5,1005.9082,1006,1005.8,99.773784,99.8,99.7,22.692912,22.8,22.6,0,11.191704
2026/09/11 09:20:00.425,n,350.69592,2.597134,3.54,2,1006.063,1006.2,1006,99.783936,99.8,99.7,22.722682,22.9,22.6,0,11.191704
2026/09/11 09:30:00.428,n,351.40216,2.362251,3.31,330,1006.128,1006.2,1006.1,99.79156,99.8,99.7,22.736152,22.8,22.7,0,11.191704
2026/09/11 09:40:00.425,n,358.2658,2.26105,3.63,1,1006.1002,1006.2,1006.1,99.782744,99.8,99.7,22.88192,23,22.8,0,11.191704
2026/09/11 09:50:00.427,n,8.833432,1.538767,2.64,6,1006.1004,1006.2,1006.1,99.798336,99.8,99.7,22.889768,23,22.8,0,11.338964
2026/09/11 10:00:00.431,n,41.26174,1.573232,2.86,51,1006.0984,1006.1,1006,99.800528,99.8,99.8,23.005384,23.1,22.9,0,11.486222
2026/09/11 10:10:00.432,n,58.173588,1.611501,2.44,59,1006.0678,1006.2,1006,99.800528,99.8,99.8,23.010626,23.1,22.9,0,11.486222
2026/09/11 10:20:00.437,n,50.558284,1.5924,2.4,62,1006.0986,1006.1,1006,99.797144,99.8,99.7,23.136628,23.2,23,0,11.486222
2026/09/11 10:30:00.438,n,53.120332,1.606883,2.66,77,1006.062,1006.1,1005.9,99.789208,99.8,99.7,23.125604,23.3,23,0,11.486222
2026/09/11 10:40:00.427,n,56.76826,1.853733,3.18,54,1005.9538,1006,1005.9,99.795536,99.8,99.7,23.184544,23.3,23.1,0,11.633482
2026/09/11 10:50:00.425,n,44.565916,1.995833,2.98,50,1005.8604,1005.9,1005.8,99.800528,99.8,99.8,23.241962,23.4,23.1,0,11.633482
2026/09/11 11:00:00.427,n,44.256832,1.816367,2.91,44,1005.9232,1006,1005.9,99.800528,99.8,99.8,23.326988,23.4,23.3,0,11.633482
2026/09/11 11:10:00.424,n,57.964304,1.63315,2.8,57,1005.9956,1006,1005.9,99.800528,99.8,99.8,23.516072,23.7,23.3,0,11.633482
2026/09/11 11:20:00.422,n,63.022524,2.074651,3.45,66,1005.9208,1006,1005.8,99.800528,99.8,99.8,23.598442,23.7,23.5,0,11.928
2026/09/11 11:30:00.426,n,69.436168,1.540317,3.13,80,1005.7974,1005.9,1005.7,99.800528,99.8,99.8,23.658576,23.9,23.5,0,11.633482
2026/09/11 11:40:00.427,n,67.056168,1.684966,2.81,42,1005.7312,1005.8,1005.6,99.800528,99.8,99.8,23.835322,24,23.7,0,12.22252
2026/09/11 11:50:00.431,n,61.744052,1.907833,3.25,54,1005.6458,1005.7,1005.6,99.800528,99.8,99.8,23.887926,24,23.7,0,12.22252
2026/09/11 12:00:00.438,n,56.873904,1.769282,2.73,58,1005.571,1005.6,1005.5,99.800528,99.8,99.8,23.926148,24.1,23.8,0,11.928
2026/09/11 12:10:00.422,n,44.335876,1.759449,2.76,38,1005.5006,1005.6,1005.4,99.800528,99.8,99.8,24.044356,24.1,24,0,11.633482
2026/09/11 12:20:00.425,n,55.4824,1.591633,2.31,48,1005.4534,1005.5,1005.4,99.800528,99.8,99.8,24.027776,24.2,23.9,0,11.928
2026/09/11 12:30:00.428,n,49.167808,1.466116,2.49,38,1005.3432,1005.4,1005.3,99.800528,99.8,99.8,24.201558,24.3,24.1,0,12.07526
2026/09/11 12:40:00.431,n,45.302756,0.975301,1.95,36,1005.294,1005.4,1005.2,99.800528,99.8,99.8,24.449126,24.8,24.1,0,11.928
2026/09/11 12:50:00.424,n,36.164332,1.119183,2.18,36,1005.155,1005.2,1005.1,99.800528,99.8,99.8,24.570474,24.8,24.3,0,12.07526
2026/09/11 13:00:00.422,n,36.049392,0.966667,2.14,20,1005.102,1005.2,1005,99.800528,99.8,99.8,24.617648,24.9,24.4,0,11.633482
2026/09/11 13:10:00.425,n,17.893754,1.181617,2.1,10,1005.0112,1005.1,1004.9,99.800528,99.8,99.8,24.632014,24.8,24.5,0,12.07526
2026/09/11 13:20:00.426,n,5.564298,1.115633,1.79,4,1005.003,1005.1,1004.9,99.808344,99.9,99.8,24.640906,24.8,24.5,0,11.928
2026/09/11 13:30:00.432,n,350.5956,1.165584,1.82,339,1004.9992,1005,1004.9,99.818288,99.9,99.8,24.888878,25.1,24.6,0,11.633482
2026/09/11 13:40:00.426,n,350.39788,1.683583,2.61,343,1004.9084,1005.1,1004.8,99.802192,99.9,99.8,24.640792,24.8,24.4,0,11.486222
2026/09/11 13:50:00.425,n,344.01616,2.038967,2.82,336,1004.8242,1004.9,1004.7,99.800528,99.8,99.8,24.439638,24.5,24.4,0,11.486222
2026/09/11 14:00:00.427,n,341.3966,2.247684,2.99,347,1004.8114,1004.9,1004.7,99.800528,99.8,99.8,24.414178,24.5,24.3,0,11.633482
2026/09/11 14:10:00.434,n,340.07484,2.218718,2.88,329,1004.8644,1004.9,1004.7,99.800528,99.8,99.8,24.341712,24.4,24.3,0,11.486222
2026/09/11 14:20:00.426,n,342.39568,2.193483,3.12,337,1004.899,1005,1004.8,99.800528,99.8,99.8,24.328872,24.5,24.2,0,12.07526
2026/09/11 14:30:00.427,n,329.164,1.499501,2.67,324,1004.9958,1005.1,1004.9,99.800528,99.8,99.8,24.54507,24.7,24.4,0,11.486222
2026/09/11 14:40:00.427,n,323.74368,1.3816,2.04,324,1005.0934,1005.1,1005,99.800528,99.8,99.8,24.67284,24.8,24.6,0,11.633482
2026/09/11 14:50:00.430,n,327.70408,1.4699,2.53,331,1005.0216,1005.1,1005,99.800528,99.8,99.8,24.720208,24.8,24.6,0,11.633482
2026/09/11 15:00:00.432,n,337.01152,1.392085,2.58,340,1005.0178,1005.1,1005,99.803456,99.9,99.8,24.773646,24.9,24.7,0,11.486222
2026/09/11 15:10:00.425,n,357.21612,1.868232,2.76,11,1004.9418,1005,1004.8,99.857576,99.9,99.8,24.803828,24.9,24.7,0,11.338964
2026/09/11 15:20:00.422,n,8.793344,2.518198,3.55,11,1004.8686,1004.9,1004.7,99.8028,99.9,99.8,24.77132,24.9,24.7,0,11.633482
2026/09/11 15:30:00.425,n,9.634254,2.594851,3.65,8,1004.6992,1004.8,1004.6,99.802696,99.9,99.8,24.79642,24.9,24.7,0,11.191704
2026/09/11 15:40:00.427,n,15.996618,2.476951,3.21,17,1004.6942,1004.8,1004.6,99.800528,99.8,99.8,24.940868,25,24.9,0,11.486222
2026/09/11 15:50:00.428,n,3.304307,2.779768,3.66,2,1004.7162,1004.8,1004.7,99.808336,99.9,99.8,24.995704,25.1,24.9,0,11.486222
2026/09/11 16:00:00.433,n,3.177148,3.198934,4.08,358,1004.6984,1004.8,1004.7,99.800528,99.8,99.8,24.917284,25,24.8,0,11.486222
2026/09/11 16:10:00.426,n,2.89785,2.853802,3.98,354,1004.7928,1004.9,1004.7,99.800528,99.8,99.8,24.984814,25.1,24.9,0,11.486222
2026/09/11 16:20:00.429,n,358.76668,3.743785,5.42,0,1004.724,1004.8,1004.6,99.798496,99.8,99.7,24.937546,25,24.9,0,11.486222
2026/09/11 16:30:00.435,n,356.215,4.965485,6.48,0,1004.6122,1004.7,1004.6,99.800528,99.8,99.8,24.995832,25.1,24.9,0,11.191704
2026/09/11 16:40:00.427,n,348.03688,5.765771,8.32,345,1004.6844,1004.8,1004.5,99.800528,99.8,99.8,25.03028,25.2,24.9,0,11.338964
2026/09/11 16:50:00.424,n,338.44172,6.973705,8.88,331,1004.708,1004.9,1004.5,99.800528,99.8,99.8,24.814736,24.9,24.7,0,11.191704
2026/09/11 17:00:00.428,n,337.50188,7.417261,8.57,333,1004.7144,1004.8,1004.7,99.800528,99.8,99.8,24.698336,24.9,24.6,0,11.338964
2026/09/11 17:10:00.427,n,336.88556,7.703336,8.92,338,1004.7926,1004.9,1004.7,99.800528,99.8,99.8,24.571534,24.7,24.4,0,11.191704
2026/09/11 17:20:00.426,n,334.79696,8.210502,9.58,330,1004.8304,1004.9,1004.7,99.79488,99.8,99.7,24.435248,24.6,24.3,0,11.044446
2026/09/11 17:30:00.425,n,333.04642,8.516918,9.73,326,1004.8406,1005,1004.7,99.800184,99.8,99.7,24.336034,24.4,24.3,0,11.191704
2026/09/11 17:40:00.426,n,330.9786,8.74125,10.07,328,1004.8436,1005,1004.7,99.789032,99.8,99.7,24.192832,24.3,24.1,0,11.191704
2026/09/11 17:50:00.429,n,335.0306,9.004206,10.32,337,1004.7826,1004.9,1004.7,99.771464,99.8,99.7,24.07399,24.2,23.9,0,10.897186
2026/09/11 18:00:00.433,n,332.79828,9.692118,11.44,330,1004.785,1004.9,1004.7,99.761648,99.8,99.7,23.946036,24.1,23.8,0,10.897186
2026/09/11 18:10:00.427,n,333.07026,10.4821,12.05,333,1004.7992,1005,1004.6,99.79604,99.8,99.7,23.783278,23.9,23.7,0,11.191704
2026/09/11 18:20:00.425,n,333.23908,10.275064,11.7,329,1004.8916,1005.1,1004.7,99.791056,99.8,99.7,23.722888,23.8,23.6,0,10.897186
2026/09/11 18:30:00.426,n,330.43136,10.200476,12.63,326,1005.001,1005.2,1004.8,99.79196,99.8,99.7,23.693748,23.8,23.6,0,11.191704
2026/09/11 18:40:00.430,n,331.6699,10.392738,12.57,321,1005.0402,1005.2,1004.9,99.800016,99.8,99.7,23.66331,23.8,23.6,0,11.044446
2026/09/11 18:50:00.433,n,331.19016,10.71973,12.95,325,1005.1562,1005.3,1005,99.796808,99.8,99.7,23.653624,23.9,23.5,0,11.191704
2026/09/11 19:00:00.426,n,330.65738,10.817604,13.18,327,1005.2872,1005.5,1005.1,99.800184,99.8,99.7,23.605952,23.7,23.5,0,11.191704
2026/09/11 19:10:00.428,n,332.64154,10.46604,14.19,334,1005.4296,1005.6,1005.3,99.798832,99.8,99.7,23.529808,23.6,23.4,0,11.191704
2026/09/11 19:20:00.429,n,331.5483,10.344114,11.8,330,1005.5914,1005.8,1005.4,99.799688,99.8,99.7,23.424766,23.6,23.3,0,11.044446
2026/09/11 19:30:00.432,n,332.65512,10.33085,12.92,329,1005.7708,1005.9,1005.6,99.793344,99.8,99.7,23.467946,23.6,23.4,0,10.897186
2026/09/11 19:40:00.426,n,333.16616,10.340496,12.83,329,1005.9444,1006.2,1005.7,99.799528,99.8,99.7,23.563126,23.7,23.4,0,11.191704
2026/09/11 19:50:00.427,n,336.58288,10.198484,12.2,331,1006.0796,1006.2,1005.9,99.800528,99.8,99.8,23.56812,23.8,23.5,0,10.897186
2026/09/11 20:00:00.430,n,337.30528,9.427148,11.55,336,1006.2134,1006.4,1006,99.800528,99.8,99.8,23.69058,23.8,23.6,0,10.897186
2026/09/11 20:10:00.433,n,337.27624,9.21266,10.8,334,1006.3588,1006.5,1006.2,99.800528,99.8,99.8,23.780898,23.9,23.7,0,11.044446
2026/09/11 20:20:00.432,n,337.3118,8.597962,10.82,340,1006.459,1006.6,1006.3,99.801368,99.9,99.8,23.875446,24,23.8,0,11.191704
2026/09/11 20:30:00.425,n,337.78288,9.39154,11.05,342,1006.447,1006.6,1006.3,99.837696,99.9,99.8,23.926032,24.1,23.8,0,11.044446
2026/09/11 20:40:00.426,n,336.96492,9.078174,10.57,329,1006.4964,1006.6,1006.4,99.802488,99.9,99.8,23.984686,24.1,23.9,0,11.191704
2026/09/11 20:50:00.428,n,336.37908,9.269512,11.18,335,1006.4488,1006.6,1006.3,99.817312,99.9,99.8,24.002012,24.1,23.9,0,10.897186
2026/09/11 21:00:00.429,n,334.93006,9.468868,11,331,1006.4362,1006.6,1006.3,99.839496,99.9,99.8,23.975762,24.1,23.9,0,11.191704
2026/09/11 21:10:00.425,n,330.1879,9.680464,12.7,319,1006.4462,1006.6,1006.3,99.837112,99.9,99.8,23.99267,24.1,23.9,0,11.044446
2026/09/11 21:20:00.426,n,332.30066,9.583504,11.19,337,1006.4744,1006.6,1006.4,99.809536,99.9,99.8,23.98275,24.1,23.9,0,11.044446
2026/09/11 21:30:00.423,n,333.38168,9.556616,11.13,335,1006.5038,1006.7,1006.3,99.818328,99.9,99.8,23.961818,24.1,23.9,0,10.749928
2026/09/11 21:40:00.428,n,334.2042,9.049034,10.78,335,1006.553,1006.7,1006.4,99.815512,99.9,99.8,24.010462,24.1,23.9,0,10.749928
2026/09/11 21:50:00.432,n,330.14948,9.575412,11.12,332,1006.5016,1006.7,1006.4,99.869824,99.9,99.8,24.114446,24.3,24,0,10.749928
2026/09/11 22:00:00.435,n,334.29358,9.428602,10.77,333,1006.433,1006.5,1006.3,99.860016,99.9,99.8,24.147314,24.3,24.1,0,11.044446
2026/09/11 22:10:00.425,n,335.2985,9.406016,11.59,331,1006.4248,1006.6,1006.3,99.871488,99.9,99.8,24.129298,24.2,24.1,0,10.749928
2026/09/11 22:20:00.427,n,332.26248,8.631684,10.23,332,1006.5272,1006.7,1006.4,99.877688,99.9,99.8,24.100046,24.2,24,0,10.749928
2026/09/11 22:30:00.431,n,334.06812,7.944029,9.73,335,1006.5264,1006.7,1006.4,99.875712,99.9,99.8,24.114092,24.2,24,0,11.044446
2026/09/11 22:40:00.427,n,337.50176,7.258518,9.06,332,1006.533,1006.6,1006.4,99.88616,99.9,99.8,24.146336,24.3,24.1,0,11.044446
2026/09/11 22:50:00.425,n,345.4384,6.963985,8.350001,334,1006.4768,1006.6,1006.4,99.893904,99.9,99.8,24.170712,24.3,24.1,0,11.044446
2026/09/11 23:00:00.427,n,348.53824,6.453322,7.8,348,1006.4764,1006.6,1006.4,99.894304,99.9,99.8,24.190562,24.3,24.1,0,11.044446
2026/09/11 23:10:00.432,n,345.84604,7.315488,8.49,346,1006.4648,1006.6,1006.4,99.898304,99.9,99.8,24.21208,24.3,24.1,0,10.749928
2026/09/11 23:20:00.425,n,342.88312,6.600435,7.95,344,1006.5144,1006.6,1006.4,99.894104,99.9,99.8,24.248718,24.3,24.2,0,11.044446
2026/09/11 23:30:00.425,n,341.57492,6.815433,7.94,345,1006.5216,1006.6,1006.5,99.89944,99.9,99.9,24.090766,24.2,24,0,10.749928
2026/09/11 23:40:00.427,n,342.58936,6.6325,7.98,349,1006.5422,1006.6,1006.5,99.868568,99.9,99.8,23.98075,24.1,23.9,0,10.749928
2026/09/11 23:50:00.430,n,336.6602,6.993085,8.85,333,1006.4818,1006.6,1006.3,99.857888,99.9,99.8,23.972962,24.1,23.9,0,11.044446
2026/09/12 00:00:00.432,n,330.18466,7.947487,9.24,329,1006.4322,1006.6,1006.3,99.844744,99.9,99.8,23.986624,24.1,23.9,0,10.749928
2026/09/12 00:10:00.425,n,331.18888,7.701603,9.07,336,1006.465,1006.6,1006.4,99.802848,99.9,99.8,23.88973,24,23.8,0,11.044446
2026/09/12 00:20:00.426,n,331.46012,7.895235,9.7,325,1006.5076,1006.6,1006.4,99.800528,99.8,99.8,23.88368,24,23.8,0,10.897186
2026/09/12 00:30:00.470,n,330.42462,7.515651,9,328,1006.5928,1006.7,1006.5,99.801536,99.9,99.8,23.852832,23.9,23.8,0,10.749928
2026/09/12 00:40:00.432,n,333.70472,7.383535,9.06,340,1006.6698,1006.8,1006.5,99.800528,99.8,99.8,23.808876,23.9,23.7,0,10.897186
2026/09/12 00:50:00.425,n,331.34844,7.021101,8.72,332,1006.7732,1006.9,1006.6,99.802688,99.9,99.8,23.847414,24,23.7,0,10.749928
2026/09/12 01:00:00.427,n,334.60438,7.33095,9.08,333,1006.6512,1006.8,1006.5,99.800528,99.8,99.8,23.844444,23.9,23.8,0,10.749928
2026/09/12 01:10:00.429,n,335.51226,7.020783,8.72,333,1006.5836,1006.7,1006.5,99.800528,99.8,99.8,23.809718,23.9,23.7,0,11.044446
2026/09/12 01:20:00.429,n,331.98728,6.355664,7.46,333,1006.6076,1006.7,1006.5,99.800528,99.8,99.8,23.86722,24,23.8,0,10.897186
2026/09/12 01:30:00.432,n,333.61862,6.108531,7.54,329,1006.5976,1006.7,1006.5,99.800528,99.8,99.8,23.875102,24,23.8,0,10.897186
2026/09/12 01:40:00.427,n,336.7592,5.880301,7.46,331,1006.5876,1006.6,1006.5,99.800528,99.8,99.8,23.839382,23.9,23.8,0,10.897186
2026/09/12 01:50:00.426,n,337.19048,5.613585,6.87,337,1006.4644,1006.6,1006.4,99.800528,99.8,99.8,23.74735,23.9,23.7,0,10.749928
2026/09/12 02:00:00.426,n,339.76124,5.376298,6.9,339,1006.3408,1006.4,1006.3,99.800528,99.8,99.8,23.655162,23.8,23.6,0,10.897186
2026/09/12 02:10:00.430,n,343.22328,5.210986,6.42,339,1006.3064,1006.4,1006.2,99.800528,99.8,99.8,23.693066,23.8,23.6,0,10.897186
2026/09/12 02:20:00.434,n,343.70112,5.677721,6.65,340,1006.3252,1006.4,1006.3,99.800528,99.8,99.8,23.642184,23.8,23.6,0,10.897186
2026/09/12 02:30:00.430,n,345.16368,5.779353,6.67,348,1006.3088,1006.4,1006.2,99.800528,99.8,99.8,23.645196,23.7,23.6,0,10.602668
2026/09/12 02:40:00.423,n,343.95424,5.526671,6.74,334,1006.3306,1006.4,1006.2,99.800528,99.8,99.8,23.693254,23.8,23.6,0,10.749928
2026/09/12 02:50:00.429,n,346.03732,5.257867,6.76,350,1006.2502,1006.3,1006.2,99.800528,99.8,99.8,23.69376,23.8,23.6,0,10.897186
2026/09/12 03:00:00.433,n,347.3442,4.733152,6.37,344,1006.325,1006.4,1006.2,99.800528,99.8,99.8,23.719556,23.9,23.6,0,10.897186
2026/09/12 03:10:00.427,n,343.311,5.986122,7.47,343,1006.3688,1006.4,1006.3,99.800528,99.8,99.8,23.782774,23.9,23.7,0,10.897186
2026/09/12 03:20:00.423,n,338.21912,6.189585,7.85,337,1006.372,1006.4,1006.3,99.806224,99.9,99.8,23.825942,23.9,23.8,0,10.897186
2026/09/12 03:30:00.425,n,336.43056,6.251167,7.55,326,1006.3326,1006.4,1006.2,99.809344,99.9,99.8,23.756202,23.9,23.7,0,10.602668
2026/09/12 03:40:00.432,n,336.82276,6.002931,7.66,335,1006.2132,1006.3,1006.1,99.800528,99.8,99.8,23.678308,23.8,23.6,0,10.897186
2026/09/12 03:50:00.425,n,336.76848,4.89295,6.93,327,1006.2832,1006.4,1006.2,99.800528,99.8,99.8,23.714088,23.8,23.7,0,10.749928
2026/09/12 04:00:00.431,n,338.85616,5.405914,6.72,343,1006.2892,1006.4,1006.2,99.800528,99.8,99.8,23.775108,23.8,23.7,0,10.749928
2026/09/12 04:10:00.426,n,334.24616,5.444468,7.09,335,1006.2902,1006.3,1006.2,99.80932,99.9,99.8,23.782272,23.9,23.7,0,10.897186
2026/09/12 04:20:00.432,n,334.84844,4.968498,6.03,332,1006.3004,1006.3,1006.2,99.841504,99.9,99.8,23.772808,23.9,23.7,0,10.897186
2026/09/12 04:30:00.434,n,335.868,4.667137,5.62,334,1006.3066,1006.4,1006.3,99.823928,99.9,99.8,23.719378,23.8,23.6,0,10.897186
2026/09/12 04:40:00.425,n,338.94608,5.236567,6.34,340,1006.2988,1006.4,1006.2,99.811864,99.9,99.8,23.719278,23.8,23.6,0,10.897186
2026/09/12 04:50:00.429,n,335.77156,5.694851,6.85,341,1006.3088,1006.4,1006.2,99.800528,99.8,99.8,23.651602,23.8,23.6,0,10.897186
2026/09/12 05:00:00.428,n,337.93984,5.02625,5.97,340,1006.334,1006.4,1006.3,99.801352,99.9,99.8,23.635502,23.7,23.6,0,10.749928
2026/09/12 05:10:00.431,n,340.0854,4.553418,5.62,337,1006.3708,1006.5,1006.3,99.800528,99.8,99.8,23.666114,23.8,23.5,0,10.602668
2026/09/12 05:20:00.429,n,341.152,3.720352,5.13,335,1006.4214,1006.5,1006.4,99.856248,99.9,99.8,23.770502,23.9,23.7,0,10.602668
2026/09/12 05:30:00.424,n,337.44972,3.073167,4.45,329,1006.623,1006.8,1006.5,99.873088,99.9,99.8,23.909296,24,23.8,0,10.602668
2026/09/12 05:40:00.427,n,336.61736,3.391815,4.57,339,1006.7986,1006.9,1006.7,99.803456,99.9,99.8,23.853522,23.9,23.8,0,10.602668
2026/09/12 05:50:00.428,n,341.52364,3.777183,4.92,347,1006.8698,1007,1006.8,99.808176,99.9,99.8,23.846696,24,23.8,0,10.897186
2026/09/12 06:00:00.432,n,344.84536,4.163833,5.61,343,1006.9764,1007.1,1006.9,99.804944,99.9,99.8,23.913252,24,23.8,0,10.897186
2026/09/12 06:10:00.427,n,344.46396,4.703434,5.91,351,1007.0754,1007.2,1007,99.852928,99.9,99.8,24.0436,24.2,23.9,0,10.749928
2026/09/12 06:20:00.427,n,337.00748,4.637482,5.72,331,1007.2668,1007.4,1007.2,99.814064,99.9,99.8,23.955068,24.2,23.7,0,11.044446
2026/09/12 06:30:00.427,n,341.86536,4.025416,5,340,1007.3086,1007.4,1007.3,99.800528,99.8,99.8,23.648142,23.8,23.5,0,11.044446
2026/09/12 06:40:00.431,n,338.21516,3.693383,4.61,329,1007.404,1007.5,1007.3,99.800528,99.8,99.8,23.665722,23.8,23.6,0,11.191704
2026/09/12 06:50:00.436,n,330.49796,2.872833,3.98,333,1007.5098,1007.6,1007.4,99.800528,99.8,99.8,23.800154,23.9,23.6,0,11.191704
2026/09/12 07:00:00.427,n,336.6998,2.360784,3.47,338,1007.4848,1007.6,1007.4,99.800528,99.8,99.8,23.944662,24.1,23.8,0,11.191704
2026/09/12 07:10:00.427,n,263.0852,0.936434,2.17,275,1007.6322,1007.7,1007.6,99.800528,99.8,99.8,23.920812,24,23.9,0,11.044446
2026/09/12 07:20:00.431,n,237.22076,0.933517,1.86,243,1007.7236,1007.8,1007.6,99.800528,99.8,99.8,23.86567,24.1,23.7,0,11.338964
2026/09/12 07:30:00.437,n,259.40754,0.681467,1.3,278,1007.819,1007.9,1007.7,99.800528,99.8,99.8,24.097752,24.3,23.8,0,11.486222
2026/09/12 07:40:00.428,n,248.46136,0.919867,1.8,268,1007.8998,1007.9,1007.8,99.800528,99.8,99.8,24.313036,24.4,24.2,0,11.633482
2026/09/12 07:50:00.427,n,291.00186,1.025801,2.46,303,1007.8894,1008,1007.8,99.800528,99.8,99.8,24.380746,24.6,24.1,0,11.633482
2026/09/12 08:00:00.428,n,328.96258,0.533666,1.51,326,1007.8832,1008,1007.8,99.800528,99.8,99.8,24.443532,24.6,24.3,0,11.486222
2026/09/12 08:10:00.431,n,322.47632,0.649816,2.02,289,1008.0002,1008.1,1007.9,99.800528,99.8,99.8,24.47936,24.6,24.4,0,11.633482
2026/09/12 08:20:00.427,n,308.16388,0.812667,1.95,314,1008.0258,1008.1,1008,99.800528,99.8,99.8,24.475776,24.6,24.4,0,11.633482
2026/09/12 08:30:00.428,n,344.39628,1.275934,2.57,356,1008.0486,1008.1,1008,99.800528,99.8,99.8,24.215394,24.5,24,0,11.633482
2026/09/12 08:40:00.428,n,354.78272,2.091567,3,353,1008.0684,1008.1,1008,99.800528,99.8,99.8,24.194224,24.3,24.1,0,11.633482
2026/09/12 08:50:00.427,n,13.30867,1.843232,2.98,18,1008.092,1008.2,1008,99.809152,99.9,99.8,24.204096,24.5,24.1,0,12.22252
2026/09/12 09:00:00.434,n,9.38171,1.407317,2.63,327,1008.1366,1008.3,1008.1,99.83628,99.9,99.8,24.432538,24.6,24.3,0,11.633482
2026/09/12 09:10:00.426,n,353.98836,1.278267,2.35,9,1008.296,1008.3,1008.2,99.854688,99.9,99.8,24.391642,24.5,24.3,0,11.633482
2026/09/12 09:20:00.426,n,352.44008,1.735401,2.55,348,1008.3542,1008.5,1008.3,99.800528,99.8,99.8,24.312234,24.4,24.2,0,11.486222
2026/09/12 09:30:00.426,n,349.6042,1.7692,2.87,347,1008.4472,1008.5,1008.4,99.800528,99.8,99.8,24.309926,24.4,24.2,0,11.633482
2026/09/12 09:40:00.424,n,354.4114,1.708499,3.16,18,1008.5058,1008.6,1008.5,99.801504,99.9,99.8,24.376296,24.5,24.3,0,11.633482
2026/09/12 09:50:00.426,n,356.58144,1.769667,2.78,11,1008.5142,1008.6,1008.5,99.800528,99.8,99.8,24.40507,24.5,24.3,0,11.633482
2026/09/12 10:00:00.425,n,359.05616,1.470383,2.4,350,1008.526,1008.6,1008.5,99.800528,99.8,99.8,24.541018,24.6,24.4,0,11.633482
2026/09/12 10:10:00.427,n,42.42866,1.211984,2.34,46,1008.5016,1008.6,1008.5,99.851048,99.9,99.8,24.816842,25.2,24.5,0,11.486222
2026/09/12 10:20:00.431,n,57.905756,1.127017,2.5,65,1008.501,1008.6,1008.4,99.800528,99.8,99.8,24.596618,24.7,24.5,0,11.633482
2026/09/12 10:30:00.432,n,55.146232,1.236234,2.22,36,1008.4744,1008.5,1008.4,99.841496,99.9,99.8,24.82265,25,24.6,0,11.928
2026/09/12 10:40:00.424,n,45.86854,1.132899,2.29,39,1008.4,1008.5,1008.3,99.834112,99.9,99.8,24.956122,25.2,24.6,0,12.07526
2026/09/12 10:50:00.427,n,39.010252,1.03965,1.76,41,1008.3442,1008.4,1008.3,99.822672,99.9,99.8,24.934986,25.2,24.8,0,12.36978
2026/09/12 11:00:00.425,n,50.825344,0.98145,2.03,60,1008.2872,1008.4,1008.2,99.546104,100,93.7,25.326932,25.5,25.2,0,12.07526
2026/09/12 11:10:00.440,n,40.907608,1.181817,2.05,38,1008.2064,1008.3,1008.1,99.551264,100,93.1,25.42026,25.5,25.3,0,12.22252
2026/09/12 11:20:00.428,n,56.32118,1.278316,2.2,50,1008.0368,1008.2,1007.9,99.8978,100,98.9,25.777138,25.9,25.5,0,12.811556
2026/09/12 11:30:00.432,n,45.530656,1.502733,2.45,59,1007.9462,1008,1007.9,99.89944,99.9,99.9,25.840736,25.9,25.8,0,13.106074
2026/09/12 11:40:00.437,n,51.828852,1.721183,2.73,37,1007.8344,1007.9,1007.8,99.89944,99.9,99.9,25.83055,26,25.7,0,12.22252
2026/09/12 11:50:00.422,n,46.448708,1.513617,2.56,64,1007.7456,1007.8,1007.7,99.89944,99.9,99.9,26.096284,26.4,25.8,0,12.517038
2026/09/12 12:00:00.426,n,41.710824,1.627433,2.86,55,1007.64,1007.7,1007.6,99.89944,99.9,99.9,26.122342,26.3,25.9,0,12.811556
2026/09/12 12:10:00.424,n,36.22808,1.357967,2.3,45,1007.566,1007.7,1007.5,99.89944,99.9,99.9,26.35382,26.5,26.2,0,11.633482
2026/09/12 12:20:00.425,n,50.107652,1.515599,2.35,66,1007.491,1007.5,1007.4,99.89944,99.9,99.9,26.334838,26.5,26.2,0,12.07526
2026/09/12 12:30:00.425,n,38.58758,1.364533,2.48,35,1007.3858,1007.5,1007.3,99.89944,99.9,99.9,26.492464,26.6,26.4,0,12.811556
2026/09/12 12:40:00.421,n,44.3457,1.198533,2.13,32,1007.245,1007.4,1007.2,99.838064,100,97.6,26.642786,26.8,26.4,0,11.633482
2026/09/12 12:50:00.423,n,34.263348,1.122267,2.23,47,1007.1578,1007.3,1007.1,98.382464,100,93.3,27.074398,27.4,26.7,0,12.36978
2026/09/12 13:00:00.429,n,23.428046,1.037533,2.15,33,1007.092,1007.1,1007,98.398544,100,94.8,27.195128,27.4,27,0,11.633482
2026/09/12 13:10:00.429,n,22.999842,1.007516,1.87,33,1007.0398,1007.1,1007,97.866016,100,94.7,27.235612,27.5,27,0,12.517038
2026/09/12 13:20:00.432,n,32.17067,1.331634,2.33,49,1006.9362,1007,1006.9,98.002288,100,92.6,27.112444,27.3,27,0,11.486222
2026/09/12 13:30:00.441,n,24.951272,1.441883,2.06,30,1006.8774,1006.9,1006.8,96.844168,100,90.7,27.237422,27.7,26.9,0,11.633482
2026/09/12 13:40:00.421,n,13.627576,1.638699,2.36,1,1006.811,1006.9,1006.8,97.13736,100,92.3,27.317322,27.9,26.9,0,12.36978
2026/09/12 13:50:00.427,n,358.36276,1.74115,2.27,20,1006.7044,1006.8,1006.6,99.75556,100,96.9,27.06691,27.3,26.9,0,11.486222
2026/09/12 14:00:00.426,n,349.4974,1.772916,2.21,348,1006.6506,1006.7,1006.6,99.882408,100,98.7,26.976722,27.1,26.8,0,11.633482
2026/09/12 14:10:00.429,n,342.8194,1.37665,1.91,333,1006.6916,1006.8,1006.6,99.122552,100,93.6,27.240422,27.3,27.1,0,11.486222
2026/09/12 14:20:00.424,n,348.44328,1.095334,1.85,332,1006.6666,1006.7,1006.6,97.09424,100,91.7,27.623328,28.1,27.2,0,11.191704
2026/09/12 14:30:00.424,n,349.51456,1.19125,1.78,336,1006.598,1006.7,1006.5,94.240208,98.3,90.9,27.87764,28.2,27.6,0,11.338964
2026/09/12 14:40:00.427,n,359.98296,1.173133,1.62,11,1006.5098,1006.6,1006.4,98.402792,100,93.9,27.648484,28,27.5,0,11.338964
2026/09/12 14:50:00.427,n,13.910234,1.138434,1.8,30,1006.4894,1006.5,1006.4,99.107864,100,97.8,27.78879,28,27.6,0,11.191704
2026/09/12 15:00:00.429,n,12.89325,1.009749,1.44,12,1006.4896,1006.6,1006.4,97.787912,100,94.8,27.878634,28.1,27.6,0,11.633482
2026/09/12 15:10:00.423,n,10.90732,1.128817,1.62,11,1006.4068,1006.5,1006.4,97.667952,100,93,27.973712,28.1,27.9,0,11.191704
2026/09/12 15:20:00.426,n,352.63676,1.42745,2.21,343,1006.4016,1006.5,1006.4,92.271848,98.4,86.2,28.073592,28.2,27.8,0,11.338964
2026/09/12 15:30:00.427,n,342.00652,1.786317,2.34,346,1006.4002,1006.4,1006.3,92.189,99.6,81.3,27.73156,27.8,27.7,0,11.044446
2026/09/12 15:40:00.430,n,352.549,1.245717,1.94,345,1006.4276,1006.5,1006.4,87.739024,96,78.9,27.988464,28.4,27.7,0,11.486222
2026/09/12 15:50:00.435,n,348.61496,1.17145,1.58,331,1006.418,1006.5,1006.4,85.28964,91.5,76.5,28.321504,28.4,28.2,0,11.633482
2026/09/12 16:00:00.435,n,337.95196,1.28715,1.79,331,1006.464,1006.5,1006.4,81.894184,89.8,73.6,28.209086,28.4,28.1,0,11.044446
2026/09/12 16:10:00.439,n,339.52344,1.284284,1.66,342,1006.4906,1006.5,1006.4,84.39944,91.8,75,28.136696,28.3,28,0,11.486222
2026/09/12 16:20:00.426,n,335.043,1.062967,1.74,337,1006.502,1006.6,1006.4,85.090272,92,80.3,28.052318,28.2,27.9,0,11.486222
2026/09/12 16:30:00.427,n,326.63898,1.0984,1.7,312,1006.509,1006.6,1006.5,83.653816,89.1,78.1,28.02435,28.1,28,0,11.486222
2026/09/12 16:40:00.427,n,324.82678,1.514967,2.47,324,1006.5076,1006.6,1006.5,86.477744,94.2,81.3,27.946182,28,27.8,0,11.486222
2026/09/12 16:50:00.425,n,332.2006,2.338483,3.16,324,1006.5818,1006.6,1006.5,93.834112,100,88.2,27.730284,27.9,27.7,0,11.191704
2026/09/12 17:00:00.427,n,337.67836,2.602115,3.41,347,1006.6024,1006.7,1006.6,99.60676,100,96.6,27.67047,27.7,27.6,0,11.191704
2026/09/12 17:10:00.425,n,341.7342,3.574698,4.9,337,1006.677,1006.7,1006.6,99.873728,99.9,99.8,27.5068,27.6,27.4,0,11.338964
2026/09/12 17:20:00.430,n,340.01536,4.511232,5.19,335,1006.6934,1006.7,1006.6,99.82032,99.9,99.8,27.375406,27.4,27.3,0,11.044446
2026/09/12 17:30:00.434,n,335.90592,5.329752,6.32,329,1006.6704,1006.8,1006.6,99.856664,99.9,99.8,27.29508,27.4,27.2,0,11.044446
2026/09/12 17:40:00.438,n,332.59698,5.127686,6.12,333,1006.6944,1006.8,1006.6,99.838448,99.9,99.8,27.202678,27.3,27.1,0,11.191704
2026/09/12 17:50:00.423,n,334.34122,5.436919,6.17,335,1006.687,1006.8,1006.6,99.802816,99.9,99.8,27.009916,27.1,26.9,0,11.191704
2026/09/12 18:00:00.429,n,330.32978,5.024515,5.87,330,1006.6864,1006.8,1006.6,99.800528,99.8,99.8,26.893268,27,26.8,0,11.191704
2026/09/12 18:10:00.427,n,329.02924,5.048414,6.52,330,1006.6928,1006.8,1006.6,99.800528,99.8,99.8,26.823052,26.9,26.7,0,11.191704
2026/09/12 18:20:00.425,n,334.29302,5.001764,5.99,335,1006.6966,1006.8,1006.7,99.800528,99.8,99.8,26.77332,26.9,26.7,0,11.191704
2026/09/12 18:30:00.428,n,338.08936,4.672985,5.89,337,1006.805,1006.9,1006.7,99.800528,99.8,99.8,26.683692,26.8,26.6,0,10.897186
2026/09/12 18:40:00.427,n,337.08912,5.666348,6.45,333,1006.9334,1007,1006.8,99.800528,99.8,99.8,26.55553,26.7,26.4,0,10.897186
2026/09/12 18:50:00.431,n,335.29318,5.924481,6.84,332,1007.0812,1007.2,1006.9,99.800528,99.8,99.8,26.3988,26.5,26.3,0,11.191704
2026/09/12 19:00:00.433,n,339.02248,5.356817,6.17,337,1007.2516,1007.4,1007.1,99.800528,99.8,99.8,26.403308,26.5,26.3,0,10.897186
2026/09/12 19:10:00.439,n,342.29396,4.902284,5.92,340,1007.3298,1007.4,1007.2,99.800528,99.8,99.8,26.341414,26.5,26.3,0,10.897186
2026/09/12 19:20:00.426,n,344.53336,5.239854,6.03,350,1007.4142,1007.5,1007.3,99.800528,99.8,99.8,26.302236,26.4,26.2,0,11.044446
2026/09/12 19:30:00.429,n,347.51076,5.830851,6.83,347,1007.5324,1007.7,1007.4,99.79968,99.8,99.7,26.04757,26.3,25.8,0,10.897186
2026/09/12 19:40:00.427,n,344.58336,5.778149,6.65,341,1007.6422,1007.8,1007.5,99.800528,99.8,99.8,25.798386,25.9,25.7,0,11.191704
2026/09/12 19:50:00.432,n,344.31268,4.927034,6.01,344,1007.822,1007.9,1007.7,99.777656,99.8,99.7,25.782058,25.9,25.7,0,11.044446
2026/09/12 20:00:00.426,n,343.95012,5.479983,6.57,346,1007.9532,1008.1,1007.8,99.799,99.8,99.7,25.69739,25.8,25.6,0,11.191704
2026/09/12 20:10:00.426,n,342.02288,4.738735,5.73,340,1008.1462,1008.2,1008,99.797328,99.8,99.7,25.67057,25.8,25.6,0,11.191704
2026/09/12 20:20:00.426,n,343.24916,4.736116,5.54,342,1008.1972,1008.3,1008.2,99.756,99.8,99.7,25.67624,25.8,25.6,0,11.044446
2026/09/12 20:30:00.434,n,340.72836,5.286165,6.2,340,1008.2488,1008.3,1008.2,99.776504,99.8,99.7,25.528192,25.7,25.4,0,10.749928
2026/09/12 20:40:00.438,n,341.23472,5.311951,6.01,341,1008.3006,1008.4,1008.2,99.762768,99.8,99.7,25.43263,25.5,25.3,0,11.044446
2026/09/12 20:50:00.426,n,342.9352,5.518983,6.45,343,1008.3126,1008.4,1008.3,99.772968,99.8,99.7,25.31292,25.4,25.2,0,11.191704
2026/09/12 21:00:00.431,n,344.274,5.220385,6.32,348,1008.3536,1008.4,1008.3,99.752976,99.8,99.7,25.256458,25.3,25.2,0,10.749928
2026/09/12 21:10:00.429,n,342.88964,5.083885,5.7,342,1008.3942,1008.4,1008.3,99.774128,99.8,99.7,25.224712,25.4,25.1,0,11.191704
2026/09/12 21:20:00.427,n,342.81888,4.63665,5.63,343,1008.42,1008.6,1008.3,99.756104,99.8,99.7,25.340868,25.5,25.2,0,10.749928
2026/09/12 21:30:00.426,n,344.22968,3.884317,4.52,342,1008.4998,1008.6,1008.4,99.746984,99.8,99.7,25.41459,25.5,25.3,0,11.044446
2026/09/12 21:40:00.426,n,344.6922,3.953782,5.01,344,1008.5024,1008.6,1008.4,99.726984,99.8,99.7,25.485084,25.6,25.4,0,11.044446
2026/09/12 21:50:00.427,n,345.13288,3.872916,4.56,344,1008.4938,1008.6,1008.4,99.710784,99.8,99.7,25.4451,25.5,25.3,0,11.044446
2026/09/12 22:00:00.431,n,344.40132,3.759534,4.46,345,1008.487,1008.5,1008.4,99.701136,99.8,99.7,25.360764,25.5,25.3,0,11.044446
2026/09/12 22:10:00.436,n,346.2014,2.987182,4.04,348,1008.5088,1008.6,1008.5,99.699472,99.7,99.7,25.378238,25.5,25.3,0,11.044446
2026/09/12 22:20:00.436,n,48.180772,0.999034,2.31,340,1008.601,1008.7,1008.5,99.699472,99.7,99.7,25.257638,25.4,25.1,0,11.044446
2026/09/12 22:30:00.430,n,197.9702,0.91865,1.78,224,1008.6494,1008.7,1008.6,99.699472,99.7,99.7,24.983126,25.1,24.9,0,11.044446
2026/09/12 22:40:00.426,n,199.14788,1.743516,3.66,198,1008.639,1008.7,1008.6,99.699472,99.7,99.7,24.83598,25,24.7,0,10.749928
2026/09/12 22:50:00.427,n,220.25268,1.725367,3.42,189,1008.6914,1008.7,1008.6,99.699472,99.7,99.7,24.688494,24.8,24.6,0,11.044446
2026/09/12 23:00:00.428,n,205.73012,1.370817,3.5,193,1008.6892,1008.7,1008.6,99.699472,99.7,99.7,24.65417,24.7,24.6,0,11.044446
2026/09/12 23:10:00.424,n,190.5476,2.204316,3.82,191,1008.6874,1008.7,1008.6,99.699472,99.7,99.7,24.591394,24.6,24.5,0,10.749928
2026/09/12 23:20:00.428,n,193.33732,2.2628,3.22,198,1008.598,1008.7,1008.5,99.699472,99.7,99.7,24.467538,24.6,24.4,0,11.044446
2026/09/12 23:30:00.437,n,196.47158,2.504667,3.1,200,1008.5348,1008.6,1008.5,99.699472,99.7,99.7,24.47384,24.5,24.4,0,10.897186
2026/09/12 23:40:00.437,n,194.60796,2.398269,3.49,201,1008.5018,1008.6,1008.5,99.699472,99.7,99.7,24.516808,24.6,24.5,0,11.044446
2026/09/12 23:50:00.427,n,190.50028,2.399684,3.52,188,1008.4996,1008.5,1008.4,99.699472,99.7,99.7,24.50633,24.6,24.5,0,11.044446
2026/09/13 00:00:00.434,n,182.93484,2.420583,3.86,180,1008.4134,1008.5,1008.3,99.699472,99.7,99.7,24.443754,24.5,24.4,0,10.602668
2026/09/13 00:10:00.427,n,182.1244,1.933969,4.02,187,1008.3114,1008.4,1008.2,99.699472,99.7,99.7,24.462974,24.5,24.4,0,10.897186
2026/09/13 00:20:00.426,n,186.23304,1.5783,2.44,207,1008.263,1008.4,1008.2,99.699472,99.7,99.7,24.358578,24.4,24.3,0,11.044446
2026/09/13 00:30:00.426,n,190.94172,2.528066,4.33,197,1008.2602,1008.3,1008.2,99.699472,99.7,99.7,24.2101,24.3,24.1,0,11.044446
2026/09/13 00:40:00.429,n,192.90744,2.531967,3.78,196,1008.2336,1008.3,1008.2,99.699472,99.7,99.7,24.063006,24.1,24,0,10.897186
2026/09/13 00:50:00.429,n,193.69962,2.885283,3.91,185,1008.1846,1008.2,1008.1,99.699472,99.7,99.7,24.009172,24.1,24,0,10.455408
2026/09/13 01:00:00.426,n,188.93166,2.3558,3.54,189,1008.0726,1008.2,1008,99.699472,99.7,99.7,23.999106,24.1,23.8,0,10.455408
2026/09/13 01:10:00.426,n,180.4434,2.589417,3.53,172,1008.0002,1008.1,1007.9,99.699472,99.7,99.7,23.899626,24,23.8,0,11.044446
2026/09/13 01:20:00.433,n,180.83718,2.657718,4.06,188,1007.997,1008,1007.9,99.699472,99.7,99.7,23.90013,23.9,23.9,0,10.602668
2026/09/13 01:30:00.476,n,181.86962,1.927666,3.26,177,1007.9606,1008,1007.9,99.699472,99.7,99.7,23.872986,23.9,23.8,0,10.455408
2026/09/13 01:40:00.426,n,183.39846,2.132317,3.39,186,1007.9062,1008,1007.8,99.699472,99.7,99.7,23.772976,23.8,23.7,0,11.044446
2026/09/13 01:50:00.426,n,189.21478,2.343584,3.32,206,1007.823,1007.9,1007.8,99.699472,99.7,99.7,23.70412,23.8,23.7,0,10.897186
2026/09/13 02:00:00.427,n,188.11758,2.46475,3.42,206,1007.8064,1007.9,1007.7,99.699472,99.7,99.7,23.706776,23.8,23.7,0,11.044446
2026/09/13 02:10:00.432,n,184.65908,2.357484,3.55,200,1007.801,1007.8,1007.7,99.699472,99.7,99.7,23.746286,23.8,23.7,0,11.044446
2026/09/13 02:20:00.427,n,187.36264,2.02945,2.96,184,1007.7526,1007.8,1007.7,99.699472,99.7,99.7,23.799374,23.8,23.7,0,10.602668
2026/09/13 02:30:00.430,n,190.43876,2.245366,3.33,196,1007.7038,1007.8,1007.7,99.699472,99.7,99.7,23.864464,23.9,23.8,0,10.897186
2026/09/13 02:40:00.428,n,192.68888,2.576084,3.88,202,1007.7778,1007.8,1007.7,99.699472,99.7,99.7,23.937482,24,23.9,0,11.044446
2026/09/13 02:50:00.429,n,185.52888,2.175967,3.22,189,1007.7756,1007.8,1007.7,99.699472,99.7,99.7,23.998832,24,23.9,0,10.602668
2026/09/13 03:00:00.436,n,178.1708,1.894534,3.1,181,1007.7744,1007.8,1007.7,99.699472,99.7,99.7,24.045034,24.1,24,0,10.897186
2026/09/13 03:10:00.443,n,167.31584,1.601817,2.01,173,1007.806,1007.9,1007.7,99.699472,99.7,99.7,24.043862,24.1,23.9,0,10.602668
2026/09/13 03:20:00.426,n,174.4396,1.456098,1.77,177,1007.8064,1007.9,1007.7,99.699472,99.7,99.7,24.000498,24.1,24,0,10.897186
2026/09/13 03:30:00.427,n,162.8699,1.44705,1.74,153,1007.803,1007.8,1007.7,99.699472,99.7,99.7,24.000668,24.1,24,0,10.897186
2026/09/13 03:40:00.432,n,152.20836,1.38125,1.83,152,1007.8062,1007.8,1007.8,99.699472,99.7,99.7,23.942468,24,23.8,0,10.897186
2026/09/13 03:50:00.428,n,145.74654,1.1879,1.53,168,1007.8056,1007.8,1007.7,99.699472,99.7,99.7,23.866434,23.9,23.7,0,10.897186
2026/09/13 04:00:00.427,n,125.59024,1.630416,2.07,119,1007.8038,1007.8,1007.7,99.699472,99.7,99.7,23.736218,23.8,23.7,0,10.455408
2026/09/13 04:10:00.427,n,113.59896,1.788966,2.32,113,1007.8062,1007.8,1007.8,99.699472,99.7,99.7,23.643212,23.8,23.5,0,10.455408
2026/09/13 04:20:00.430,n,127.13992,1.833966,2.25,120,1007.806,1007.9,1007.7,99.699472,99.7,99.7,23.61624,23.7,23.5,0,10.897186
2026/09/13 04:30:00.432,n,151.09908,1.846867,2.5,156,1007.8602,1007.9,1007.8,99.699472,99.7,99.7,23.61563,23.7,23.5,0,10.602668
2026/09/13 04:40:00.426,n,126.3342,1.870068,2.48,126,1007.8602,1007.9,1007.8,99.699472,99.7,99.7,23.775244,24,23.5,0,10.897186
2026/09/13 04:50:00.427,n,116.15284,1.7943,2.19,120,1007.7914,1007.9,1007.7,99.699472,99.7,99.7,24.269286,24.5,23.9,0,10.897186
2026/09/13 05:00:00.424,n,108.79744,1.667934,2.31,116,1007.807,1007.9,1007.7,99.699472,99.7,99.7,24.049178,24.3,24,0,10.602668
2026/09/13 05:10:00.428,n,114.8082,0.736116,1.2,81,1007.8078,1007.9,1007.8,99.699472,99.7,99.7,23.922128,24,23.8,0,10.897186
2026/09/13 05:20:00.432,n,177.3887,0.355917,1.16,33,1007.8238,1007.9,1007.8,99.699472,99.7,99.7,24.0659,24.2,23.9,0,10.602668
2026/09/13 05:30:00.437,n,172.25784,0.851983,1.69,158,1007.8076,1007.9,1007.8,99.699472,99.7,99.7,24.149478,24.2,24,0,10.897186
2026/09/13 05:40:00.428,n,138.55506,1.043917,1.47,155,1007.785,1007.8,1007.7,99.699472,99.7,99.7,23.866168,24,23.8,0,10.897186
2026/09/13 05:50:00.427,n,143.01656,1.077616,1.42,143,1007.7174,1007.8,1007.7,99.699472,99.7,99.7,23.745374,23.9,23.6,0,10.897186
2026/09/13 06:00:00.432,n,137.04476,1.14885,1.42,126,1007.6874,1007.7,1007.6,99.699472,99.7,99.7,23.7456,24,23.6,0,10.897186
2026/09/13 06:10:00.427,n,154.98854,1.383117,1.63,159,1007.6708,1007.7,1007.6,99.699472,99.7,99.7,23.894968,24,23.8,0,11.044446
2026/09/13 06:20:00.428,n,150.8903,1.612833,2.09,148,1007.6938,1007.8,1007.6,99.699472,99.7,99.7,23.887488,24.1,23.7,0,10.749928
2026/09/13 06:30:00.427,n,153.39192,1.674817,2.24,141,1007.6944,1007.8,1007.7,99.699472,99.7,99.7,24.083596,24.2,24,0,11.044446
2026/09/13 06:40:00.426,n,148.54044,1.529299,2.07,152,1007.6976,1007.8,1007.7,99.699472,99.7,99.7,24.218022,24.3,24.1,0,10.897186
2026/09/13 06:50:00.427,n,160.68726,1.035084,1.66,174,1007.7022,1007.8,1007.6,99.699472,99.7,99.7,24.614012,24.9,24.3,0,11.338964
2026/09/13 07:00:00.430,n,161.27902,0.836,1.59,171,1007.6214,1007.7,1007.6,99.699472,99.7,99.7,24.899298,25,24.8,0,11.191704
2026/09/13 07:10:00.440,n,160.94514,0.62735,1.16,127,1007.647,1007.7,1007.5,99.699472,99.7,99.7,25.019564,25.1,24.9,0,10.897186
2026/09/13 07:20:00.442,n,160.63416,0.68315,1.2,149,1007.615,1007.7,1007.6,99.699472,99.7,99.7,25.082526,25.1,25,0,11.191704
2026/09/13 07:30:00.431,n,216.72258,0.4724,0.95,163,1007.5992,1007.6,1007.5,99.699472,99.7,99.7,25.190244,25.4,25.1,0,11.338964
2026/09/13 07:40:00.427,n,255.96018,0.662467,1.36,268,1007.5994,1007.6,1007.5,99.699472,99.7,99.7,25.482016,25.6,25.4,0,11.338964
2026/09/13 07:50:00.426,n,252.67704,0.456767,1.21,272,1007.5698,1007.6,1007.5,99.699472,99.7,99.7,25.578886,25.8,25.4,0,11.044446
2026/09/13 08:00:00.426,n,236.67392,0.443633,1.17,240,1007.5088,1007.6,1007.5,99.699472,99.7,99.7,25.83654,26,25.7,0,11.633482
2026/09/13 08:10:00.429,n,327.2616,0.53905,1.48,283,1007.5896,1007.6,1007.5,99.781568,99.8,99.7,26.500616,26.8,26,0,11.633482
2026/09/13 08:20:00.428,n,340.97688,1.359966,1.97,343,1007.5996,1007.6,1007.6,99.751104,99.8,99.7,26.179886,26.8,25.7,0,12.07526
2026/09/13 08:30:00.436,n,355.93268,1.6697,2.33,4,1007.5784,1007.6,1007.5,99.699472,99.7,99.7,25.666374,25.8,25.6,0,11.928
2026/09/13 08:40:00.432,n,5.458159,1.869899,2.5,1,1007.5044,1007.6,1007.5,99.699472,99.7,99.7,25.54777,25.6,25.5,0,12.07526
2026/09/13 08:50:00.437,n,355.63316,1.828083,2.41,351,1007.5004,1007.6,1007.5,99.699472,99.7,99.7,25.60114,25.7,25.5,0,12.07526
2026/09/13 09:00:00.425,n,0.135463,1.682684,2.32,358,1007.4846,1007.5,1007.4,99.699472,99.7,99.7,25.640012,25.7,25.5,0,11.928
2026/09/13 09:10:00.427,n,354.89012,1.732951,2.41,0,1007.499,1007.5,1007.4,99.699472,99.7,99.7,25.665762,25.8,25.6,0,11.928
2026/09/13 09:20:00.428,n,349.51708,2.151934,2.85,345,1007.5054,1007.6,1007.4,99.699472,99.7,99.7,25.648942,25.7,25.6,0,12.664298
2026/09/13 09:30:00.426,n,343.58504,2.295151,3.2,339,1007.541,1007.6,1007.5,99.699472,99.7,99.7,25.64507,25.7,25.5,0,12.664298
2026/09/13 09:40:00.425,n,344.14692,2.467016,3.2,343,1007.4994,1007.6,1007.4,99.699472,99.7,99.7,25.662646,25.9,25.6,0,12.664298
2026/09/13 09:50:00.429,n,344.52864,2.29855,2.9,345,1007.4674,1007.5,1007.4,99.699472,99.7,99.7,25.794984,25.9,25.7,0,12.664298
2026/09/13 10:00:00.431,n,347.8434,2.524001,3.29,351,1007.4418,1007.5,1007.4,99.699472,99.7,99.7,25.793812,26,25.7,0,12.07526
2026/09/13 10:10:00.439,n,336.8502,1.996666,2.59,343,1007.4028,1007.5,1007.3,99.699472,99.7,99.7,26.123908,26.4,25.8,0,11.633482
2026/09/13 10:20:00.424,n,330.99008,2.472884,3.42,336,1007.3664,1007.4,1007.3,99.699472,99.7,99.7,26.011436,26.3,25.8,0,12.07526
2026/09/13 10:30:00.428,n,327.5702,2.907935,3.88,344,1007.2686,1007.3,1007.2,99.699472,99.7,99.7,25.76368,25.9,25.7,0,12.517038
2026/09/13 10:40:00.431,n,337.50076,2.951966,3.92,336,1007.132,1007.2,1007.1,99.699472,99.7,99.7,25.80341,25.9,25.7,0,11.928
2026/09/13 10:50:00.429,n,336.65696,2.4225,3.31,330,1007.0854,1007.1,1007,99.70912,99.8,99.7,25.889498,26.1,25.8,0,12.07526
2026/09/13 11:00:00.424,n,346.22032,2.242216,2.81,1,1007.0694,1007.1,1007,99.700808,99.8,99.7,26.167998,26.3,26,0,11.633482
2026/09/13 11:10:00.440,n,344.18752,2.679218,3.43,344,1006.9662,1007.1,1006.9,99.699472,99.7,99.7,26.121688,26.3,26,0,12.664298
2026/09/13 11:20:00.428,n,347.60272,2.843684,4.09,353,1006.8692,1007,1006.8,99.699472,99.7,99.7,26.079722,26.2,26,0,12.07526
2026/09/13 11:30:00.433,n,351.20296,2.471534,3.45,345,1006.7668,1006.8,1006.7,99.709456,99.8,99.7,26.327032,26.6,26.2,0,12.664298
2026/09/13 11:40:00.435,n,357.68056,2.543785,3.42,359,1006.6434,1006.8,1006.6,99.800528,99.8,99.8,26.717802,26.9,26.5,0,11.633482
2026/09/13 11:50:00.434,n,10.73986,2.15315,2.79,11,1006.5,1006.6,1006.4,99.775984,99.8,99.7,26.466444,26.5,26.4,0,11.633482
2026/09/13 12:00:00.443,n,358.1326,2.604217,3.23,353,1006.3576,1006.4,1006.3,99.80036,99.8,99.7,26.56164,26.7,26.4,0,11.191704
2026/09/13 12:10:00.428,n,345.78252,2.267033,3.18,333,1006.2844,1006.4,1006.2,99.800528,99.8,99.8,26.821372,26.9,26.7,0,11.633482
2026/09/13 12:20:00.426,n,347.09848,2.237917,3.06,347,1006.1968,1006.3,1006.1,99.800528,99.8,99.8,26.84867,26.9,26.8,0,11.633482
2026/09/13 12:30:00.426,n,353.2646,1.6125,2.39,1,1006.0594,1006.2,1005.9,99.800528,99.8,99.8,27.036414,27.3,26.8,0,11.338964
2026/09/13 12:40:00.429,n,7.545758,2.393082,4.47,30,1005.8756,1006,1005.8,99.800528,99.8,99.8,27.359348,27.5,27.3,0,11.633482
2026/09/13 12:50:00.425,n,357.89272,2.035485,3.69,356,1005.803,1005.9,1005.6,99.800528,99.8,99.8,27.493896,27.8,27.3,0,11.338964
2026/09/13 13:00:00.428,n,1.813076,1.38745,2.99,15,1005.7882,1005.9,1005.7,99.800528,99.8,99.8,27.51196,27.7,27.4,0,11.486222
2026/09/13 13:10:00.431,n,11.365546,2.796751,3.77,6,1005.7176,1005.8,1005.6,99.800528,99.8,99.8,27.343268,27.6,27.1,0,11.486222
2026/09/13 13:20:00.435,n,27.624056,2.971083,4.69,10,1005.6308,1005.7,1005.5,99.792024,99.8,99.7,27.294012,27.7,27.1,0,11.486222
2026/09/13 13:30:00.436,n,31.377338,2.705167,3.8,33,1005.4892,1005.6,1005.4,99.800528,99.8,99.8,27.320146,27.7,27.1,0,11.633482
2026/09/13 13:40:00.424,n,40.990188,1.7283,3.36,45,1005.4772,1005.5,1005.4,99.800528,99.8,99.8,27.431902,27.5,27.3,0,11.633482
2026/09/13 13:50:00.425,n,52.870136,1.8415,3.39,66,1005.4278,1005.5,1005.4,99.800528,99.8,99.8,27.61933,27.9,27.3,0,11.486222
2026/09/13 14:00:00.426,n,349.9428,0.87345,1.92,21,1005.4612,1005.5,1005.4,99.800528,99.8,99.8,27.807952,27.9,27.6,0,11.044446
2026/09/13 14:10:00.429,n,149.99256,1.27765,3.55,149,1005.3664,1005.5,1005.3,99.800528,99.8,99.8,28.032112,28.2,27.9,0,11.044446
2026/09/13 14:20:00.428,n,212.12746,0.86925,2.18,204,1005.4142,1005.5,1005.3,99.800528,99.8,99.8,28.16438,28.3,27.9,0,11.044446
2026/09/13 14:30:00.428,n,302.19958,1.306633,2.45,332,1005.4108,1005.5,1005.3,99.800528,99.8,99.8,27.746582,28,27.5,0,11.044446
2026/09/13 14:40:00.432,n,302.3952,2.905918,4.41,301,1005.407,1005.5,1005.3,99.718928,99.8,99.7,26.957348,27.5,26.4,0,11.044446
2026/09/13 14:50:00.436,n,328.54632,1.763852,4.11,302,1005.387,1005.5,1005.3,99.699472,99.7,99.7,26.476358,26.7,26.3,0,11.486222
2026/09/13 15:00:00.437,n,286.72614,0.856317,1.73,241,1005.3644,1005.5,1005.3,99.70252,99.8,99.7,26.832718,27.1,26.6,0,11.191704
2026/09/13 15:10:00.424,n,192.29862,2.2907,4.67,175,1005.4394,1005.5,1005.4,99.74856,99.8,99.7,27.095548,27.2,27,0,11.338964
2026/09/13 15:20:00.427,n,113.69488,2.608718,4.15,137,1005.4048,1005.5,1005.4,99.7374,99.8,99.7,26.941474,27.1,26.8,0,11.338964
2026/09/13 15:30:00.428,n,48.280648,1.962017,3.95,54,1005.4128,1005.5,1005.3,99.699472,99.7,99.7,26.833368,27.1,26.6,0,11.338964
2026/09/13 15:40:00.430,n,27.08675,2.693667,3.74,27,1005.254,1005.4,1005.1,99.699472,99.7,99.7,26.608696,26.7,26.5,0,11.486222
2026/09/13 15:50:00.423,n,32.16132,3.1106,3.98,35,1005.1154,1005.2,1005.1,99.699472,99.7,99.7,26.44716,26.7,26.3,0,11.633482
2026/09/13 16:00:00.424,n,20.703196,2.168351,3.07,18,1005.033,1005.1,1005,99.699472,99.7,99.7,26.57378,26.8,26.4,0,11.486222
2026/09/13 16:10:00.427,n,28.67519,2.107817,2.72,14,1005.0328,1005.1,1005,99.699472,99.7,99.7,26.767778,26.9,26.7,0,11.633482
2026/09/13 16:20:00.430,n,47.647164,1.5061,2.57,55,1005.1576,1005.2,1005,99.699472,99.7,99.7,26.983434,27.2,26.8,0,11.633482
2026/09/13 16:30:00.432,n,57.706812,2.311916,3.36,57,1005.1108,1005.2,1005,99.701,99.8,99.7,27.10432,27.3,27,0,11.338964
2026/09/13 16:40:00.426,n,54.091856,2.617118,3.49,53,1005.0904,1005.2,1005,99.699472,99.7,99.7,26.854188,27.1,26.6,0,11.486222
2026/09/13 16:50:00.423,n,26.855286,2.212001,3.05,34,1005.0512,1005.1,1005,99.699472,99.7,99.7,26.702462,26.8,26.7,0,10.897186
2026/09/13 17:00:00.428,n,348.49028,2.072184,2.99,337,1005.0406,1005.1,1005,99.699472,99.7,99.7,26.734898,26.8,26.7,0,11.191704
2026/09/13 17:10:00.430,n,344.24248,1.862567,2.57,337,1005.1124,1005.2,1005,99.699472,99.7,99.7,26.772556,26.8,26.7,0,11.191704
2026/09/13 17:20:00.434,n,343.9278,1.710917,2.26,339,1005.1646,1005.2,1005.1,99.699472,99.7,99.7,26.858946,26.9,26.8,0,10.897186
2026/09/13 17:30:00.427,n,320.68436,1.068067,1.8,337,1005.254,1005.3,1005.2,99.699472,99.7,99.7,26.888926,26.9,26.8,0,11.044446
2026/09/13 17:40:00.429,n,297.53714,0.392467,1.14,285,1005.2676,1005.4,1005.2,99.699472,99.7,99.7,26.948398,27,26.8,0,11.044446
2026/09/13 17:50:00.428,n,254.43018,0.82865,2.09,261,1005.3978,1005.4,1005.3,99.699472,99.7,99.7,26.991172,27.1,26.9,0,11.044446
2026/09/13 18:00:00.431,n,227.06454,1.8513,3.87,202,1005.3834,1005.4,1005.3,99.699472,99.7,99.7,26.80287,27,26.5,0,11.044446
2026/09/13 18:10:00.428,n,211.38794,1.903348,2.87,199,1005.4468,1005.5,1005.4,99.699472,99.7,99.7,26.439826,26.6,26.3,0,10.897186
2026/09/13 18:20:00.427,n,193.31542,1.364418,2.73,198,1005.487,1005.5,1005.4,99.699472,99.7,99.7,26.350546,26.4,26.3,0,10.897186
2026/09/13 18:30:00.427,n,171.02374,1.339983,2.76,178,1005.4918,1005.5,1005.4,99.699472,99.7,99.7,26.32964,26.4,26.1,0,11.044446
2026/09/13 18:40:00.425,n,181.86172,1.959501,3.41,174,1005.4956,1005.6,1005.4,99.699472,99.7,99.7,26.14908,26.2,26,0,10.749928
2026/09/13 18:50:00.433,n,177.25248,3.214799,6.7,179,1005.5134,1005.6,1005.4,99.699472,99.7,99.7,25.843186,26,25.6,0,11.044446
2026/09/13 19:00:00.436,n,178.82702,4.859517,7.06,191,1005.6124,1005.8,1005.5,99.699472,99.7,99.7,25.546338,25.7,25.5,0,11.191704
2026/09/13 19:10:00.426,n,178.41196,4.8954,7.89,179,1005.7794,1005.9,1005.7,99.699472,99.7,99.7,25.467958,25.6,25.4,0,10.749928
2026/09/13 19:20:00.428,n,176.08668,3.685983,5.5,172,1005.8664,1005.9,1005.8,99.699472,99.7,99.7,25.388744,25.4,25.3,0,11.044446
2026/09/13 19:30:00.429,n,178.68522,2.992751,4.54,174,1005.9406,1006,1005.9,99.699472,99.7,99.7,25.278288,25.4,25.2,0,11.191704
2026/09/13 19:40:00.428,n,176.19442,3.291717,4.63,170,1006.0556,1006.1,1005.9,99.699472,99.7,99.7,25.198584,25.3,25.1,0,10.897186
2026/09/13 19:50:00.427,n,172.674,3.904197,5.73,168,1006.1188,1006.2,1006,99.699472,99.7,99.7,25.10469,25.2,25,0,11.044446
2026/09/13 20:00:00.428,n,178.07082,4.360535,7.07,177,1006.2734,1006.4,1006.1,99.699472,99.7,99.7,25.145938,25.2,25.1,0,11.044446
2026/09/13 20:10:00.431,n,180.26234,3.739315,6.13,176,1006.4796,1006.6,1006.3,99.699472,99.7,99.7,25.1998,25.2,25.1,0,10.602668
2026/09/13 20:20:00.435,n,177.08682,4.136052,7.29,170,1006.615,1006.7,1006.5,99.699472,99.7,99.7,25.202956,25.3,25.2,0,10.749928
2026/09/13 20:30:00.429,n,171.50978,4.727385,6.52,166,1006.6524,1006.7,1006.6,99.699472,99.7,99.7,25.201628,25.3,25.2,0,10.749928
2026/09/13 20:40:00.425,n,173.62606,4.887101,6.44,186,1006.7086,1006.8,1006.6,99.699472,99.7,99.7,25.199296,25.2,25.1,0,11.044446
2026/09/13 20:50:00.429,n,169.79254,4.672451,5.74,172,1006.7044,1006.8,1006.7,99.699472,99.7,99.7,25.130392,25.2,25.1,0,10.749928
2026/09/13 21:00:00.431,n,172.90908,3.427234,5.09,175,1006.741,1006.8,1006.7,99.699472,99.7,99.7,25.100358,25.2,25,0,11.044446
2026/09/13 21:10:00.427,n,176.18992,2.924217,4.48,182,1006.713,1006.8,1006.6,99.699472,99.7,99.7,25.099194,25.1,25,0,11.044446
2026/09/13 21:20:00.426,n,171.97666,4.383567,5.88,169,1006.6888,1006.8,1006.6,99.699472,99.7,99.7,25.078942,25.1,25,0,10.749928
2026/09/13 21:30:00.427,n,171.3198,4.678384,6.11,171,1006.6248,1006.7,1006.5,99.699472,99.7,99.7,25.02278,25.1,25,0,11.044446
2026/09/13 21:40:00.432,n,174.25342,4.653066,6.27,193,1006.603,1006.7,1006.6,99.699472,99.7,99.7,25.086352,25.1,25,0,11.044446
2026/09/13 21:50:00.428,n,173.87272,4.396549,5.77,175,1006.5294,1006.6,1006.5,99.699472,99.7,99.7,25.055654,25.1,25,0,11.044446
2026/09/13 22:00:00.428,n,187.8413,3.180951,4.87,198,1006.57,1006.6,1006.5,99.699472,99.7,99.7,24.988386,25.1,24.9,0,10.749928
2026/09/13 22:10:00.428,n,179.5424,3.118968,5.09,172,1006.4998,1006.6,1006.4,99.699472,99.7,99.7,24.93203,25,24.9,0,11.044446
2026/09/13 22:20:00.427,n,178.59092,3.288049,5.75,167,1006.4118,1006.5,1006.4,99.699472,99.7,99.7,25.009844,25.1,25,0,10.897186
2026/09/13 22:30:00.433,n,179.97482,3.334668,5.06,168,1006.4048,1006.5,1006.3,99.699472,99.7,99.7,25,25,25,0,11.044446
2026/09/13 22:40:00.428,n,172.3211,3.451235,4.87,181,1006.2908,1006.3,1006.2,99.699472,99.7,99.7,24.989202,25,24.9,0,10.455408
2026/09/13 22:50:00.427,n,170.98164,3.025814,4.42,171,1006.1816,1006.3,1006.1,99.699472,99.7,99.7,24.917804,25,24.8,0,10.897186
2026/09/13 23:00:00.426,n,178.24192,1.797567,2.63,179,1006.1346,1006.2,1006.1,99.699472,99.7,99.7,24.894308,24.9,24.8,0,10.897186
2026/09/13 23:10:00.428,n,169.90342,1.311266,2.41,166,1006.1082,1006.2,1006.1,99.699472,99.7,99.7,24.868122,24.9,24.8,0,11.044446
2026/09/13 23:20:00.431,n,169.93984,0.777017,1.47,175,1006.0846,1006.2,1006,99.699472,99.7,99.7,24.801202,24.9,24.8,0,10.749928
2026/09/13 23:30:00.427,n,153.65486,2.067767,3.42,158,1005.973,1006.1,1005.9,99.699472,99.7,99.7,24.959514,25.1,24.8,0,11.044446
2026/09/13 23:40:00.428,n,145.75306,1.442384,2.91,148,1005.9946,1006,1005.9,99.699472,99.7,99.7,24.986118,25.1,24.9,0,10.602668
2026/09/13 23:50:00.428,n,150.16822,1.6923,2.7,161,1005.9448,1006,1005.9,99.699472,99.7,99.7,24.832858,24.9,24.8,0,11.044446
2026/09/14 00:00:00.432,n,182.43382,2.120183,3.7,177,1005.9032,1006,1005.9,99.699472,99.7,99.7,24.891552,25,24.8,0,10.749928
2026/09/14 00:10:00.429,n,185.9111,2.349666,4.29,193,1005.9006,1005.9,1005.9,99.699472,99.7,99.7,25,25,25,0,10.749928
2026/09/14 00:20:00.428,n,187.00576,2.517333,4.56,186,1005.8828,1005.9,1005.8,99.699472,99.7,99.7,25.055166,25.1,25,0,10.897186
2026/09/14 00:30:00.428,n,182.65734,2.540084,4.34,197,1005.7842,1005.9,1005.7,99.699472,99.7,99.7,25.106212,25.2,25.1,0,10.602668
2026/09/14 00:40:00.433,n,180.00544,3.040467,4.5,180,1005.7038,1005.8,1005.7,99.699472,99.7,99.7,25.066808,25.1,25,0,11.044446
2026/09/14 00:50:00.433,n,178.4957,3.33065,4.97,189,1005.6942,1005.8,1005.6,99.699472,99.7,99.7,25.010836,25.1,24.9,0,10.897186
2026/09/14 01:00:00.430,n,180.37064,3.381435,5.39,152,1005.6916,1005.7,1005.6,99.699472,99.7,99.7,24.963626,25,24.9,0,10.602668
2026/09/14 01:10:00.426,n,179.1267,3.788633,5.79,185,1005.6048,1005.7,1005.5,99.699472,99.7,99.7,24.908276,25,24.9,0,11.044446
2026/09/14 01:20:00.428,n,172.82982,4.406017,5.81,174,1005.4994,1005.6,1005.4,99.699472,99.7,99.7,24.923816,25,24.9,0,10.602668
2026/09/14 01:30:00.433,n,175.05286,3.530636,4.39,178,1005.4218,1005.5,1005.3,99.699472,99.7,99.7,24.85575,25,24.8,0,10.897186
2026/09/14 01:40:00.428,n,176.72624,3.184066,4.35,170,1005.4004,1005.4,1005.3,99.699472,99.7,99.7,24.767994,24.8,24.7,0,10.897186
2026/09/14 01:50:00.427,n,168.09878,3.084485,4.04,173,1005.3538,1005.4,1005.2,99.699472,99.7,99.7,24.763896,24.8,24.7,0,10.897186
2026/09/14 02:00:00.425,n,165.79902,2.626599,3.31,162,1005.2044,1005.3,1005.1,99.699472,99.7,99.7,24.783432,24.8,24.7,0,10.897186
2026/09/14 02:10:00.432,n,179.40718,2.192134,3,189,1005.1636,1005.2,1005.1,99.699472,99.7,99.7,24.720246,24.8,24.7,0,10.455408
2026/09/14 02:20:00.437,n,176.2411,2.585149,3.13,177,1005.1888,1005.2,1005.1,99.699472,99.7,99.7,24.761274,24.8,24.7,0,10.455408
2026/09/14 02:30:00.428,n,179.80274,2.232233,3.48,183,1005.151,1005.2,1005.1,99.699472,99.7,99.7,24.773306,24.8,24.7,0,10.897186
2026/09/14 02:40:00.426,n,175.83232,2.009783,2.82,190,1005.0646,1005.2,1005,99.699472,99.7,99.7,24.708604,24.8,24.7,0,10.602668
2026/09/14 02:50:00.429,n,168.8386,2.048517,2.72,169,1004.9866,1005,1004.9,99.699472,99.7,99.7,24.687724,24.8,24.6,0,10.897186
2026/09/14 03:00:00.435,n,153.48856,1.871266,2.41,157,1004.9818,1005,1004.9,99.699472,99.7,99.7,24.605742,24.7,24.5,0,10.897186
2026/09/14 03:10:00.428,n,121.01274,1.370367,1.74,125,1004.909,1005,1004.8,99.699472,99.7,99.7,24.450836,24.5,24.4,0,10.897186
2026/09/14 03:20:00.424,n,112.6898,0.993484,1.55,135,1004.83,1005,1004.8,99.699472,99.7,99.7,24.507334,24.6,24.5,0,10.897186
2026/09/14 03:30:00.427,n,99.521288,0.995916,1.51,80,1004.8072,1004.9,1004.8,99.699472,99.7,99.7,24.500668,24.6,24.5,0,10.602668
2026/09/14 03:40:00.430,n,99.183592,1.209184,1.49,86,1004.665,1004.8,1004.5,99.699472,99.7,99.7,24.513794,24.6,24.5,0,10.897186
2026/09/14 03:50:00.425,n,139.36318,1.6838,2.96,151,1004.4342,1004.6,1004.4,99.699472,99.7,99.7,24.514184,24.6,24.4,0,10.897186
2026/09/14 04:00:00.424,n,161.1528,2.042016,3.23,180,1004.4042,1004.5,1004.4,99.699472,99.7,99.7,24.355314,24.5,24.2,0,10.455408
2026/09/14 04:10:00.427,n,144.66242,1.994719,2.66,163,1004.4018,1004.5,1004.4,99.699472,99.7,99.7,24.101728,24.2,24,0,10.455408
2026/09/14 04:20:00.429,n,135.44116,1.894984,2.59,143,1004.3864,1004.4,1004.3,99.699472,99.7,99.7,23.982736,24.1,23.9,0,10.455408
2026/09/14 04:30:00.433,n,143.08868,1.572833,2.12,146,1004.384,1004.4,1004.3,99.699472,99.7,99.7,23.90346,24,23.9,0,10.602668
2026/09/14 04:40:00.427,n,136.74626,1.4252,2.01,131,1004.28,1004.4,1004.2,99.699472,99.7,99.7,23.920552,24,23.9,0,10.455408
2026/09/14 04:50:00.426,n,139.61044,2.174217,2.96,131,1004.3204,1004.4,1004.3,99.699472,99.7,99.7,24.088346,24.3,23.9,0,10.897186
2026/09/14 05:00:00.430,n,133.61084,2.268917,3.21,124,1004.4092,1004.5,1004.3,99.699472,99.7,99.7,24.177468,24.3,24.1,0,10.602668
2026/09/14 05:10:00.428,n,136.20448,2.239066,3.16,128,1004.3662,1004.4,1004.3,99.699472,99.7,99.7,24.089242,24.2,24,0,10.897186
2026/09/14 05:20:00.433,n,123.37442,2.167101,2.99,148,1004.319,1004.4,1004.3,99.699472,99.7,99.7,23.971274,24,23.9,0,10.897186
2026/09/14 05:30:00.436,n,80.366696,1.576034,2.22,85,1004.3296,1004.4,1004.3,99.699472,99.7,99.7,24.010746,24.2,23.9,0,10.455408
2026/09/14 05:40:00.424,n,84.501968,1.290883,2.11,142,1004.394,1004.4,1004.3,99.699472,99.7,99.7,24.274706,24.4,24.2,0,10.897186
2026/09/14 05:50:00.427,n,136.8002,0.912384,1.62,110,1004.431,1004.5,1004.3,99.699472,99.7,99.7,24.434982,24.6,24.3,0,10.897186
2026/09/14 06:00:00.431,n,172.4035,0.926568,2.19,134,1004.5218,1004.6,1004.5,99.699472,99.7,99.7,24.594206,24.7,24.5,0,10.455408
2026/09/14 06:10:00.428,n,207.99244,0.995083,1.7,201,1004.6428,1004.7,1004.5,99.699472,99.7,99.7,24.739958,24.8,24.6,0,10.897186
2026/09/14 06:20:00.429,n,212.1203,1.28985,1.71,205,1004.7164,1004.8,1004.7,99.699472,99.7,99.7,24.799868,24.8,24.8,0,10.455408
2026/09/14 06:30:00.432,n,198.97208,1.266649,1.72,199,1004.8536,1004.9,1004.8,99.699472,99.7,99.7,24.812388,24.9,24.8,0,11.044446
2026/09/14 06:40:00.430,n,196.8506,1.358416,2.07,196,1004.8606,1004.9,1004.8,99.699472,99.7,99.7,24.73987,24.8,24.6,0,10.897186
2026/09/14 06:50:00.434,n,209.03792,1.408383,2.13,214,1004.9002,1004.9,1004.8,99.699472,99.7,99.7,24.926162,25,24.8,0,10.749928
2026/09/14 07:00:00.436,n,222.54014,1.496933,1.98,218,1004.8298,1004.9,1004.8,99.699472,99.7,99.7,25.0342,25.2,24.9,0,11.191704
2026/09/14 07:10:00.437,n,238.07168,1.389817,2.15,232,1004.8536,1004.9,1004.8,99.699472,99.7,99.7,25.167304,25.4,25.1,0,11.191704
2026/09/14 07:20:00.424,n,282.75416,0.9866,1.81,324,1004.7798,1004.9,1004.7,99.784224,99.8,99.7,25.635326,25.9,25.3,0,11.633482
2026/09/14 07:30:00.432,n,319.80976,0.98265,1.98,320,1004.7762,1004.8,1004.7,99.800528,99.8,99.8,25.826696,26,25.7,0,11.633482
2026/09/14 07:40:00.430,n,344.89232,0.744933,1.51,347,1004.6854,1004.7,1004.6,99.800528,99.8,99.8,26.328534,26.6,26,0,11.191704
2026/09/14 07:50:00.426,n,352.91884,1.1022,1.56,351,1004.6946,1004.8,1004.6,99.800528,99.8,99.8,25.871422,26.4,25.7,0,11.044446
2026/09/14 08:00:00.426,n,350.09,1.139383,1.75,338,1004.5466,1004.7,1004.4,99.800528,99.8,99.8,25.664344,25.8,25.6,0,11.486222
2026/09/14 08:10:00.427,n,346.4024,1.1339,1.65,337,1004.4818,1004.6,1004.4,99.800528,99.8,99.8,25.679454,25.8,25.6,0,11.486222
2026/09/14 08:20:00.430,n,333.31788,0.797733,1.43,333,1004.63,1004.7,1004.5,99.800528,99.8,99.8,25.803556,26,25.7,0,11.486222
2026/09/14 08:30:00.431,n,336.6386,0.812884,1.22,326,1004.6858,1004.8,1004.6,99.800528,99.8,99.8,25.980664,26,25.9,0,11.486222
2026/09/14 08:40:00.433,n,346.3086,1.278483,2.33,337,1004.6596,1004.7,1004.6,99.800528,99.8,99.8,26.118642,26.3,25.8,0,11.633482
2026/09/14 08:50:00.438,n,340.10304,2.000317,2.83,341,1004.5854,1004.7,1004.5,99.800528,99.8,99.8,25.780614,25.9,25.7,0,11.633482
2026/09/14 09:00:00.428,n,336.3438,2.032584,3.08,326,1004.6252,1004.7,1004.5,99.798496,99.8,99.7,25.670826,25.8,25.6,0,11.486222
2026/09/14 09:10:00.428,n,336.59312,1.657867,2.4,332,1004.7432,1004.8,1004.6,99.800528,99.8,99.8,25.724536,25.8,25.7,0,11.486222
2026/09/14 09:20:00.428,n,339.53056,1.45855,2.76,339,1004.8026,1004.8,1004.7,99.800528,99.8,99.8,25.786736,25.9,25.7,0,11.338964
2026/09/14 09:30:00.425,n,345.03824,0.982884,1.5,347,1004.7248,1004.8,1004.7,99.800528,99.8,99.8,25.978226,26.1,25.9,0,11.191704
2026/09/14 09:40:00.425,n,4.751786,0.421717,1.75,33,1004.7482,1004.8,1004.6,99.800528,99.8,99.8,26.167066,26.4,26,0,11.191704
2026/09/14 09:50:00.426,n,142.70332,0.590466,1.32,185,1004.6296,1004.7,1004.5,99.800528,99.8,99.8,26.460678,26.6,26.3,0,11.191704
2026/09/14 10:00:00.426,n,25.749922,0.971266,1.5,35,1004.4262,1004.6,1004.3,99.800528,99.8,99.8,26.155702,26.5,25.9,0,11.633482
2026/09/14 10:10:00.436,n,40.1808,0.819667,2.1,163,1004.4694,1004.6,1004.3,99.7992,99.8,99.7,26.230434,26.5,25.9,0,11.191704
2026/09/14 10:20:00.425,n,158.80354,2.145733,3.55,175,1004.4886,1004.6,1004.4,99.800528,99.8,99.8,26.081838,26.4,25.8,0,11.338964
2026/09/14 10:30:00.427,n,174.37642,3.530052,5.32,175,1004.3784,1004.5,1004.3,99.760752,99.8,99.7,25.652116,25.9,25.3,0,11.486222
2026/09/14 10:40:00.426,n,179.3709,4.238668,6.79,198,1004.3652,1004.5,1004.2,99.699472,99.7,99.7,25.120358,25.4,24.8,0,11.191704
2026/09/14 10:50:00.427,n,168.44726,3.4516,5.31,174,1004.2602,1004.4,1004.2,99.699472,99.7,99.7,24.820482,25,24.7,0,11.633482
2026/09/14 11:00:00.424,n,134.75198,3.646132,5.62,127,1004.1322,1004.2,1004,99.707424,99.8,99.7,25.13749,25.3,24.9,0,11.633482
2026/09/14 11:10:00.427,n,104.96896,3.149433,5.19,111,1004.003,1004.1,1003.8,99.767488,99.8,99.7,25.584458,26.2,25.1,0,12.22252
2026/09/14 11:20:00.427,n,140.4904,2.716133,5.03,75,1003.8428,1003.9,1003.8,99.800528,99.8,99.8,26.1386,26.3,26,0,12.36978
2026/09/14 11:30:00.430,n,155.62704,2.203166,4.01,104,1003.8158,1003.9,1003.7,99.800528,99.8,99.8,26.37715,26.8,26.1,0,12.36978
2026/09/14 11:40:00.435,n,108.54248,2.623316,4.51,107,1003.7422,1003.8,1003.6,99.800528,99.8,99.8,26.302722,26.9,26,0,12.811556
2026/09/14 11:50:00.442,n,131.34634,2.053233,4.47,152,1003.6088,1003.7,1003.6,99.800528,99.8,99.8,26.66611,27.2,26.2,0,12.36978
2026/09/14 12:00:00.445,n,123.74506,1.666333,3.56,101,1003.692,1003.7,1003.6,99.800528,99.8,99.8,26.49706,27,26.2,0,12.811556
2026/09/14 12:10:00.423,n,57.691096,2.003698,3.85,84,1003.6214,1003.7,1003.5,99.800528,99.8,99.8,26.823152,27.1,26.5,0,11.633482
2026/09/14 12:20:00.423,n,58.8059,1.548884,4.42,32,1003.5144,1003.6,1003.4,99.811432,99.9,99.8,27.115538,28,26.4,0,12.07526
2026/09/14 12:30:00.422,n,36.278456,2.258651,3.13,39,1003.503,1003.6,1003.4,99.802864,99.9,99.8,26.780358,27.8,26.1,0,11.633482
2026/09/14 12:40:00.426,n,357.10808,2.812584,3.77,5,1003.418,1003.5,1003.3,99.800528,99.8,99.8,25.992582,26.2,25.9,0,11.633482
2026/09/14 12:50:00.428,n,358.43288,3.443835,4.29,0,1003.1486,1003.4,1003,99.800528,99.8,99.8,25.934968,26,25.8,0,11.633482
2026/09/14 13:00:00.428,n,359.09424,4.381415,5.54,0,1002.9298,1003.1,1002.8,99.800528,99.8,99.8,25.883738,26,25.8,0,12.07526
2026/09/14 13:10:00.432,n,349.77212,5.717433,7.17,344,1002.883,1002.9,1002.8,99.752456,99.8,99.7,25.728676,26,25.3,0,12.07526
2026/09/14 13:20:00.437,n,349.2104,6.529282,7.84,345,1002.7518,1003,1002.6,99.699472,99.7,99.7,25.409632,25.6,25.2,0,11.633482
2026/09/14 13:30:00.440,n,340.01504,7.804087,9.6,340,1002.7364,1002.9,1002.6,99.699472,99.7,99.7,25.213186,25.3,25.1,0,12.07526
2026/09/14 13:40:00.427,n,341.25428,8.066214,9.17,337,1002.593,1002.7,1002.5,99.699472,99.7,99.7,25.073958,25.3,24.9,0,12.22252
2026/09/14 13:50:00.426,n,341.82072,7.729965,9.07,337,1002.394,1002.6,1002.2,99.699472,99.7,99.7,25.010066,25.2,24.8,0,11.486222
2026/09/14 14:00:00.426,n,341.78744,7.790976,9.54,346,1002.2132,1002.3,1002.1,99.699472,99.7,99.7,24.77901,25,24.3,0,11.338964
2026/09/14 14:10:00.429,n,335.19928,6.660332,9.73,325,1002.2946,1002.5,1002.1,99.699472,99.7,99.7,24.598258,24.9,24.3,0,11.044446
2026/09/14 14:20:00.426,n,333.41984,6.6831,8.98,326,1002.3132,1002.5,1002.2,99.699472,99.7,99.7,24.367708,24.9,24.2,0,11.044446
2026/09/14 14:30:00.430,n,316.03274,5.608032,6.93,299,1002.5678,1002.7,1002.4,99.699472,99.7,99.7,24.041974,24.5,23.4,0,11.191704
2026/09/14 14:40:00.432,n,309.67034,4.838083,6.6,339,1002.5596,1002.7,1002.3,99.699472,99.7,99.7,23.335822,23.6,23,0,11.191704
2026/09/14 14:50:00.437,n,294.25504,4.400652,6.46,292,1002.7298,1002.8,1002.6,99.699472,99.7,99.7,23.313386,23.4,23.2,0,11.191704
2026/09/14 15:00:00.443,n,298.80622,3.087334,5.52,307,1002.7366,1002.9,1002.6,99.699472,99.7,99.7,23.101618,23.3,22.9,0,11.191704
2026/09/14 15:10:00.432,n,278.81594,2.442001,3.96,299,1002.9526,1003.1,1002.8,99.699472,99.7,99.7,22.94382,23.1,22.8,0,11.191704
2026/09/14 15:20:00.426,n,295.40436,0.856933,1.57,272,1003.0348,1003.1,1002.9,99.699472,99.7,99.7,23.064188,23.2,23,0,11.191704
2026/09/14 15:30:00.425,n,282.4223,0.5658,1.41,231,1002.9912,1003.1,1002.9,99.699472,99.7,99.7,23.119556,23.2,23,0,11.191704
2026/09/14 15:40:00.425,n,295.93406,0.687783,1.32,270,1002.8404,1002.9,1002.8,99.699472,99.7,99.7,23.076716,23.2,23,0,11.191704
2026/09/14 15:50:00.427,n,343.58728,0.8172,1.77,34,1002.732,1002.8,1002.7,99.699472,99.7,99.7,23.130696,23.3,23.1,0,11.191704
2026/09/14 16:00:00.426,n,62.08934,1.241284,2.16,56,1002.7222,1002.8,1002.7,99.699472,99.7,99.7,23.215014,23.5,23.1,0,10.897186
2026/09/14 16:10:00.430,n,83.936608,1.307917,2.21,70,1002.9272,1003,1002.7,99.699472,99.7,99.7,23.310638,23.5,23.2,0,11.191704
2026/09/14 16:20:00.435,n,91.590544,2.028617,3.32,155,1003.01,1003.2,1002.9,99.699472,99.7,99.7,23.27049,23.4,23.1,0,10.897186
2026/09/14 16:30:00.435,n,60.345212,2.000467,3.37,151,1003.044,1003.2,1002.9,99.699472,99.7,99.7,23.188144,23.4,23,0,10.749928
2026/09/14 16:40:00.425,n,59.190176,2.780067,4.61,38,1002.839,1002.9,1002.8,99.699472,99.7,99.7,23.346744,23.5,23.1,0,10.897186
2026/09/14 16:50:00.424,n,61.08504,2.637766,3.98,41,1002.8374,1002.9,1002.7,99.699472,99.7,99.7,23.31274,23.5,23,0,11.191704
2026/09/14 17:00:00.429,n,49.197836,2.611201,3.65,49,1002.6952,1002.8,1002.6,99.699472,99.7,99.7,23.084812,23.2,22.8,0,10.897186
2026/09/14 17:10:00.430,n,61.689608,2.361183,3.22,43,1002.4558,1002.7,1002.3,99.699472,99.7,99.7,23.303834,23.5,23.2,0,10.897186
2026/09/14 17:20:00.425,n,40.068792,2.659534,3.51,49,1002.177,1002.3,1002.1,99.699472,99.7,99.7,23.610098,23.8,23.3,0,11.191704
2026/09/14 17:30:00.424,n,50.601532,1.666683,2.68,56,1002.1098,1002.2,1002.1,99.699472,99.7,99.7,23.766282,23.9,23.6,0,11.191704
2026/09/14 17:40:00.425,n,125.35768,1.105133,1.6,188,1002.1,1002.2,1002,99.699472,99.7,99.7,23.887682,24,23.8,0,11.191704
2026/09/14 17:50:00.430,n,169.06908,1.474883,2.34,171,1002.0324,1002.1,1002,99.699472,99.7,99.7,23.620482,23.8,23.5,0,10.897186
2026/09/14 18:00:00.433,n,184.46158,0.9312,2.03,188,1002.0662,1002.1,1002,99.699472,99.7,99.7,23.4378,23.5,23.3,0,11.044446
2026/09/14 18:10:00.430,n,257.22106,1.087217,1.77,266,1002.0446,1002.1,1002,99.699472,99.7,99.7,23.400586,23.5,23.3,0,10.749928
2026/09/14 18:20:00.428,n,304.70184,2.419934,3.86,300,1002.1402,1002.3,1002,99.699472,99.7,99.7,23.467402,23.7,23.3,0,10.749928
2026/09/14 18:30:00.429,n,315.4415,2.965248,4.29,319,1002.1972,1002.3,1002.2,99.699472,99.7,99.7,23.66589,23.7,23.6,0,10.897186
2026/09/14 18:40:00.433,n,325.39548,4.295418,6.04,326,1002.2298,1002.3,1002.2,99.699472,99.7,99.7,23.657462,23.8,23.5,0,11.044446
2026/09/14 18:50:00.427,n,327.72744,5.523618,6.94,334,1002.2546,1002.3,1002.2,99.699472,99.7,99.7,23.581526,23.8,23.4,0,11.044446
2026/09/14 19:00:00.427,n,332.56736,5.706317,6.99,332,1002.2682,1002.4,1002.1,99.699472,99.7,99.7,23.418512,23.6,23.3,0,10.897186
2026/09/14 19:10:00.426,n,333.41696,5.378101,6.32,328,1002.4222,1002.5,1002.3,99.699472,99.7,99.7,23.485256,23.7,23.3,0,11.044446
2026/09/14 19:20:00.429,n,338.5934,5.469036,6.72,338,1002.4994,1002.6,1002.4,99.699472,99.7,99.7,23.553584,23.7,23.5,0,11.044446
2026/09/14 19:30:00.432,n,342.25632,4.561967,5.62,344,1002.553,1002.6,1002.5,99.699472,99.7,99.7,23.555762,23.8,23.4,0,10.749928
2026/09/14 19:40:00.426,n,344.8228,3.825183,5.19,345,1002.566,1002.7,1002.5,99.699472,99.7,99.7,23.654202,23.8,23.5,0,10.749928
2026/09/14 19:50:00.428,n,343.7516,3.737466,4.7,338,1002.606,1002.7,1002.6,99.699472,99.7,99.7,23.771712,23.8,23.7,0,11.044446
2026/09/14 20:00:00.427,n,343.0308,4.225782,5.26,343,1002.6836,1002.8,1002.6,99.699472,99.7,99.7,23.845754,24,23.7,0,10.749928
2026/09/14 20:10:00.429,n,343.85728,4.985051,6.5,334,1002.698,1002.8,1002.6,99.699472,99.7,99.7,23.928838,24,23.8,0,10.897186
2026/09/14 20:20:00.427,n,344.65824,4.8106,5.93,338,1002.8296,1002.9,1002.7,99.699472,99.7,99.7,24.086522,24.3,23.9,0,11.044446
2026/09/14 20:30:00.428,n,344.54652,5.911783,7.76,340,1002.8526,1002.9,1002.8,99.699472,99.7,99.7,24.22366,24.3,24.1,0,11.044446
2026/09/14 20:40:00.426,n,340.07644,7.341467,10.03,337,1002.907,1003,1002.7,99.699472,99.7,99.7,24.266634,24.4,24.1,0,11.044446
2026/09/14 20:50:00.431,n,339.04772,9.37958,11.37,339,1002.674,1002.9,1002.5,99.754304,99.8,99.7,24.136462,24.3,24,0,10.897186
2026/09/14 21:00:00.436,n,335.32532,9.951036,12.24,334,1002.5884,1002.8,1002.4,99.7684,99.8,99.7,24.057658,24.3,23.9,0,11.044446
2026/09/14 21:10:00.426,n,331.698,11.076602,14.13,332,1002.4354,1002.6,1002.3,99.770576,99.8,99.7,23.940242,24.1,23.8,0,11.044446
2026/09/14 21:20:00.427,n,332.1153,11.857672,14.31,334,1002.358,1002.6,1002.2,99.77172,99.8,99.7,23.60934,23.9,23.4,0,10.749928
2026/09/14 21:30:00.424,n,334.94104,11.41457,14.96,341,1002.4078,1002.6,1002.2,99.737944,99.8,99.7,23.453208,23.6,23.3,0,10.897186
2026/09/14 21:40:00.426,n,333.68826,10.670936,12.41,329,1002.4864,1002.8,1002.3,99.71352,99.8,99.7,23.338972,23.5,23.2,0,11.044446
2026/09/14 21:50:00.429,n,333.42008,10.315134,12.6,334,1002.7346,1003,1002.5,99.714872,99.8,99.7,23.274138,23.5,23.1,0,10.749928
2026/09/14 22:00:00.435,n,337.04176,9.854566,12.01,337,1002.851,1003,1002.7,99.764392,99.8,99.7,23.226214,23.4,23.1,0,10.749928
2026/09/14 22:10:00.436,n,338.61168,9.85972,11.56,336,1002.6782,1002.9,1002.4,99.761432,99.8,99.7,23.177494,23.3,23.1,0,11.044446
2026/09/14 22:20:00.425,n,338.12876,10.092052,11.43,334,1002.5308,1002.7,1002.4,99.750832,99.8,99.7,23.041776,23.2,22.9,0,10.897186
2026/09/14 22:30:00.429,n,339.41492,9.965482,11.96,339,1002.4808,1002.6,1002.4,99.71984,99.8,99.7,22.959434,23.1,22.8,0,10.897186
2026/09/14 22:40:00.427,n,341.66608,9.485266,11.2,343,1002.4128,1002.6,1002.2,99.763096,99.8,99.7,23.1597,23.3,23,0,10.897186
2026/09/14 22:50:00.425,n,339.79348,9.2008,10.37,340,1002.417,1002.5,1002.3,99.793456,99.8,99.7,23.207708,23.4,23.1,0,10.897186
2026/09/14 23:00:00.428,n,340.12056,7.985568,9.49,340,1002.4094,1002.5,1002.3,99.758104,99.8,99.7,23.077822,23.4,22.9,0,10.897186
2026/09/14 23:10:00.424,n,340.21024,7.841069,9.2,343,1002.3376,1002.5,1002.2,99.705224,99.8,99.7,22.892288,23.1,22.7,0,10.897186
2026/09/14 23:20:00.427,n,341.15484,7.718919,9.05,338,1002.3002,1002.4,1002.2,99.699472,99.7,99.7,22.850506,23,22.7,0,10.897186
2026/09/14 23:30:00.430,n,341.40844,8.160451,9.58,342,1002.1786,1002.3,1002.1,99.705856,99.8,99.7,22.871668,23,22.7,0,10.897186
2026/09/14 23:40:00.433,n,342.70072,8.354968,9.8,344,1001.9886,1002.2,1001.8,99.701168,99.8,99.7,22.94019,23.1,22.8,0,10.602668
2026/09/14 23:50:00.436,n,342.40956,8.160709,9.5,347,1001.8554,1002,1001.7,99.705568,99.8,99.7,22.928518,23.1,22.7,0,10.897186
2026/09/15 00:00:00.447,n,341.06656,8.129083,9.41,338,1002.0156,1002.1,1001.9,99.770544,99.8,99.7,23.152406,23.3,22.9,0,10.602668
2026/09/15 00:10:00.469,n,340.85848,8.293168,10.01,339,1002.0016,1002.2,1001.8,99.7874,99.8,99.7,23.149642,23.4,22.9,0,10.602668
2026/09/15 00:20:00.426,n,336.82316,7.655217,9.14,346,1002.0388,1002.2,1001.9,99.710736,99.8,99.7,23.038536,23.2,22.9,0,10.897186
2026/09/15 00:30:00.426,n,335.10456,7.062035,8.86,341,1002.169,1002.3,1002,99.768488,99.8,99.7,23.121006,23.3,22.9,0,10.602668
2026/09/15 00:40:00.431,n,339.52548,6.757436,8.09,341,1002.1256,1002.3,1001.8,99.793584,99.8,99.7,23.185408,23.3,23,0,10.897186
2026/09/15 00:50:00.427,n,342.71252,5.948449,7.71,343,1001.9494,1002.1,1001.8,99.799848,99.8,99.7,23.319874,23.5,23.2,0,10.897186
2026/09/15 01:00:00.429,n,343.51624,5.799216,7.29,350,1001.9262,1002,1001.8,99.800528,99.8,99.8,23.484924,23.6,23.4,0,10.897186
2026/09/15 01:10:00.433,n,342.98976,5.959851,6.99,343,1001.9148,1002,1001.8,99.800528,99.8,99.8,23.291466,23.4,23.2,0,10.602668
2026/09/15 01:20:00.438,n,341.59844,6.38427,7.62,332,1001.8282,1002,1001.7,99.798328,99.8,99.7,23.276136,23.4,23.2,0,10.897186
2026/09/15 01:30:00.427,n,345.96576,6.457968,7.52,337,1001.6818,1001.8,1001.6,99.799528,99.8,99.7,23.382894,23.5,23.3,0,10.602668
2026/09/15 01:40:00.426,n,342.90668,6.21812,7.23,342,1001.764,1001.9,1001.6,99.800528,99.8,99.8,23.501022,23.6,23.4,0,10.897186
2026/09/15 01:50:00.429,n,342.5676,5.865031,7.13,343,1001.68,1001.8,1001.6,99.7982,99.8,99.7,23.583732,23.7,23.4,0,10.602668
2026/09/15 02:00:00.427,n,342.27524,5.205546,6.54,337,1001.72,1001.8,1001.7,99.794264,99.8,99.7,23.551586,23.8,23.3,0,10.602668
2026/09/15 02:10:00.427,n,343.50136,5.361016,6.72,345,1001.6688,1001.8,1001.5,99.79816,99.8,99.7,23.370804,23.5,23.2,0,10.897186
2026/09/15 02:20:00.428,n,343.18532,6.146819,7.33,347,1001.424,1001.6,1001.3,99.800192,99.8,99.7,23.326644,23.5,23.2,0,10.602668
2026/09/15 02:30:00.429,n,354.37264,4.963555,6.05,341,1001.1974,1001.4,1001.1,99.800528,99.8,99.8,23.43508,23.5,23.3,0,10.897186
2026/09/15 02:40:00.431,n,350.14276,5.865269,7.1,343,1001.0196,1001.1,1001,99.799336,99.8,99.7,23.365462,23.6,23.2,0,10.897186
2026/09/15 02:50:00.437,n,345.16448,7.032679,8.38,344,1000.976,1001.1,1000.8,99.79936,99.8,99.7,23.3367,23.5,23.2,0,10.897186
2026/09/15 03:00:00.439,n,350.33332,6.826367,8.42,340,1000.9034,1001,1000.8,99.799856,99.8,99.7,23.38904,23.5,23.3,0,10.897186
2026/09/15 03:10:00.425,n,354.54084,6.908567,8.23,358,1000.7914,1000.9,1000.7,99.79816,99.8,99.7,23.26603,23.4,23.1,0,10.602668
2026/09/15 03:20:00.428,n,355.90816,6.344331,7.59,9,1000.8732,1001,1000.7,99.794336,99.8,99.7,23.164432,23.3,23,0,10.602668
2026/09/15 03:30:00.426,n,0.139856,5.205703,6.62,352,1000.9764,1001,1000.9,99.797992,99.8,99.7,23.182028,23.3,23.1,0,10.749928
2026/09/15 03:40:00.425,n,355.38332,4.828218,5.84,2,1000.9964,1001.1,1000.9,99.787664,99.8,99.7,23.189238,23.3,23.1,0,10.455408
2026/09/15 03:50:00.423,n,5.797124,4.798951,6.23,4,1001.072,1001.1,1001,99.7822,99.8,99.7,23.258618,23.4,23.2,0,10.897186
2026/09/15 04:00:00.429,n,354.56896,5.462884,6.65,351,1001.1216,1001.2,1001.1,99.795864,99.8,99.7,23.259672,23.4,23.2,0,10.897186
2026/09/15 04:10:00.426,n,350.84884,5.830968,6.92,356,1001.1714,1001.3,1001.1,99.793264,99.8,99.7,23.13832,23.3,23.1,0,10.602668
2026/09/15 04:20:00.430,n,353.63208,5.592848,6.67,353,1001.232,1001.3,1001.2,99.794976,99.8,99.7,23.139154,23.2,23.1,0,10.897186
2026/09/15 04:30:00.439,n,350.14644,5.763683,6.72,345,1001.2234,1001.3,1001.1,99.78576,99.8,99.7,23.146966,23.2,23.1,0,10.897186
2026/09/15 04:40:00.426,n,350.12012,4.993166,6.47,359,1001.2296,1001.3,1001.1,99.795784,99.8,99.7,23.214534,23.3,23.1,0,10.897186
2026/09/15 04:50:00.427,n,350.02692,4.714146,6.09,354,1001.329,1001.4,1001.2,99.768808,99.8,99.7,23.178026,23.3,23.1,0,10.897186
2026/09/15 05:00:00.429,n,350.64488,3.682301,5.09,353,1001.494,1001.6,1001.4,99.735968,99.8,99.7,23.222686,23.3,23.1,0,10.897186
2026/09/15 05:10:00.425,n,345.88744,3.1607,4.74,357,1001.611,1001.7,1001.5,99.704512,99.8,99.7,23.250506,23.3,23.2,0,10.749928
2026/09/15 05:20:00.427,n,342.33136,2.585333,3.58,351,1001.7104,1001.8,1001.6,99.699472,99.7,99.7,23.22275,23.3,23.2,0,10.897186
2026/09/15 05:30:00.426,n,341.68548,2.826234,3.56,343,1001.7084,1001.8,1001.6,99.699472,99.7,99.7,23.278614,23.4,23.2,0,10.897186
2026/09/15 05:40:00.429,n,352.83844,2.35025,3.71,347,1001.6762,1001.7,1001.6,99.699472,99.7,99.7,23.228724,23.3,23.2,0,10.897186
2026/09/15 05:50:00.429,n,342.50764,3.059166,4.07,337,1001.5846,1001.6,1001.5,99.699472,99.7,99.7,23.286102,23.4,23.2,0,10.455408
2026/09/15 06:00:00.436,n,345.65836,2.626499,3.8,345,1001.5482,1001.7,1001.4,99.699472,99.7,99.7,23.27948,23.4,23.2,0,10.897186
2026/09/15 06:10:00.424,n,342.46324,2.977683,4.47,332,1001.6876,1001.7,1001.6,99.699984,99.8,99.7,23.343846,23.5,23.3,0,10.602668
2026/09/15 06:20:00.429,n,349.00236,2.787968,3.76,334,1001.679,1001.7,1001.6,99.726048,99.8,99.7,23.3915,23.5,23.3,0,10.602668
2026/09/15 06:30:00.427,n,342.92152,2.89615,4.1,347,1001.6338,1001.7,1001.5,99.777616,99.8,99.7,23.318394,23.4,23.3,0,10.897186
2026/09/15 06:40:00.425,n,353.662,2.944567,4.14,359,1001.7186,1001.8,1001.7,99.757616,99.8,99.7,23.374216,23.5,23.3,0,10.749928
2026/09/15 06:50:00.425,n,345.1198,3.490447,4.21,341,1001.8044,1001.9,1001.7,99.702664,99.8,99.7,23.358422,23.5,23.2,0,10.897186
2026/09/15 07:00:00.425,n,358.31952,3.302266,4.35,359,1001.675,1001.8,1001.6,99.759464,99.8,99.7,23.331642,23.4,23.3,0,10.897186
2026/09/15 07:10:00.429,n,351.50556,4.011218,5.17,343,1001.6884,1001.7,1001.6,99.72468,99.8,99.7,23.280722,23.4,23.1,0,10.455408
2026/09/15 07:20:00.431,n,352.52336,4.169901,5.07,0,1001.615,1001.7,1001.5,99.711496,99.8,99.7,23.124162,23.3,23,0,10.602668
2026/09/15 07:30:00.441,n,350.59328,3.8914,5.03,353,1001.756,1001.8,1001.6,99.72096,99.8,99.7,23.246644,23.4,23.2,0,10.455408
2026/09/15 07:40:00.428,n,350.04784,3.554351,4.55,352,1001.7648,1001.8,1001.7,99.701488,99.8,99.7,23.294928,23.4,23.2,0,10.749928
2026/09/15 07:50:00.471,n,350.72272,3.186118,3.76,352,1001.8444,1001.9,1001.8,99.699472,99.7,99.7,23.229554,23.3,23.2,0,10.455408
2026/09/15 08:00:00.430,n,359.3686,3.158667,4.11,4,1001.8996,1001.9,1001.8,99.701,99.8,99.7,23.36194,23.5,23.2,0,10.602668
2026/09/15 08:10:00.425,n,7.435992,3.213502,4.47,5,1001.8936,1001.9,1001.8,99.699472,99.7,99.7,23.410584,23.5,23.3,0,10.897186
2026/09/15 08:20:00.422,n,13.314616,3.311001,4.38,17,1001.8222,1001.9,1001.7,99.699472,99.7,99.7,23.324746,23.4,23.3,0,10.749928
2026/09/15 08:30:00.424,n,12.526798,2.640116,4.06,35,1001.806,1001.8,1001.8,99.762808,99.8,99.7,23.374416,23.4,23.3,0,10.897186
2026/09/15 08:40:00.425,n,5.245152,2.388718,3.23,11,1001.9348,1002.1,1001.8,99.800528,99.8,99.8,23.494136,23.6,23.4,0,11.044446
2026/09/15 08:50:00.428,n,5.708646,3.1226,4.14,357,1002.04,1002.1,1002,99.798496,99.8,99.7,23.514304,23.6,23.5,0,11.486222
2026/09/15 09:00:00.433,n,357.6638,2.656001,3.43,358,1002.049,1002.1,1002,99.799336,99.8,99.7,23.57144,23.7,23.5,0,11.486222
2026/09/15 09:10:00.427,n,346.72908,3.357014,4.84,351,1001.9454,1002,1001.8,99.800528,99.8,99.8,23.615728,23.7,23.6,0,11.338964
2026/09/15 09:20:00.426,n,341.56652,3.973881,5.54,335,1001.978,1002.1,1001.9,99.800528,99.8,99.8,23.660758,23.8,23.6,0,11.633482
2026/09/15 09:30:00.430,n,347.7188,4.549584,5.9,346,1001.9338,1002.1,1001.8,99.800528,99.8,99.8,23.680248,23.8,23.6,0,11.633482
2026/09/15 09:40:00.427,n,348.72848,4.345199,5.49,348,1001.9566,1002,1001.8,99.800528,99.8,99.8,23.69337,23.8,23.6,0,11.633482
2026/09/15 09:50:00.428,n,346.48976,4.595767,5.41,345,1002.0406,1002.1,1002,99.800528,99.8,99.8,23.688794,23.8,23.6,0,11.338964
2026/09/15 10:00:00.426,n,344.48108,4.23527,5.77,348,1002.15,1002.3,1002.1,99.800528,99.8,99.8,23.829412,23.9,23.7,0,11.486222
2026/09/15 10:10:00.430,n,342.69704,5.251017,6.44,345,1002.2414,1002.3,1002.2,99.795296,99.8,99.7,23.831736,23.9,23.7,0,11.633482
2026/09/15 10:20:00.431,n,339.8566,5.331967,6.75,338,1002.2062,1002.3,1002.1,99.78904,99.8,99.7,23.664298,24,23.5,0,11.633482
2026/09/15 10:30:00.434,n,341.26152,5.761965,7.03,342,1002.0704,1002.3,1001.9,99.791392,99.8,99.7,23.650738,23.8,23.5,0,11.633482
2026/09/15 10:40:00.428,n,337.92788,6.630433,7.86,337,1002.0464,1002.2,1001.9,99.738816,99.8,99.7,23.56862,23.7,23.4,0,11.633482
2026/09/15 10:50:00.427,n,335.70684,5.939699,6.96,337,1002.0926,1002.2,1002,99.771256,99.8,99.7,23.62038,23.8,23.5,0,11.928
2026/09/15 11:00:00.428,n,330.66766,6.031298,7.23,329,1001.9472,1002.1,1001.8,99.791024,99.8,99.7,23.733886,23.9,23.6,0,11.633482
2026/09/15 11:10:00.431,n,332.49154,5.458369,6.51,328,1001.7732,1001.9,1001.6,99.800528,99.8,99.8,23.843156,24,23.7,0,12.36978
2026/09/15 11:20:00.428,n,340.5344,6.635037,8.12,336,1001.4578,1001.7,1001.3,99.800528,99.8,99.8,23.903412,24,23.8,0,12.07526
2026/09/15 11:30:00.426,n,340.62928,6.883716,8.72,337,1001.353,1001.5,1001.3,99.800528,99.8,99.8,23.905158,24.1,23.7,0,12.07526
2026/09/15 11:40:00.426,n,342.3112,6.438382,7.46,338,1001.214,1001.4,1001.1,99.800528,99.8,99.8,23.79645,23.9,23.7,0,11.633482
2026/09/15 11:50:00.431,n,344.2786,6.119867,6.97,342,1001.1,1001.2,1001,99.800528,99.8,99.8,23.73514,23.8,23.6,0,12.22252
2026/09/15 12:00:00.434,n,347.80876,5.397434,6.55,354,1000.99,1001.1,1000.9,99.800528,99.8,99.8,23.88489,24,23.7,0,12.36978
2026/09/15 12:10:00.428,n,351.80716,4.7607,6.37,340,1000.936,1001,1000.9,99.800528,99.8,99.8,24.018812,24.1,24,0,12.664298
2026/09/15 12:20:00.427,n,348.24876,5.193152,6.68,345,1000.9878,1001.1,1000.9,99.800528,99.8,99.8,24.098738,24.2,24,0,11.633482
2026/09/15 12:30:00.428,n,346.60844,5.024953,6.34,340,1001.029,1001.1,1000.9,99.800528,99.8,99.8,24.222344,24.3,24.1,0,11.486222
2026/09/15 12:40:00.432,n,352.2368,4.528069,5.63,344,1001.0776,1001.1,1001,99.800528,99.8,99.8,24.284284,24.5,24.2,0,11.486222
2026/09/15 12:50:00.426,n,359.2112,4.540451,5.7,350,1001.012,1001.1,1001,99.800528,99.8,99.8,24.335914,24.5,24.3,0,11.633482
2026/09/15 13:00:00.427,n,358.40824,4.641414,5.85,349,1001.0036,1001.1,1001,99.800528,99.8,99.8,24.398956,24.5,24.3,0,11.633482
2026/09/15 13:10:00.427,n,349.96508,5.509216,7.06,353,1000.912,1001.1,1000.7,99.799864,99.8,99.7,24.542562,24.6,24.4,0,12.07526
2026/09/15 13:20:00.434,n,345.25028,5.38807,7.39,348,1000.641,1000.8,1000.5,99.800528,99.8,99.8,24.452246,24.6,24.3,0,11.633482
2026/09/15 13:30:00.434,n,352.4442,4.094015,5.08,336,1000.3292,1000.5,1000.2,99.800528,99.8,99.8,24.37911,24.5,24.2,0,11.486222
2026/09/15 13:40:00.427,n,339.64064,5.437033,6.96,339,1000.5992,1000.8,1000.4,99.800528,99.8,99.8,24.392764,24.5,24.3,0,11.486222
2026/09/15 13:50:00.425,n,338.49616,6.228768,8.2,331,1000.6458,1000.8,1000.5,99.724192,99.8,99.7,24.078284,24.4,23.7,0,11.486222
2026/09/15 14:00:00.430,n,341.46076,5.924618,7.35,342,1000.3368,1000.5,1000.2,99.699472,99.7,99.7,23.779706,24,23.7,0,11.486222
2026/09/15 14:10:00.433,n,341.30748,6.066468,7.85,343,1000.1646,1000.3,1000,99.699472,99.7,99.7,23.815168,24,23.7,0,11.338964
2026/09/15 14:20:00.426,n,335.92932,7.373251,8.62,337,1000.1706,1000.3,1000.1,99.701672,99.8,99.7,23.888074,24,23.8,0,11.338964
2026/09/15 14:30:00.424,n,335.25408,8.696516,10.31,336,1000.2264,1000.4,1000,99.702976,99.8,99.7,23.761014,23.9,23.6,0,10.897186
2026/09/15 14:40:00.425,n,331.5246,10.094254,11.87,328,1000.4766,1000.7,1000.3,99.699472,99.7,99.7,23.595906,23.9,23.4,0,11.191704
2026/09/15 14:50:00.918,n,332.62042,9.873462,14.52,338,1000.6132,1000.7,1000.5,99.700808,99.8,99.7,23.585268,23.8,23.5,9999,11.191704
2026/09/15 15:00:00.487,n,345.549,9.129334,12.56,342,1000.6266,1000.8,1000.5,99.72324,99.8,99.7,23.469488,23.6,23.3,0,10.897186
2026/09/15 15:10:00.427,n,336.30132,6.969916,11.06,340,1000.5682,1000.7,1000.4,99.708256,99.8,99.7,23.493196,23.6,23.4,0,10.897186
2026/09/15 15:20:00.447,n,340.10704,7.366617,9.59,343,1000.3604,1000.5,1000.2,99.7172,99.8,99.7,23.63169,23.8,23.5,0,10.897186
2026/09/15 15:30:00.424,n,338.86672,10.299498,12,333,1000.5396,1000.8,1000.3,99.7132,99.8,99.7,23.4751,23.7,23.3,0,10.897186
2026/09/15 15:40:00.427,n,336.61668,10.326884,11.79,332,1000.733,1000.9,1000.5,99.720608,99.8,99.7,23.252074,23.4,23.1,0,11.191704
2026/09/15 15:50:00.431,n,338.90636,10.317412,12.77,336,1000.7886,1001,1000.5,99.731392,99.8,99.7,23.324868,23.5,23.1,0,10.897186
2026/09/15 16:00:00.428,n,340.28172,11.5205,15.11,345,1000.4434,1000.8,1000.2,99.781224,99.8,99.7,23.373,23.7,23.2,0,11.191704
2026/09/15 16:10:00.426,n,341.99428,10.65112,13.3,344,1000.4568,1000.6,1000.3,99.79528,99.8,99.7,23.6718,23.8,23.5,0,11.191704
2026/09/15 16:20:00.429,n,342.93676,10.057736,11.94,341,1000.5964,1000.8,1000.3,99.790864,99.8,99.7,23.69406,23.8,23.6,0,11.338964
2026/09/15 16:30:00.431,n,342.08696,10.26485,12.95,340,1000.72,1000.9,1000.5,99.78904,99.8,99.7,23.545814,23.7,23.4,0,11.191704
2026/09/15 16:40:00.428,n,342.45784,10.124764,14.56,346,1000.796,1000.9,1000.6,99.782752,99.8,99.7,23.313596,23.5,23.2,0,10.897186
2026/09/15 16:50:00.425,n,342.43692,9.892698,11.17,332,1000.8466,1001,1000.7,99.789256,99.8,99.7,23.187882,23.3,23.1,0,11.044446
2026/09/15 17:00:00.426,n,342.53328,9.639852,11.45,349,1000.7746,1000.9,1000.6,99.751928,99.8,99.7,23.182536,23.3,23.1,0,11.044446
2026/09/15 17:10:00.430,n,341.81544,9.390562,11.51,346,1000.8106,1001,1000.7,99.767952,99.8,99.7,23.160638,23.3,23,0,10.749928
2026/09/15 17:20:00.436,n,341.80544,9.255052,11.4,332,1000.917,1001,1000.8,99.74008,99.8,99.7,23.076152,23.2,23,0,10.897186
2026/09/15 17:30:00.424,n,339.85044,10.013044,12.26,340,1000.9236,1001.1,1000.7,99.785,99.8,99.7,23.193376,23.3,23.1,0,11.044446
2026/09/15 17:40:00.423,n,339.22676,10.445186,14.24,345,1000.9432,1001.1,1000.7,99.769056,99.8,99.7,23.09446,23.3,23,0,10.897186
2026/09/15 17:50:00.430,n,336.79912,10.728774,12.35,342,1000.9978,1001.2,1000.8,99.792408,99.8,99.7,23.197544,23.3,23.1,0,10.897186
2026/09/15 18:00:00.433,n,336.88364,10.505032,11.99,326,1000.941,1001.1,1000.7,99.789184,99.8,99.7,23.2189,23.5,23.1,0,11.044446
2026/09/15 18:10:00.428,n,331.4098,11.196998,13.39,335,1001.1018,1001.4,1000.8,99.796808,99.8,99.7,23.37817,23.6,23.3,0,11.044446
2026/09/15 18:20:00.425,n,332.74656,11.020014,13.05,332,1001.3134,1001.6,1001.1,99.800528,99.8,99.8,23.37533,23.5,23.3,0,11.044446
2026/09/15 18:30:00.428,n,339.03896,9.880552,12.27,337,1001.4052,1001.5,1001.2,99.800528,99.8,99.8,23.373568,23.5,23.2,0,11.044446
2026/09/15 18:40:00.434,n,341.915,9.886046,11.79,342,1001.077,1001.3,1000.9,99.800528,99.8,99.8,23.701498,24,23.4,0,10.749928
2026/09/15 18:50:00.428,n,334.8554,8.753006,10.01,340,1001.2524,1001.5,1001,99.800528,99.8,99.8,23.690896,23.9,23.6,0,10.749928
2026/09/15 19:00:00.424,n,335.43164,9.63502,11.46,329,1001.5128,1001.6,1001.4,99.800528,99.8,99.8,23.587546,23.8,23.4,0,10.897186
2026/09/15 19:10:00.428,n,338.3654,9.771288,12.23,336,1001.5006,1001.6,1001.4,99.788848,99.8,99.7,23.373978,23.6,23.2,0,10.749928
2026/09/15 19:20:00.432,n,339.38252,8.865832,10.29,341,1001.7944,1002,1001.5,99.762896,99.8,99.7,23.04516,23.3,22.9,0,11.044446
2026/09/15 19:30:00.434,n,341.04768,7.648736,8.91,334,1002.0542,1002.2,1001.9,99.793432,99.8,99.7,23.141442,23.3,23,0,11.044446
2026/09/15 19:40:00.427,n,340.64736,7.132766,8.9,345,1002.1728,1002.3,1002.1,99.787752,99.8,99.7,23.036888,23.2,22.9,0,10.749928
2026/09/15 19:50:00.425,n,343.24092,5.50765,7.49,338,1002.3882,1002.5,1002.2,99.798336,99.8,99.7,22.923702,23.1,22.8,0,10.749928
2026/09/15 20:00:00.427,n,348.96024,4.75132,6.17,352,1002.605,1002.7,1002.4,99.778192,99.8,99.7,22.968112,23.1,22.9,0,10.749928
2026/09/15 20:10:00.429,n,329.66666,6.131216,7.6,329,1002.6438,1002.8,1002.5,99.7472,99.8,99.7,22.852832,23.1,22.6,0,10.897186
2026/09/15 20:20:00.432,n,325.5747,7.186067,8.270001,322,1002.654,1002.7,1002.6,99.699472,99.7,99.7,22.468876,22.7,22.2,0,10.897186
2026/09/15 20:30:00.452,n,328.24912,6.446701,7.95,329,1002.6872,1002.8,1002.6,99.699472,99.7,99.7,22.260778,22.5,22.1,0,10.602668
2026/09/15 20:40:00.427,n,333.07556,4.645381,6.59,323,1002.7146,1002.8,1002.6,99.699472,99.7,99.7,22.286732,22.4,22.2,0,10.749928
2026/09/15 20:50:00.427,n,322.40792,6.1424,8.41,321,1002.7292,1002.8,1002.6,99.699472,99.7,99.7,22.340804,22.5,22.2,0,11.044446
2026/09/15 21:00:00.427,n,322.00104,6.039218,8.12,320,1002.7538,1002.8,1002.7,99.704792,99.8,99.7,22.40185,22.6,22.2,0,10.749928
2026/09/15 21:10:00.427,n,322.23636,7.205016,8.94,321,1002.716,1002.8,1002.6,99.699472,99.7,99.7,21.99991,22.3,21.5,0,10.749928
2026/09/15 21:20:00.426,n,339.22756,5.373734,6.68,334,1002.7496,1002.9,1002.6,99.699472,99.7,99.7,21.54771,21.7,21.4,0,11.044446
2026/09/15 21:30:00.427,n,353.9548,3.698483,4.8,354,1002.6698,1002.8,1002.6,99.699472,99.7,99.7,21.438738,21.7,21.3,0,10.602668
2026/09/15 21:40:00.427,n,354.76768,2.7905,4,345,1002.686,1002.8,1002.6,99.699472,99.7,99.7,21.443018,21.6,21.3,0,10.602668
2026/09/15 21:50:00.429,n,354.32456,2.088899,2.93,357,1002.704,1002.8,1002.6,99.699472,99.7,99.7,21.48388,21.6,21.4,0,10.897186
2026/09/15 22:00:00.431,n,10.365472,2.692367,3.66,32,1002.5356,1002.7,1002.4,99.699472,99.7,99.7,21.70636,21.9,21.5,0,10.897186
2026/09/15 22:10:00.435,n,9.062208,2.938117,3.75,23,1002.4034,1002.5,1002.4,99.699472,99.7,99.7,21.810524,21.9,21.7,0,10.897186
2026/09/15 22:20:00.439,n,5.417194,2.774349,3.7,355,1002.4468,1002.5,1002.4,99.699472,99.7,99.7,21.910448,22,21.8,0,10.602668
2026/09/15 22:30:00.427,n,355.76448,2.445967,3.54,354,1002.4542,1002.5,1002.4,99.699472,99.7,99.7,21.816792,21.9,21.6,0,10.897186
2026/09/15 22:40:00.424,n,14.014298,2.440033,3.24,34,1002.495,1002.6,1002.4,99.699472,99.7,99.7,21.84023,22,21.6,0,10.749928
2026/09/15 22:50:00.425,n,14.661988,2.21105,3.1,13,1002.4988,1002.5,1002.4,99.699472,99.7,99.7,21.91022,22,21.8,0,10.897186
2026/09/15 23:00:00.426,n,25.243998,1.656883,3.04,31,1002.4954,1002.5,1002.4,99.699472,99.7,99.7,21.927406,22,21.8,0,10.897186
2026/09/15 23:10:00.424,n,52.344084,0.93675,2.11,9,1002.5542,1002.6,1002.5,99.699472,99.7,99.7,21.990294,22.1,21.9,0,10.602668
2026/09/15 23:20:00.427,n,98.510008,0.453616,1.33,96,1002.5998,1002.7,1002.6,99.699472,99.7,99.7,21.801718,21.9,21.7,0,10.897186
2026/09/15 23:30:00.429,n,127.27412,1.000233,1.99,114,1002.542,1002.7,1002.5,99.7098,99.8,99.7,21.604196,21.8,21.4,0,10.602668
2026/09/15 23:40:00.447,n,91.575952,0.9562,1.89,84,1002.35,1002.5,1002.2,99.800528,99.8,99.8,21.45039,21.5,21.4,0,10.897186
2026/09/15 23:50:00.432,n,21.72838,1.526751,3.01,9,1002.2576,1002.4,1002.1,99.762608,99.8,99.7,21.646946,21.9,21.5,0,10.897186
2026/09/16 00:00:00.441,n,172.26712,0.975183,1.82,157,1002.3312,1002.4,1002.3,99.699472,99.7,99.7,21.79036,22,21.6,0,10.897186
2026/09/16 00:10:00.431,n,212.34658,0.842483,2.8,341,1002.4184,1002.5,1002.4,99.731472,99.8,99.7,21.549248,21.6,21.5,0,10.897186
2026/09/16 00:20:00.426,n,180.23348,0.968333,1.98,177,1002.4562,1002.5,1002.4,99.800528,99.8,99.8,21.524672,21.6,21.5,0,10.897186
2026/09/16 00:30:00.426,n,329.45084,0.793133,2.01,340,1002.3936,1002.5,1002.3,99.800528,99.8,99.8,21.488698,21.6,21.4,0,10.897186
2026/09/16 00:40:00.427,n,266.2891,0.62195,2.24,292,1002.3656,1002.4,1002.3,99.777336,99.8,99.7,21.643402,21.8,21.5,0,10.749928
2026/09/16 00:50:00.435,n,333.7987,3.233982,4.72,340,1002.2314,1002.4,1002.1,99.699472,99.7,99.7,22.061354,22.6,21.6,0,10.897186
2026/09/16 01:00:00.424,n,340.69376,4.039749,5.5,343,1002.0362,1002.1,1002,99.75804,99.8,99.7,22.662408,22.9,22.5,0,10.602668
2026/09/16 01:10:00.426,n,342.92732,4.112199,5.21,335,1001.97,1002.1,1001.8,99.749344,99.8,99.7,22.826818,22.9,22.7,0,10.897186
2026/09/16 01:20:00.430,n,337.80768,4.627965,6.05,340,1001.8466,1002,1001.7,99.796976,99.8,99.7,22.83954,22.9,22.8,0,10.897186
2026/09/16 01:30:00.432,n,329.81034,5.031031,6.63,331,1001.9636,1002.1,1001.9,99.746936,99.8,99.7,22.867406,23,22.8,0,10.897186
2026/09/16 01:40:00.424,n,334.05456,5.7933,7.12,341,1002.0012,1002.1,1001.9,99.738112,99.8,99.7,22.913412,23,22.8,0,10.897186
2026/09/16 01:50:00.426,n,339.85296,6.167517,7.28,338,1002.0566,1002.1,1002,99.716176,99.8,99.7,22.855196,23,22.8,0,10.897186
2026/09/16 02:00:00.426,n,340.12436,6.494502,7.54,338,1002.0304,1002.1,1001.9,99.699472,99.7,99.7,22.901396,23,22.8,0,10.897186
2026/09/16 02:10:00.429,n,341.14464,6.576468,7.66,342,1001.9964,1002.1,1001.9,99.708104,99.8,99.7,22.945186,23.1,22.8,0,10.749928
2026/09/16 02:20:00.432,n,340.51956,6.692002,8.020001,339,1001.9872,1002.1,1001.9,99.747592,99.8,99.7,23.011282,23.2,22.9,0,10.602668
2026/09/16 02:30:00.427,n,339.52556,6.83773,8.100001,339,1001.881,1002,1001.8,99.747256,99.8,99.7,22.95844,23.1,22.8,0,10.455408
2026/09/16 02:40:00.426,n,334.82074,6.63775,7.66,331,1001.8506,1001.9,1001.8,99.716192,99.8,99.7,22.80294,22.9,22.7,0,10.455408
2026/09/16 02:50:00.427,n,338.02064,6.373434,7.36,337,1001.8046,1001.9,1001.7,99.71196,99.8,99.7,22.878892,23,22.8,0,10.455408
2026/09/16 03:00:00.429,n,338.91888,6.510584,7.55,337,1001.7724,1001.8,1001.7,99.703704,99.8,99.7,22.852802,23,22.8,0,10.897186
2026/09/16 03:10:00.427,n,338.72728,6.966501,8.42,339,1001.7482,1001.8,1001.6,99.747864,99.8,99.7,22.85037,23,22.7,0,10.749928
2026/09/16 03:20:00.425,n,334.4382,7.767052,9.25,327,1001.6786,1001.8,1001.6,99.77616,99.8,99.7,22.774624,22.9,22.7,0,10.897186
2026/09/16 03:30:00.424,n,331.66944,7.058236,8.37,322,1001.8058,1001.9,1001.7,99.771872,99.8,99.7,22.7882,22.9,22.7,0,10.897186
2026/09/16 03:40:00.433,n,333.92736,7.306618,9,337,1001.829,1002,1001.7,99.797528,99.8,99.7,22.83996,22.9,22.8,0,10.749928
2026/09/16 03:50:00.433,n,334.8277,7.035165,8.43,336,1001.8168,1001.9,1001.7,99.800184,99.8,99.7,22.900702,23.1,22.8,0,10.602668
2026/09/16 04:00:00.435,n,331.95272,7.077797,8.03,332,1001.944,1002.1,1001.8,99.800528,99.8,99.8,22.956726,23.1,22.9,0,10.602668
2026/09/16 04:10:00.426,n,332.13334,7.31973,8.75,326,1001.8824,1002,1001.7,99.800528,99.8,99.8,23.043388,23.2,22.9,0,10.602668
2026/09/16 04:20:00.428,n,333.66882,6.789436,8.16,331,1002.0032,1002.1,1001.8,99.800528,99.8,99.8,23.10875,23.2,23,0,10.749928
2026/09/16 04:30:00.435,n,331.67728,6.546768,8.15,322,1001.9966,1002.2,1001.9,99.800528,99.8,99.8,23.200708,23.3,23.1,0,10.602668
2026/09/16 04:40:00.426,n,331.18688,7.059173,9,334,1002.111,1002.3,1002,99.801664,99.9,99.8,23.313636,23.4,23.2,0,10.602668
2026/09/16 04:50:00.425,n,330.39896,6.380217,7.7,325,1002.3824,1002.5,1002.2,99.812336,99.9,99.8,23.33335,23.5,23.2,0,10.455408
2026/09/16 05:00:00.424,n,326.51208,7.628467,9.24,325,1002.2606,1002.4,1002.1,99.808696,99.9,99.8,23.361178,23.5,23.3,0,10.455408
2026/09/16 05:10:00.427,n,329.56278,8.209366,10.62,333,1002.1118,1002.3,1002,99.821432,99.9,99.8,23.349864,23.5,23.3,0,10.749928
2026/09/16 05:20:00.431,n,328.22092,7.938605,9.9,324,1002.1438,1002.3,1002,99.83348,99.9,99.8,23.406944,23.5,23.3,0,10.455408
2026/09/16 05:30:00.434,n,332.137,7.901268,11,342,1002.1524,1002.3,1002,99.850464,99.9,99.8,23.349116,23.5,23.3,0,10.749928
2026/09/16 05:40:00.438,n,332.46024,7.648381,9.41,331,1002.2448,1002.4,1002.1,99.820432,99.9,99.8,23.392826,23.5,23.3,0,10.308148
2026/09/16 05:50:00.425,n,333.35602,6.761872,8.45,331,1002.4498,1002.6,1002.3,99.805376,99.9,99.8,23.331446,23.5,23.2,0,10.749928
2026/09/16 06:00:00.431,n,333.8627,6.59775,7.95,333,1002.4726,1002.6,1002.3,99.800528,99.8,99.8,23.374062,23.5,23.3,0,10.749928
2026/09/16 06:10:00.426,n,335.0301,6.57657,8.07,338,1002.6226,1002.7,1002.5,99.803144,99.9,99.8,23.379774,23.5,23.3,0,10.749928
2026/09/16 06:20:00.425,n,334.6744,7.055014,8.37,342,1002.6946,1002.8,1002.6,99.8072,99.9,99.8,23.389384,23.5,23.3,0,10.897186
2026/09/16 06:30:00.425,n,334.6811,7.040285,8.350001,336,1002.6442,1002.8,1002.5,99.800528,99.8,99.8,23.270482,23.4,23.2,0,10.455408
2026/09/16 06:40:00.424,n,333.70468,7.4073,9.59,326,1002.6866,1002.8,1002.5,99.805256,99.9,99.8,23.394926,23.5,23.3,0,10.749928
2026/09/16 06:50:00.428,n,331.51986,7.373918,9.38,327,1002.7458,1002.9,1002.6,99.81856,99.9,99.8,23.390586,23.5,23.3,0,10.897186
2026/09/16 07:00:00.429,n,331.1289,7.679436,9.77,331,1002.7308,1002.9,1002.6,99.821624,99.9,99.8,23.404568,23.5,23.3,0,10.897186
2026/09/16 07:10:00.433,n,332.27298,7.524781,9.76,325,1002.6824,1002.8,1002.5,99.80544,99.9,99.8,23.415092,23.5,23.3,0,10.897186
2026/09/16 07:20:00.437,n,336.53056,8.23237,9.92,330,1002.5186,1002.6,1002.4,99.804104,99.9,99.8,23.357012,23.5,23.3,0,10.897186
2026/09/16 07:30:00.427,n,337.72432,7.8808,9.77,332,1002.5246,1002.7,1002.4,99.80468,99.9,99.8,23.413374,23.6,23.3,0,10.602668
2026/09/16 07:40:00.426,n,337.5034,7.543803,9.44,334,1002.5756,1002.7,1002.5,99.804336,99.9,99.8,23.33631,23.4,23.2,0,10.897186
2026/09/16 07:50:00.426,n,337.74988,8.023046,9.48,340,1002.5692,1002.7,1002.4,99.800696,99.9,99.8,23.24954,23.4,23.2,0,10.897186
2026/09/16 08:00:00.427,n,342.17904,7.342497,9.26,338,1002.6894,1002.9,1002.5,99.800528,99.8,99.8,23.258644,23.4,23.2,0,10.602668
2026/09/16 08:10:00.425,n,341.13972,7.459636,9.65,333,1002.7366,1002.9,1002.5,99.82508,99.9,99.8,23.386402,23.5,23.3,0,10.749928
2026/09/16 08:20:00.428,n,336.74472,7.898748,10.48,329,1002.68,1002.8,1002.6,99.807984,99.9,99.8,23.41812,23.5,23.3,0,10.749928
2026/09/16 08:30:00.429,n,336.75456,8.435412,9.88,339,1002.634,1002.8,1002.5,99.801864,99.9,99.8,23.378568,23.5,23.3,0,10.897186
2026/09/16 08:40:00.433,n,339.18608,8.591978,10.34,341,1002.6534,1002.8,1002.5,99.800528,99.8,99.8,23.328402,23.4,23.3,0,10.749928
2026/09/16 08:50:00.438,n,341.44232,8.795836,10.25,345,1002.649,1002.8,1002.5,99.800528,99.8,99.8,23.353024,23.5,23.3,0,10.749928
2026/09/16 09:00:00.427,n,338.34856,8.362801,10.31,334,1002.779,1002.9,1002.6,99.800528,99.8,99.8,23.354022,23.5,23.3,0,11.191704
2026/09/16 09:10:00.424,n,338.28944,7.903354,9.12,341,1002.9252,1003.1,1002.8,99.800528,99.8,99.8,23.409962,23.5,23.3,0,11.338964
2026/09/16 09:20:00.429,n,341.2942,7.537605,9.47,344,1003.1546,1003.3,1003,99.800528,99.8,99.8,23.347628,23.4,23.3,0,11.338964
2026/09/16 09:30:00.426,n,342.81136,7.00402,8.48,335,1003.3218,1003.4,1003.2,99.800528,99.8,99.8,23.421574,23.5,23.3,0,11.191704
2026/09/16 09:40:00.427,n,345.91768,6.87305,9.51,342,1003.2796,1003.4,1003.2,99.800528,99.8,99.8,23.456542,23.6,23.4,0,11.486222
2026/09/16 09:50:00.430,n,346.1536,6.720315,8.04,344,1003.2496,1003.3,1003.1,99.800528,99.8,99.8,23.51192,23.6,23.4,0,11.486222
2026/09/16 10:00:00.432,n,344.4692,6.739664,8.16,345,1003.274,1003.3,1003.2,99.800528,99.8,99.8,23.59624,23.7,23.5,0,11.191704
2026/09/16 10:10:00.426,n,344.98744,6.630051,8.16,343,1003.1992,1003.3,1003.1,99.800528,99.8,99.8,23.540782,23.6,23.5,0,11.338964
2026/09/16 10:20:00.427,n,344.18448,6.697498,8.79,340,1003.1206,1003.2,1003,99.800528,99.8,99.8,23.548778,23.7,23.4,0,11.044446
2026/09/16 10:30:00.431,n,337.65068,6.603017,8.33,335,1003.097,1003.2,1003,99.800528,99.8,99.8,23.607944,23.8,23.5,0,11.338964
2026/09/16 10:40:00.425,n,336.66168,6.994199,8.7,336,1003.076,1003.2,1003,99.801336,99.9,99.8,23.63778,23.7,23.6,0,11.338964
2026/09/16 10:50:00.426,n,330.24554,7.075236,8.8,321,1002.999,1003.1,1002.9,99.807032,99.9,99.8,23.631402,23.7,23.6,0,11.338964
2026/09/16 11:00:00.426,n,335.21194,7.477649,8.92,335,1002.8552,1003,1002.7,99.800528,99.8,99.8,23.641036,23.8,23.5,0,11.486222
2026/09/16 11:10:00.428,n,334.55368,7.81815,9.89,328,1002.6896,1002.8,1002.6,99.800528,99.8,99.8,23.528166,23.6,23.5,0,11.486222
2026/09/16 11:20:00.434,n,339.93672,7.228449,8.5,345,1002.622,1002.7,1002.5,99.800528,99.8,99.8,23.563704,23.6,23.5,0,11.486222
2026/09/16 11:30:00.436,n,347.20152,5.680033,7.1,344,1002.7266,1002.8,1002.6,99.800528,99.8,99.8,23.581272,23.7,23.5,0,11.486222
2026/09/16 11:40:00.438,n,358.34832,4.677334,6.71,345,1002.6138,1002.7,1002.5,99.800528,99.8,99.8,23.60071,23.7,23.5,0,11.486222
2026/09/16 11:50:00.423,n,15.980208,3.707482,4.89,10,1002.6764,1002.8,1002.5,99.800528,99.8,99.8,23.610404,23.7,23.6,0,11.191704
2026/09/16 12:00:00.425,n,31.510592,3.50885,4.65,42,1002.584,1002.7,1002.5,99.815544,99.9,99.8,23.658078,23.7,23.6,0,11.486222
2026/09/16 12:10:00.428,n,42.338564,3.237484,4.68,44,1002.5716,1002.6,1002.5,99.800528,99.8,99.8,23.639906,23.7,23.6,0,11.338964
2026/09/16 12:20:00.424,n,24.591344,3.243351,4.67,358,1002.5104,1002.6,1002.4,99.800528,99.8,99.8,23.663336,23.7,23.6,0,11.191704
2026/09/16 12:30:00.426,n,30.097908,2.354851,4.01,35,1002.5128,1002.6,1002.4,99.800528,99.8,99.8,23.678786,23.7,23.6,0,11.338964
2026/09/16 12:40:00.423,n,35.403068,2.8067,4.03,36,1002.4614,1002.5,1002.4,99.800528,99.8,99.8,23.670722,23.7,23.6,0,11.191704
2026/09/16 12:50:00.426,n,35.59774,2.2019,3.41,50,1002.3368,1002.4,1002.3,99.800528,99.8,99.8,23.684968,23.7,23.6,0,11.191704
2026/09/16 13:00:00.429,n,23.049144,2.654684,4.42,27,1002.3382,1002.4,1002.2,99.800528,99.8,99.8,23.69926,23.8,23.6,0,11.191704
2026/09/16 13:10:00.431,n,26.772944,2.276099,3.67,4,1002.324,1002.4,1002.2,99.800528,99.8,99.8,23.794874,23.9,23.7,0,11.191704
2026/09/16 13:20:00.437,n,347.73852,2.797183,4.47,348,1002.3642,1002.5,1002.3,99.800528,99.8,99.8,23.878602,23.9,23.8,0,11.191704
2026/09/16 13:30:00.439,n,300.0188,2.374583,4.24,310,1002.4048,1002.5,1002.4,99.800528,99.8,99.8,23.873022,23.9,23.8,0,10.897186
2026/09/16 13:40:00.428,n,289.49952,2.351784,3.85,281,1002.4002,1002.4,1002.3,99.800528,99.8,99.8,23.803708,23.9,23.8,0,10.897186
2026/09/16 13:50:00.429,n,284.46566,2.0653,3.36,281,1002.4012,1002.5,1002.3,99.800528,99.8,99.8,23.84578,23.9,23.7,0,11.044446
2026/09/16 14:00:00.424,n,222.68922,1.955766,4.19,185,1002.398,1002.5,1002.3,99.773784,99.8,99.7,23.658434,23.9,23.1,0,10.749928
2026/09/16 14:10:00.427,n,173.13924,1.82535,3.71,185,1002.386,1002.4,1002.3,99.699472,99.7,99.7,22.968248,23.2,22.8,0,11.044446
2026/09/16 14:20:00.427,n,179.36946,2.814135,4.57,168,1002.3482,1002.4,1002.3,99.699472,99.7,99.7,22.571064,22.9,22.4,0,11.044446
2026/09/16 14:30:00.427,n,174.04664,2.818217,3.3,166,1002.2666,1002.4,1002.2,99.699472,99.7,99.7,22.346064,22.4,22.2,0,10.897186
2026/09/16 14:40:00.432,n,170.49894,2.0295,2.79,172,1002.151,1002.3,1002.1,99.699472,99.7,99.7,22.262178,22.3,22.2,0,11.044446
2026/09/16 14:50:00.437,n,154.09544,1.59225,2.5,147,1002.0538,1002.2,1002,99.699472,99.7,99.7,22.1802,22.3,22.1,0,11.044446
2026/09/16 15:00:00.443,n,141.26184,1.842366,2.38,144,1001.9994,1002,1001.9,99.699472,99.7,99.7,22.095312,22.2,22,0,10.749928
2026/09/16 15:10:00.426,n,126.91362,1.681817,2.4,136,1001.9546,1002,1001.8,99.699472,99.7,99.7,22.059362,22.2,21.9,0,10.749928
2026/09/16 15:20:00.429,n,147.61118,1.615349,2.37,147,1001.9828,1002,1001.9,99.699472,99.7,99.7,22.014168,22.1,21.9,0,10.749928
2026/09/16 15:30:00.429,n,155.16946,2.1483,2.72,166,1002.0458,1002.1,1001.9,99.699472,99.7,99.7,22.032506,22.1,22,0,10.602668
2026/09/16 15:40:00.429,n,171.36916,2.211416,2.94,163,1002.0598,1002.1,1002,99.699472,99.7,99.7,21.921388,22.1,21.8,0,10.897186
2026/09/16 15:50:00.427,n,173.65308,1.960649,3.09,168,1002.1196,1002.2,1002,99.699472,99.7,99.7,21.636062,21.8,21.5,0,10.749928
2026/09/16 16:00:00.434,n,154.5164,0.483517,1.03,137,1002.194,1002.2,1002.2,99.699472,99.7,99.7,21.67575,21.8,21.6,0,10.897186
2026/09/16 16:10:00.435,n,122.17858,0.8433,1.59,105,1002.1932,1002.3,1002.1,99.699472,99.7,99.7,21.673492,21.9,21.6,0,10.897186
2026/09/16 16:20:00.439,n,115.0286,1.421951,2.5,110,1002.3174,1002.4,1002.2,99.699472,99.7,99.7,21.72931,21.9,21.6,0,10.897186
2026/09/16 16:30:00.426,n,98.285184,1.304299,2.08,111,1002.3922,1002.4,1002.3,99.699472,99.7,99.7,21.72561,21.8,21.6,0,10.897186
2026/09/16 16:40:00.427,n,62.603808,1.147067,2.92,341,1002.4448,1002.5,1002.3,99.699472,99.7,99.7,21.797922,22,21.7,0,10.897186
2026/09/16 16:50:00.425,n,347.821,3.836633,6.47,341,1002.5768,1002.7,1002.5,99.729432,99.8,99.7,22.566994,23.4,21.9,0,10.897186
2026/09/16 17:00:00.428,n,335.66664,5.864437,7.51,332,1002.7286,1002.8,1002.6,99.79816,99.8,99.7,23.29845,23.4,23.1,0,10.749928
2026/09/16 17:10:00.427,n,341.07492,6.599514,7.83,335,1002.7008,1002.8,1002.6,99.782248,99.8,99.7,23.192178,23.3,23.1,0,10.602668
2026/09/16 17:20:00.427,n,340.0374,6.842435,8.54,343,1002.7534,1002.8,1002.7,99.779552,99.8,99.7,22.980272,23.2,22.8,0,10.749928
2026/09/16 17:30:00.433,n,340.77084,6.634715,7.76,338,1002.7132,1002.8,1002.6,99.769144,99.8,99.7,22.840258,23,22.7,0,10.749928
2026/09/16 17:40:00.436,n,344.49048,6.577733,7.84,342,1002.6628,1002.7,1002.6,99.763752,99.8,99.7,22.901668,23,22.8,0,10.455408
2026/09/16 17:50:00.440,n,345.33128,5.585047,7.22,349,1002.789,1002.9,1002.6,99.763456,99.8,99.7,22.919072,23.1,22.8,0,10.602668
2026/09/16 18:00:00.443,n,349.0442,5.229532,6.2,344,1002.8308,1002.9,1002.8,99.79188,99.8,99.7,23.081234,23.2,23,0,10.602668
2026/09/16 18:10:00.427,n,346.55056,4.59145,5.64,349,1002.8082,1002.9,1002.7,99.800528,99.8,99.8,23.197884,23.4,23.1,0,10.749928
2026/09/16 18:20:00.427,n,345.99516,4.278181,5.49,334,1002.8366,1002.9,1002.7,99.800528,99.8,99.8,23.263112,23.4,23.2,0,10.455408
2026/09/16 18:30:00.427,n,345.00564,4.357016,5.52,345,1002.9032,1003,1002.8,99.800528,99.8,99.8,23.324756,23.5,23.2,0,10.455408
2026/09/16 18:40:00.428,n,340.2036,4.635533,6.11,334,1002.9604,1003.1,1002.9,99.800528,99.8,99.8,23.241244,23.4,23.1,0,10.455408
2026/09/16 18:50:00.427,n,338.98796,3.743567,4.95,333,1003.0848,1003.2,1003,99.800528,99.8,99.8,23.198428,23.3,23.1,0,10.749928
2026/09/16 19:00:00.432,n,340.71144,3.723333,4.42,341,1003.0718,1003.1,1003,99.800528,99.8,99.8,23.238488,23.4,23.2,0,10.455408
2026/09/16 19:10:00.433,n,343.78936,3.37945,4.53,334,1003.0116,1003.1,1002.9,99.800528,99.8,99.8,23.214964,23.3,23.1,0,10.749928
2026/09/16 19:20:00.437,n,345.88612,2.880934,4.03,324,1003.095,1003.2,1003,99.748072,99.8,99.7,23.252324,23.4,23.2,0,10.749928
2026/09/16 19:30:00.445,n,203.09598,0.888733,2.73,332,1003.2784,1003.4,1003.1,99.699472,99.7,99.7,23.010194,23.3,22.5,0,10.749928
2026/09/16 19:40:00.427,n,177.11184,1.421917,2.86,170,1003.4808,1003.6,1003.4,99.699472,99.7,99.7,22.189828,22.5,21.9,0,10.749928
2026/09/16 19:50:00.428,n,177.29152,2.3284,3.45,177,1003.6724,1003.8,1003.6,99.699472,99.7,99.7,21.834032,22,21.7,0,10.749928
2026/09/16 20:00:00.428,n,170.81934,2.577618,3.03,169,1003.6838,1003.7,1003.6,99.764464,99.8,99.7,21.686024,21.8,21.6,0,10.749928
2026/09/16 20:10:00.428,n,172.64282,2.264882,2.85,149,1003.7676,1003.9,1003.7,99.800528,99.8,99.8,21.592764,21.7,21.5,0,10.749928
2026/09/16 20:20:00.432,n,184.35906,2.330985,3.27,193,1003.949,1004,1003.9,99.800528,99.8,99.8,21.542792,21.6,21.5,0,10.749928
2026/09/16 20:30:00.434,n,182.61912,2.067734,3.07,196,1003.965,1004.1,1003.9,99.800528,99.8,99.8,21.604764,21.7,21.5,0,10.455408
2026/09/16 20:40:00.437,n,181.68908,2.0082,2.82,178,1004.0498,1004.1,1004,99.800528,99.8,99.8,21.622304,21.7,21.6,0,10.749928
2026/09/16 20:50:00.429,n,191.64576,1.638834,2.54,189,1004.1234,1004.2,1004.1,99.800528,99.8,99.8,21.694946,21.7,21.6,0,10.455408
2026/09/16 21:00:00.432,n,191.00738,1.969567,2.63,185,1004.1508,1004.2,1004.1,99.800528,99.8,99.8,21.700122,21.7,21.7,0,10.749928
2026/09/16 21:10:00.428,n,189.52736,1.679634,2.66,198,1004.222,1004.3,1004.2,99.800528,99.8,99.8,21.742304,21.8,21.7,0,10.455408
2026/09/16 21:20:00.430,n,169.59014,1.632417,2.87,165,1004.1456,1004.2,1004.1,99.800528,99.8,99.8,21.709454,21.8,21.7,0,10.602668
2026/09/16 21:30:00.428,n,170.73612,1.920133,2.68,170,1004.1236,1004.2,1004.1,99.800528,99.8,99.8,21.698446,21.7,21.6,0,10.749928
2026/09/16 21:40:00.426,n,172.22768,1.661066,2.29,177,1004.169,1004.2,1004.1,99.800528,99.8,99.8,21.600424,21.7,21.5,0,10.455408
2026/09/16 21:50:00.430,n,133.10338,1.332317,2.2,124,1004.1168,1004.2,1004.1,99.800528,99.8,99.8,21.471132,21.6,21.4,0,10.749928
2026/09/16 22:00:00.437,n,157.81228,1.912233,3.03,162,1004.1932,1004.2,1004.1,99.800528,99.8,99.8,21.344102,21.4,21.2,0,10.749928
2026/09/16 22:10:00.437,n,138.66682,1.798051,2.39,131,1004.2022,1004.3,1004.2,99.800528,99.8,99.8,21.376302,21.4,21.3,0,10.749928
2026/09/16 22:20:00.425,n,138.65548,1.6835,2.53,137,1004.2968,1004.3,1004.2,99.76752,99.8,99.7,21.369806,21.5,21.3,0,10.749928
2026/09/16 22:30:00.430,n,116.67568,1.680118,2.76,76,1004.2922,1004.4,1004.2,99.699472,99.7,99.7,21.599808,22,21.4,0,10.749928
2026/09/16 22:40:00.428,n,315.03064,1.575016,3.76,321,1004.3114,1004.4,1004.2,99.75228,99.8,99.7,22.231052,22.8,21.9,0,10.455408
2026/09/16 22:50:00.428,n,331.06054,3.554133,4.65,329,1004.2814,1004.4,1004.2,99.891888,99.9,99.8,23.15077,23.3,22.8,0,10.602668
2026/09/16 23:00:00.427,n,331.79714,3.363816,4.78,349,1004.165,1004.2,1004.1,99.853784,99.9,99.8,23.1773,23.3,23,0,10.455408
2026/09/16 23:10:00.424,n,329.44082,3.323135,4.49,317,1004.1756,1004.2,1004.1,99.802032,99.9,99.8,23.004338,23.1,22.9,0,10.602668
2026/09/16 23:20:00.443,n,333.8537,2.823968,3.86,320,1004.1302,1004.2,1004,99.827784,99.9,99.8,23.005108,23.1,22.9,0,10.602668
2026/09/16 23:30:00.431,n,336.48872,2.116383,3.75,330,1004.0452,1004.1,1004,99.856144,99.9,99.8,23.08676,23.1,23,0,10.749928
2026/09/16 23:40:00.433,n,31.97086,1.426433,3.41,329,1004.0312,1004.1,1004,99.773952,99.8,99.7,22.6645,23,22,0,10.455408
2026/09/16 23:50:00.428,n,160.96832,1.923483,2.83,163,1003.9836,1004.1,1003.9,99.699472,99.7,99.7,21.712078,22,21.5,0,10.749928
2026/09/17 00:00:00.427,n,164.21302,2.559684,3.85,181,1004.0374,1004.1,1003.9,99.699472,99.7,99.7,21.515104,21.7,21.3,0,10.455408
2026/09/17 00:10:00.425,n,181.11126,1.212817,2.46,190,1003.9568,1004.1,1003.8,99.758432,99.8,99.7,21.23985,21.4,21.1,0,10.749928
2026/09/17 00:20:00.425,n,282.64916,1.413217,3.53,279,1003.833,1003.9,1003.8,99.713184,99.8,99.7,21.837644,22.3,21.2,0,10.455408
2026/09/17 00:30:00.425,n,325.64554,4.024568,6.54,328,1003.8006,1003.9,1003.7,99.814352,99.9,99.7,22.55825,23,22.2,0,10.749928
2026/09/17 00:40:00.425,n,322.7189,4.986668,6.5,326,1003.8302,1003.9,1003.8,99.888864,99.9,99.8,23.000904,23.1,22.8,0,10.749928
2026/09/17 00:50:00.430,n,320.48444,4.446446,6.37,327,1003.924,1004,1003.8,99.865256,99.9,99.8,22.89565,23,22.8,0,10.455408
2026/09/17 01:00:00.432,n,322.5412,4.472535,6.25,330,1004.0368,1004.2,1003.9,99.818696,99.9,99.8,22.775622,22.8,22.7,0,10.602668
2026/09/17 01:10:00.438,n,326.91326,4.655333,5.82,328,1004.115,1004.2,1004.1,99.800528,99.8,99.8,22.721734,22.8,22.6,0,10.455408
2026/09/17 01:20:00.438,n,328.93458,5.051885,6.57,331,1004.1358,1004.2,1004.1,99.80248,99.9,99.8,22.742368,22.9,22.7,0,10.602668
2026/09/17 01:30:00.429,n,332.45574,4.649102,5.9,339,1004.1472,1004.2,1004.1,99.800528,99.8,99.8,22.808094,22.9,22.7,0,10.749928
2026/09/17 01:40:00.429,n,335.45272,4.734833,5.96,337,1004.14,1004.2,1004,99.830248,99.9,99.8,22.859378,22.9,22.7,0,10.455408
2026/09/17 01:50:00.428,n,332.36652,4.306486,6.03,332,1004.1022,1004.2,1004,99.824088,99.9,99.8,22.953934,23.1,22.8,0,10.749928
2026/09/17 02:00:00.427,n,336.89616,4.371735,5.44,334,1004.153,1004.2,1004.1,99.879248,99.9,99.8,23.004344,23.1,22.9,0,10.749928
2026/09/17 02:10:00.423,n,336.70052,4.492334,6.16,330,1004.1442,1004.2,1004,99.815944,99.9,99.8,22.85744,23,22.7,0,10.455408
2026/09/17 02:20:00.429,n,338.67696,4.738618,5.92,343,1004.1094,1004.2,1004,99.825704,99.9,99.8,22.843552,22.9,22.7,0,10.308148
2026/09/17 02:30:00.429,n,342.03336,5.803986,7.35,340,1003.9516,1004.1,1003.8,99.825,99.9,99.8,22.813248,23,22.7,0,10.749928
2026/09/17 02:40:00.433,n,341.2512,6.274263,7.39,332,1003.9586,1004,1003.9,99.84512,99.9,99.8,22.79466,22.9,22.6,0,10.455408
2026/09/17 02:50:00.440,n,337.521,6.551769,7.47,340,1003.9276,1004,1003.9,99.82672,99.9,99.8,22.719696,22.9,22.6,0,10.749928
2026/09/17 03:00:00.424,n,335.68424,6.496713,7.74,331,1003.9138,1004,1003.8,99.814096,99.9,99.8,22.665536,22.8,22.6,0,10.455408
2026/09/17 03:10:00.424,n,333.61264,6.910799,8.28,335,1003.9192,1004,1003.8,99.838112,99.9,99.8,22.598294,22.7,22.5,0,10.602668
2026/09/17 03:20:00.425,n,335.69768,6.819985,8.51,336,1003.926,1004,1003.8,99.813416,99.9,99.8,22.525322,22.6,22.5,0,10.749928
2026/09/17 03:30:00.427,n,338.56308,7.04835,8.43,339,1003.894,1004,1003.8,99.800528,99.8,99.8,22.477046,22.6,22.4,0,10.308148
2026/09/17 03:40:00.424,n,338.84828,7.181335,9.28,338,1003.8796,1004,1003.7,99.800688,99.9,99.8,22.522002,22.6,22.4,0,10.749928
2026/09/17 03:50:00.427,n,340.20324,7.196119,8.83,337,1003.8388,1003.9,1003.7,99.800528,99.8,99.8,22.45207,22.6,22.3,0,10.749928
2026/09/17 04:00:00.431,n,343.78412,7.347586,8.8,346,1003.7832,1003.9,1003.6,99.800528,99.8,99.8,22.331044,22.5,22.2,0,10.602668
2026/09/17 04:10:00.435,n,345.07404,6.607998,8.51,340,1003.8916,1004,1003.7,99.800528,99.8,99.8,22.354764,22.5,22.2,0,10.749928
2026/09/17 04:20:00.439,n,345.62144,6.497247,8.04,344,1003.934,1004.1,1003.8,99.800528,99.8,99.8,22.229566,22.3,22.2,0,10.749928
2026/09/17 04:30:00.429,n,346.37956,6.691781,8.180001,344,1003.9214,1004,1003.8,99.800528,99.8,99.8,22.302132,22.4,22.2,0,10.749928
2026/09/17 04:40:00.427,n,344.85764,7.021319,8.87,343,1004.0218,1004.2,1003.9,99.800528,99.8,99.8,22.364902,22.5,22.2,0,10.455408
2026/09/17 04:50:00.427,n,340.64676,7.06227,8.52,341,1004.0968,1004.2,1003.9,99.800528,99.8,99.8,22.402414,22.6,22.3,0,10.455408
2026/09/17 05:00:00.428,n,336.6022,6.674101,8.140001,339,1004.1526,1004.3,1004.1,99.800528,99.8,99.8,22.537072,22.7,22.4,0,10.749928
2026/09/17 05:10:00.425,n,335.56192,6.530605,8.15,335,1004.188,1004.3,1004.1,99.800528,99.8,99.8,22.581828,22.7,22.5,0,10.455408
2026/09/17 05:20:00.429,n,337.79832,6.73025,7.93,338,1004.2078,1004.3,1004.1,99.800528,99.8,99.8,22.50116,22.6,22.4,0,10.455408
2026/09/17 05:30:00.433,n,337.69948,7.001119,8.57,339,1004.158,1004.2,1004,99.836232,99.9,99.8,22.628584,22.8,22.5,0,10.749928
2026/09/17 05:40:00.437,n,338.5656,6.671002,8.49,341,1004.2036,1004.3,1004.1,99.842656,99.9,99.8,22.64631,22.8,22.5,0,10.749928
2026/09/17 05:50:00.439,n,342.40852,6.194249,7.96,345,1004.3386,1004.5,1004.1,99.823856,99.9,99.8,22.704536,22.8,22.6,0,10.749928
2026/09/17 06:00:00.426,n,345.80548,5.950716,7.34,342,1004.463,1004.5,1004.4,99.808432,99.9,99.8,22.715378,22.9,22.6,0,10.749928
2026/09/17 06:10:00.426,n,347.09992,5.919935,7.94,346,1004.5324,1004.7,1004.4,99.8012,99.9,99.8,22.60943,22.7,22.5,0,10.749928
2026/09/17 06:20:00.428,n,345.42256,5.63115,7.03,342,1004.7386,1004.9,1004.6,99.803648,99.9,99.8,22.71321,22.8,22.6,0,10.749928
2026/09/17 06:30:00.424,n,339.36772,5.716918,7.45,340,1004.8864,1005,1004.8,99.824736,99.9,99.8,22.825774,23,22.7,0,10.455408
2026/09/17 06:40:00.426,n,342.08928,6.092151,7.57,328,1004.9056,1005,1004.8,99.820424,99.9,99.8,22.792636,23,22.7,0,10.749928
2026/09/17 06:50:00.426,n,342.6,5.87295,7.58,346,1004.9252,1005,1004.8,99.818456,99.9,99.8,22.710034,22.8,22.6,0,10.749928
2026/09/17 07:00:00.429,n,339.87544,6.942281,8.4,341,1004.917,1005,1004.8,99.859592,99.9,99.8,22.713242,22.8,22.6,0,10.455408
2026/09/17 07:10:00.434,n,339.51852,6.736056,8.220001,332,1004.9644,1005,1004.9,99.823272,99.9,99.8,22.670232,22.7,22.6,0,10.897186
2026/09/17 07:20:00.434,n,344.01728,7.039952,8.82,342,1004.9462,1005.1,1004.8,99.825912,99.9,99.8,22.670914,22.8,22.5,0,10.749928
2026/09/17 07:30:00.438,n,344.3968,6.9759,8.85,348,1005.0714,1005.2,1004.9,99.823064,99.9,99.8,22.721918,22.8,22.6,0,10.897186
2026/09/17 07:40:00.427,n,347.64916,6.563298,7.78,340,1005.1516,1005.3,1005,99.800528,99.8,99.8,22.677108,22.8,22.6,0,10.455408
2026/09/17 07:50:00.425,n,346.90328,6.381415,8.65,351,1005.192,1005.3,1005.1,99.813728,99.9,99.8,22.682778,22.8,22.6,0,10.897186
2026/09/17 08:00:00.427,n,344.56592,6.496017,7.84,344,1005.2092,1005.3,1005.1,99.806,99.9,99.8,22.676384,22.8,22.6,0,10.897186
2026/09/17 08:10:00.423,n,343.54432,6.411085,7.61,341,1005.2382,1005.3,1005.2,99.80968,99.9,99.8,22.754492,22.9,22.6,0,11.044446
2026/09/17 08:20:00.427,n,345.56224,6.984849,9.01,342,1005.1534,1005.3,1005,99.800528,99.8,99.8,22.712922,22.8,22.6,0,11.338964
2026/09/17 08:30:00.429,n,342.05704,7.148484,9.46,347,1005.1022,1005.2,1005,99.800528,99.8,99.8,22.678708,22.8,22.6,0,11.191704
2026/09/17 08:40:00.430,n,340.84364,7.044951,8.57,336,1005.167,1005.3,1005.1,99.803456,99.9,99.8,22.805244,23,22.6,0,11.191704
2026/09/17 08:50:00.434,n,342.85204,7.205467,9.52,345,1005.2548,1005.4,1005.1,99.806352,99.9,99.8,22.904572,23,22.8,0,11.486222
2026/09/17 09:00:00.438,n,346.52072,6.818518,8.29,347,1005.414,1005.5,1005.2,99.800528,99.8,99.8,22.92375,23,22.8,0,11.633482
2026/09/17 09:10:00.424,n,348.7072,6.585001,9.36,351,1005.5344,1005.6,1005.4,99.813872,99.9,99.8,23.048708,23.2,22.9,0,11.486222
2026/09/17 09:20:00.428,n,350.9478,6.108801,7.86,346,1005.5904,1005.7,1005.5,99.802536,99.9,99.8,23.122482,23.2,23,0,12.07526
2026/09/17 09:30:00.427,n,346.8798,6.039566,8.26,350,1005.6074,1005.7,1005.5,99.802032,99.9,99.8,23.315894,23.4,23.1,0,12.36978
2026/09/17 09:40:00.429,n,337.77196,6.335183,7.99,339,1005.576,1005.6,1005.5,99.82096,99.9,99.8,23.462618,23.6,23.4,0,11.633482
2026/09/17 09:50:00.425,n,334.49786,6.137364,7.37,337,1005.6764,1005.8,1005.6,99.825056,99.9,99.8,23.621652,23.8,23.5,0,11.338964
2026/09/17 10:00:00.425,n,336.54428,5.227783,6.5,338,1005.7628,1005.8,1005.7,99.847808,99.9,99.8,23.736314,23.9,23.6,0,11.633482
2026/09/17 10:10:00.427,n,335.05384,5.066863,7.02,334,1005.6776,1005.8,1005.6,99.884128,99.9,99.8,23.87242,24,23.7,0,11.633482
2026/09/17 10:20:00.432,n,350.10012,4.498633,6.24,332,1005.6674,1005.7,1005.6,99.888112,99.9,99.8,24.127336,24.3,23.9,0,11.633482
2026/09/17 10:30:00.434,n,359.2564,3.915849,5.22,353,1005.699,1005.8,1005.6,99.89944,99.9,99.9,24.08942,24.2,24,0,12.07526
2026/09/17 10:40:00.422,n,16.268644,3.009933,4.4,345,1005.6646,1005.8,1005.6,99.888376,99.9,99.8,24.246416,24.4,24.1,0,12.07526
2026/09/17 10:50:00.424,n,48.224332,3.027267,4.35,61,1005.5388,1005.6,1005.4,99.835064,99.9,99.8,24.05343,24.2,23.9,0,12.07526
2026/09/17 11:00:00.426,n,43.059804,3.275867,4.34,24,1005.4072,1005.5,1005.3,99.832936,99.9,99.8,23.89239,24,23.8,0,12.07526
2026/09/17 11:10:00.427,n,56.98584,3.237001,4.43,56,1005.4058,1005.5,1005.3,99.819016,99.9,99.8,23.979054,24.2,23.8,0,12.36978
2026/09/17 11:20:00.432,n,61.406432,2.871334,4.03,47,1005.3688,1005.4,1005.3,99.8028,99.9,99.8,24.106294,24.3,23.9,0,12.07526
2026/09/17 11:30:00.434,n,64.11862,3.107184,4.23,66,1005.3274,1005.4,1005.3,99.833576,99.9,99.8,23.887248,24.1,23.8,0,12.664298
2026/09/17 11:40:00.423,n,61.976504,3.022516,4.31,56,1005.2168,1005.4,1005.1,99.884288,99.9,99.8,24.142244,24.5,24,0,12.07526
2026/09/17 11:50:00.428,n,59.957696,2.326001,3.53,46,1005.1892,1005.2,1005.1,99.896256,99.9,99.8,24.17956,24.4,24,0,11.633482
2026/09/17 12:00:00.426,n,52.050608,1.6508,3.06,48,1005.1358,1005.2,1005.1,99.89944,99.9,99.9,24.550778,24.7,24.4,0,11.928
2026/09/17 12:10:00.423,n,51.297284,1.437867,2.55,75,1005.0132,1005.1,1004.9,99.89944,99.9,99.9,24.807068,25,24.5,0,12.664298
2026/09/17 12:20:00.425,n,29.802146,1.40335,2.23,25,1004.8792,1005,1004.8,99.89944,99.9,99.9,24.812854,25,24.7,0,11.633482
2026/09/17 12:30:00.421,n,34.747504,1.617966,2.94,33,1004.7278,1004.8,1004.7,99.89944,99.9,99.9,24.727976,24.9,24.5,0,11.633482
2026/09/17 12:40:00.425,n,40.25562,1.275583,2.32,41,1004.6942,1004.8,1004.7,99.89944,99.9,99.9,24.90763,25.2,24.7,0,12.36978
2026/09/17 12:50:00.426,n,52.258832,1.222167,2.32,59,1004.6986,1004.8,1004.7,99.89944,99.9,99.9,25.214782,25.5,25,0,12.36978
2026/09/17 13:00:00.432,n,52.268604,1.535749,2.41,54,1004.6142,1004.7,1004.6,99.89944,99.9,99.9,25.06013,25.2,25,0,11.633482
2026/09/17 13:10:00.435,n,49.66678,1.197134,2.54,69,1004.6008,1004.7,1004.5,99.89944,99.9,99.9,25.346436,25.7,25.1,0,12.36978
2026/09/17 13:20:00.440,n,47.4767,1.151233,2.57,47,1004.5646,1004.6,1004.5,99.89944,99.9,99.9,25.601802,25.9,25.4,0,11.633482
2026/09/17 13:30:00.441,n,54.112548,1.597017,3,64,1004.4774,1004.5,1004.4,99.89944,99.9,99.9,25.554498,26,25.2,0,12.517038
2026/09/17 13:40:00.427,n,42.3185,1.192934,2.3,51,1004.4062,1004.5,1004.4,99.89944,99.9,99.9,25.393918,25.5,25.2,0,11.486222
2026/09/17 13:50:00.423,n,35.854784,1.406083,2.65,61,1004.3326,1004.4,1004.3,99.89944,99.9,99.9,25.43748,25.6,25.3,0,12.22252
2026/09/17 14:00:00.424,n,37.38334,1.433117,2.22,31,1004.2228,1004.3,1004.1,99.89944,99.9,99.9,25.66004,25.9,25.5,0,12.664298
2026/09/17 14:10:00.424,n,17.798178,1.378283,2.09,33,1004.145,1004.2,1004.1,99.89944,99.9,99.9,25.57763,25.7,25.5,0,12.22252
2026/09/17 14:20:00.427,n,8.538816,1.393333,1.98,21,1004.1,1004.2,1004,99.89944,99.9,99.9,25.566268,25.8,25.5,0,11.633482
2026/09/17 14:30:00.433,n,340.90764,1.74425,2.82,329,1004.2006,1004.3,1004.1,99.89944,99.9,99.9,25.625696,25.9,25.4,0,11.633482
2026/09/17 14:40:00.434,n,328.00726,1.923266,2.68,329,1004.2632,1004.3,1004.2,99.89944,99.9,99.9,25.601912,25.7,25.4,0,12.07526
2026/09/17 14:50:00.435,n,324.45646,2.34485,3.36,325,1004.2256,1004.3,1004.1,99.89944,99.9,99.9,25.573448,25.7,25.4,0,12.22252
2026/09/17 15:00:00.443,n,326.84754,2.51695,3.23,326,1004.122,1004.2,1004.1,99.89944,99.9,99.9,25.45887,25.5,25.4,0,12.07526
2026/09/17 15:10:00.427,n,334.8191,2.684166,7,336,1004.1904,1004.3,1004.1,99.89912,99.9,99.8,25.603628,25.7,25.4,0,12.07526
2026/09/17 15:20:00.426,n,333.52558,7.873019,9.18,325,1004.0592,1004.2,1003.9,99.89944,99.9,99.9,25.473354,25.7,25.3,0,11.928
2026/09/17 15:30:00.426,n,335.54302,8.198719,9.2,331,1004.0028,1004.1,1003.9,99.89944,99.9,99.9,25.29672,25.4,25.2,0,11.928
2026/09/17 15:40:00.430,n,334.47016,8.636318,9.67,335,1004.0166,1004.1,1003.9,99.898776,99.9,99.8,25.296546,25.4,25.2,0,11.633482
2026/09/17 15:50:00.426,n,331.88586,8.478404,9.6,330,1004.1086,1004.2,1004,99.89944,99.9,99.9,25.260296,25.4,25.2,0,12.07526
2026/09/17 16:00:00.432,n,331.93232,7.930135,9.7,327,1004.173,1004.3,1004,99.89944,99.9,99.9,25.184228,25.3,25.1,0,11.633482
2026/09/17 16:10:00.435,n,332.02868,8.389364,9.52,327,1004.2602,1004.4,1004.2,99.896992,99.9,99.8,25.029892,25.2,24.9,0,11.633482
2026/09/17 16:20:00.439,n,335.78544,8.5498,9.89,338,1004.2506,1004.4,1004.1,99.896656,99.9,99.8,24.979208,25,24.9,0,12.07526
2026/09/17 16:30:00.441,n,337.95972,8.847566,10.25,340,1004.2044,1004.3,1004.1,99.895512,99.9,99.8,24.900258,25,24.8,0,11.633482
2026/09/17 16:40:00.428,n,339.34036,9.03195,10.37,340,1004.1288,1004.3,1004,99.893288,99.9,99.8,24.852558,25,24.8,0,11.633482
2026/09/17 16:50:00.428,n,337.95764,8.494184,9.71,339,1004.2942,1004.4,1004.1,99.890184,99.9,99.8,24.805086,24.9,24.7,0,11.486222
2026/09/17 17:00:00.427,n,340.92996,8.440682,9.5,341,1004.4114,1004.5,1004.3,99.890264,99.9,99.8,24.706354,24.8,24.6,0,11.191704
2026/09/17 17:10:00.426,n,340.35252,8.708812,10.17,340,1004.4708,1004.6,1004.3,99.882632,99.9,99.8,24.611382,24.7,24.5,0,11.338964
2026/09/17 17:20:00.426,n,340.85712,8.955502,10.12,338,1004.4334,1004.6,1004.3,99.885488,99.9,99.8,24.506436,24.7,24.4,0,11.338964
2026/09/17 17:30:00.430,n,339.7166,9.07617,10.65,336,1004.5198,1004.6,1004.4,99.891888,99.9,99.8,24.42345,24.5,24.3,0,11.191704
2026/09/17 17:40:00.432,n,338.24676,8.696264,9.79,334,1004.6384,1004.8,1004.5,99.869336,99.9,99.8,24.36191,24.5,24.3,0,11.191704
2026/09/17 17:50:00.437,n,338.53216,8.863568,10.22,334,1004.6312,1004.8,1004.5,99.877176,99.9,99.8,24.32441,24.4,24.3,0,11.191704
2026/09/17 18:00:00.439,n,338.84844,8.926374,10.66,330,1004.5782,1004.7,1004.4,99.844056,99.9,99.8,24.28861,24.4,24.2,0,11.191704
2026/09/17 18:10:00.427,n,340.57804,9.060674,10.73,342,1004.6532,1004.8,1004.5,99.851224,99.9,99.8,24.219716,24.3,24.1,0,11.191704
2026/09/17 18:20:00.428,n,340.50456,9.136202,10.58,343,1004.7646,1004.9,1004.6,99.84748,99.9,99.8,24.181098,24.3,24.1,0,11.191704
2026/09/17 18:30:00.424,n,341.90476,8.651254,10.12,345,1004.8318,1004.9,1004.7,99.81864,99.9,99.8,24.078958,24.2,24,0,11.191704
2026/09/17 18:40:00.425,n,343.43644,8.71289,10.02,342,1004.8772,1005,1004.7,99.814728,99.9,99.8,23.987504,24.1,23.9,0,11.191704
2026/09/17 18:50:00.425,n,344.83044,8.610598,10.39,345,1004.9044,1005,1004.7,99.810864,99.9,99.8,23.907208,24,23.8,0,11.191704
2026/09/17 19:00:00.427,n,342.45792,8.942986,10.73,338,1004.9784,1005.1,1004.8,99.800528,99.8,99.8,23.799234,23.9,23.7,0,11.044446
2026/09/17 19:10:00.431,n,341.22168,9.151822,10.69,343,1005.1188,1005.3,1004.9,99.800528,99.8,99.8,23.789668,23.9,23.7,0,10.897186
2026/09/17 19:20:00.432,n,341.11572,9.390334,11.09,339,1005.3146,1005.5,1005.1,99.805816,99.9,99.8,23.816744,23.9,23.7,0,11.191704
2026/09/17 19:30:00.434,n,339.90672,8.807734,10.25,333,1005.5724,1005.8,1005.3,99.807016,99.9,99.8,23.858542,24,23.8,0,11.191704
2026/09/17 19:40:00.425,n,342.1616,8.693302,10.4,340,1005.667,1005.8,1005.5,99.80672,99.9,99.8,23.878112,24,23.8,0,11.044446
2026/09/17 19:50:00.426,n,340.786,8.640024,9.88,341,1005.8616,1006,1005.7,99.80972,99.9,99.8,23.885716,24,23.8,0,11.044446
2026/09/17 20:00:00.430,n,338.433,8.308402,9.78,342,1006.0166,1006.1,1005.9,99.84224,99.9,99.8,23.841136,23.9,23.8,0,11.191704
2026/09/17 20:10:00.435,n,338.44344,8.116184,9.75,331,1006.1246,1006.2,1006,99.822384,99.9,99.8,23.919384,24.1,23.8,0,10.897186
2026/09/17 20:20:00.427,n,341.17868,7.762032,9.08,339,1006.1882,1006.3,1006.1,99.830144,99.9,99.8,23.931468,24,23.8,0,11.044446
2026/09/17 20:30:00.426,n,339.63524,8.042001,9.4,340,1006.1968,1006.3,1006.1,99.842448,99.9,99.8,23.913106,24,23.8,0,11.191704
2026/09/17 20:40:00.427,n,339.11504,7.666497,9.44,341,1006.3158,1006.4,1006.1,99.872144,99.9,99.8,23.966192,24.1,23.9,0,11.044446
2026/09/17 20:50:00.427,n,338.93848,7.934405,9.85,335,1006.273,1006.4,1006.2,99.877584,99.9,99.8,24.015606,24.1,23.9,0,11.044446
2026/09/17 21:00:00.430,n,338.4008,8.365362,9.94,344,1006.3594,1006.5,1006.2,99.871296,99.9,99.8,24.053346,24.2,24,0,11.191704
2026/09/17 21:10:00.427,n,338.40956,8.054964,9.46,337,1006.2882,1006.4,1006.2,99.866064,99.9,99.8,24.057946,24.1,24,0,10.897186
2026/09/17 21:20:00.424,n,340.3074,8.022939,9.37,343,1006.2482,1006.3,1006.2,99.860456,99.9,99.8,23.972804,24.1,23.9,0,11.044446
2026/09/17 21:30:00.426,n,337.82484,7.963652,9.07,337,1006.21,1006.3,1006.1,99.863272,99.9,99.8,23.923104,24,23.8,0,11.044446
2026/09/17 21:40:00.429,n,339.68512,7.590497,8.87,342,1006.2494,1006.3,1006.2,99.852152,99.9,99.8,23.891922,24,23.8,0,11.044446
2026/09/17 21:50:00.434,n,339.90656,7.208502,8.44,342,1006.3346,1006.5,1006.2,99.847728,99.9,99.8,23.913404,24,23.8,0,11.044446
2026/09/17 22:00:00.425,n,341.88552,6.659619,8.2,342,1006.4724,1006.6,1006.4,99.871696,99.9,99.8,23.86443,24,23.8,0,11.044446
2026/09/17 22:10:00.426,n,346.90504,6.258867,7.33,340,1006.4316,1006.5,1006.4,99.833464,99.9,99.8,23.83773,23.9,23.7,0,11.191704
2026/09/17 22:20:00.426,n,352.77852,6.085117,7.27,346,1006.333,1006.5,1006.2,99.814752,99.9,99.8,23.766198,23.9,23.7,0,11.044446
2026/09/17 22:30:00.431,n,354.17696,5.501623,6.6,346,1006.264,1006.3,1006.2,99.800528,99.8,99.8,23.712082,23.8,23.7,0,11.044446
2026/09/17 22:40:00.429,n,357.62716,5.029399,6.25,356,1006.2504,1006.3,1006.2,99.800528,99.8,99.8,23.743988,23.8,23.6,0,11.044446
2026/09/17 22:50:00.425,n,8.234703,4.848615,5.88,5,1006.3452,1006.4,1006.2,99.800528,99.8,99.8,23.628362,23.8,23.5,0,11.044446
2026/09/17 23:00:00.423,n,8.837236,4.64663,6.23,6,1006.3544,1006.4,1006.3,99.806224,99.9,99.8,23.590584,23.7,23.5,0,11.044446
2026/09/17 23:10:00.431,n,359.42844,4.485251,6.09,6,1006.3114,1006.4,1006.2,99.804776,99.9,99.8,23.739668,23.9,23.7,0,11.044446
2026/09/17 23:20:00.427,n,359.23848,5.063449,5.95,0,1006.3144,1006.4,1006.2,99.844584,99.9,99.8,23.935542,24,23.8,0,11.044446
2026/09/17 23:30:00.423,n,6.438747,4.656534,6.01,0,1006.3936,1006.4,1006.3,99.852456,99.9,99.8,23.980386,24.1,23.9,0,11.044446
2026/09/17 23:40:00.425,n,16.203298,4.293882,5.06,31,1006.4624,1006.5,1006.4,99.831608,99.9,99.8,23.935188,24.1,23.8,0,10.897186
2026/09/17 23:50:00.427,n,14.967992,4.379518,5.27,7,1006.3734,1006.4,1006.3,99.850632,99.9,99.8,23.929086,24,23.8,0,11.044446
2026/09/18 00:00:00.430,n,17.34948,4.25285,5.13,15,1006.4028,1006.5,1006.3,99.817448,99.9,99.8,23.842304,23.9,23.8,0,11.044446
2026/09/18 00:10:00.425,n,13.26068,4.480266,5.3,12,1006.3984,1006.4,1006.3,99.833096,99.9,99.8,23.818706,23.9,23.7,0,11.044446
2026/09/18 00:20:00.425,n,15.475204,4.301266,5.44,22,1006.4,1006.4,1006.3,99.882384,99.9,99.8,23.871604,24,23.8,0,11.044446
2026/09/18 00:30:00.425,n,60.88058,1.893933,5.24,6,1006.4902,1006.5,1006.4,99.804864,99.9,99.8,23.487756,23.9,23.3,0,11.044446
2026/09/18 00:40:00.428,n,65.284988,1.786517,3.28,60,1006.4378,1006.5,1006.4,99.800528,99.8,99.8,23.413392,23.5,23.3,0,11.044446
2026/09/18 00:50:00.432,n,53.164428,1.7786,2.65,37,1006.3992,1006.4,1006.3,99.800528,99.8,99.8,23.486592,23.6,23.4,0,11.044446
2026/09/18 01:00:00.433,n,57.079184,2.502868,3.63,35,1006.3794,1006.4,1006.3,99.827216,99.9,99.8,23.591114,23.9,23,0,10.602668
2026/09/18 01:10:00.437,n,86.497376,1.654317,2.96,85,1006.4112,1006.5,1006.3,99.800528,99.8,99.8,22.986696,23.1,22.6,0,10.749928
2026/09/18 01:20:00.425,n,68.605984,0.919867,2.24,96,1006.5928,1006.7,1006.5,99.793856,99.8,99.7,22.640212,22.8,22.6,0,11.044446
2026/09/18 01:30:00.426,n,82.697,1.09525,2.24,83,1006.6464,1006.7,1006.6,99.794856,99.8,99.7,22.79104,22.9,22.6,0,10.749928
2026/09/18 01:40:00.426,n,114.19686,1.510884,2.3,110,1006.5524,1006.6,1006.5,99.709008,99.8,99.7,22.653062,22.9,22.4,0,11.044446
2026/09/18 01:50:00.428,n,101.67698,2.247185,2.7,109,1006.6312,1006.7,1006.5,99.788872,99.8,99.7,22.670166,22.8,22.3,0,11.044446
2026/09/18 02:00:00.425,n,127.61134,1.73955,2.42,122,1006.6858,1006.7,1006.6,99.702336,99.8,99.7,22.380514,22.7,22.2,0,10.897186
2026/09/18 02:10:00.425,n,111.43406,1.630583,2.63,118,1006.6024,1006.7,1006.6,99.743648,99.8,99.7,22.502432,22.7,22.2,0,10.897186
2026/09/18 02:20:00.424,n,146.95484,1.661983,2.79,158,1006.544,1006.7,1006.5,99.699472,99.7,99.7,22.140886,22.5,22,0,10.749928
2026/09/18 02:30:00.429,n,138.33234,1.280017,1.89,148,1006.47,1006.5,1006.4,99.699472,99.7,99.7,22.050888,22.2,21.9,0,10.602668
2026/09/18 02:40:00.432,n,166.91444,0.576367,0.78,120,1006.4346,1006.5,1006.3,99.699472,99.7,99.7,22.075406,22.2,22,0,10.897186
2026/09/18 02:50:00.434,n,217.01272,0.667117,1.13,211,1006.2814,1006.4,1006.2,99.702808,99.8,99.7,22.227056,22.3,22.1,0,10.602668
2026/09/18 03:00:00.435,n,0.501501,0.592167,0.91,26,1006.2404,1006.3,1006.2,99.724528,99.8,99.7,22.442714,22.7,22.2,0,10.897186
2026/09/18 03:10:00.424,n,29.52154,0.799167,1.46,32,1006.1838,1006.3,1006.1,99.702632,99.8,99.7,22.692282,22.7,22.6,0,11.044446
2026/09/18 03:20:00.429,n,34.45144,0.762283,1.22,30,1006.1728,1006.2,1006.1,99.699472,99.7,99.7,22.765728,22.9,22.7,0,10.897186
2026/09/18 03:30:00.428,n,347.4088,0.887817,3.33,323,1006.3442,1006.4,1006.2,99.699472,99.7,99.7,22.879756,23,22.8,0,10.897186
2026/09/18 03:40:00.426,n,344.52912,2.492317,3.63,329,1006.1228,1006.3,1006,99.777488,99.8,99.7,23.135292,23.3,22.9,0,10.455408
2026/09/18 03:50:00.430,n,349.70952,4.147933,5.15,342,1006.0444,1006.2,1005.9,99.795544,99.8,99.7,22.9961,23.2,22.8,0,10.897186
2026/09/18 04:00:00.429,n,346.65668,3.748251,4.56,338,1006.1582,1006.2,1006.1,99.800528,99.8,99.8,22.979578,23.2,22.8,0,10.897186
2026/09/18 04:10:00.429,n,342.02588,3.4792,4.79,343,1006.1054,1006.2,1006,99.800528,99.8,99.8,23.078934,23.2,23,0,10.897186
2026/09/18 04:20:00.434,n,343.16344,3.529716,5.05,336,1006.1386,1006.2,1006.1,99.800528,99.8,99.8,23.115968,23.2,23,0,10.897186
2026/09/18 04:30:00.436,n,341.77968,3.877484,4.68,342,1006.1948,1006.3,1006.2,99.70264,99.8,99.7,22.942804,23.1,22.8,0,10.897186
2026/09/18 04:40:00.424,n,344.30648,3.995152,4.95,331,1006.2052,1006.3,1006.1,99.699472,99.7,99.7,22.877434,23,22.8,0,10.602668
2026/09/18 04:50:00.429,n,348.28412,3.209582,4.27,344,1006.1856,1006.2,1006.1,99.699472,99.7,99.7,22.839956,22.9,22.8,0,10.897186
2026/09/18 05:00:00.427,n,351.29824,3.196634,4.02,353,1006.2352,1006.3,1006.1,99.699472,99.7,99.7,22.825422,22.9,22.7,0,10.897186
2026/09/18 05:10:00.425,n,82.412456,1.869583,3.52,6,1006.3668,1006.4,1006.3,99.699472,99.7,99.7,22.295658,22.8,21.7,0,10.749928
2026/09/18 05:20:00.425,n,149.97786,1.24835,2.37,129,1006.3084,1006.4,1006.2,99.699472,99.7,99.7,21.829118,22,21.7,0,10.897186
2026/09/18 05:30:00.431,n,158.04148,0.88805,1.75,154,1006.39,1006.5,1006.3,99.699472,99.7,99.7,22.10233,22.2,21.9,0,10.897186
2026/09/18 05:40:00.432,n,304.66422,0.541483,1.25,179,1006.5626,1006.6,1006.5,99.699472,99.7,99.7,22.289606,22.4,22.2,0,10.897186
2026/09/18 05:50:00.436,n,349.866,1.478116,4.27,345,1006.6092,1006.7,1006.6,99.699472,99.7,99.7,22.40796,22.7,22.2,0,10.897186
2026/09/18 06:00:00.439,n,354.00356,2.82295,4.43,342,1006.7626,1006.9,1006.6,99.699472,99.7,99.7,22.791252,22.9,22.7,0,10.897186
2026/09/18 06:10:00.429,n,359.64876,2.990717,4.88,348,1006.782,1006.9,1006.7,99.699472,99.7,99.7,22.74276,22.8,22.7,0,10.897186
2026/09/18 06:20:00.430,n,353.49544,3.810831,5.22,355,1006.7748,1007,1006.6,99.699472,99.7,99.7,22.679426,22.8,22.6,0,10.897186
2026/09/18 06:30:00.425,n,0.150238,2.870369,3.79,8,1007.1048,1007.2,1006.9,99.699472,99.7,99.7,22.718274,22.8,22.6,0,10.897186
2026/09/18 06:40:00.427,n,355.33544,3.210567,3.97,0,1007.202,1007.3,1007.1,99.699472,99.7,99.7,22.775576,22.9,22.7,0,11.044446
2026/09/18 06:50:00.424,n,2.102362,3.111481,4.11,1,1007.1736,1007.3,1007,99.699472,99.7,99.7,22.829432,22.9,22.7,0,11.044446
2026/09/18 07:00:00.423,n,77.479584,1.648966,3.27,60,1007.1142,1007.2,1007.1,99.699472,99.7,99.7,22.53548,22.9,22.3,0,10.897186
2026/09/18 07:10:00.427,n,78.887232,1.378583,2,71,1007.1506,1007.2,1007,99.70624,99.8,99.7,22.313956,22.4,22.2,0,11.191704
2026/09/18 07:20:00.434,n,94.014064,1.292483,2.24,82,1007.1936,1007.2,1007.1,99.699472,99.7,99.7,22.284558,22.4,22.2,0,11.191704
2026/09/18 07:30:00.434,n,88.379592,1.484299,2.44,99,1007.2062,1007.3,1007.2,99.699472,99.7,99.7,22.362002,22.4,22.3,0,11.191704
2026/09/18 07:40:00.427,n,115.38994,1.555167,2.36,112,1007.3672,1007.4,1007.2,99.699472,99.7,99.7,22.388312,22.5,22.2,0,11.338964
2026/09/18 07:50:00.426,n,115.29472,2.083416,2.73,122,1007.2648,1007.3,1007.1,99.699472,99.7,99.7,22.198942,22.3,22.1,0,11.338964
2026/09/18 08:00:00.430,n,121.4479,1.772418,2.75,118,1007.1956,1007.3,1007.2,99.699472,99.7,99.7,22.462434,22.6,22.2,0,11.486222
2026/09/18 08:10:00.426,n,131.3173,1.598767,2.78,152,1007.3068,1007.4,1007.2,99.710304,99.8,99.7,22.81071,23.1,22.5,0,11.633482
2026/09/18 08:20:00.426,n,122.6445,0.82465,2.37,128,1007.3958,1007.5,1007.3,99.77676,99.8,99.7,23.200148,23.4,22.9,0,11.633482
2026/09/18 08:30:00.424,n,53.350272,1.074467,2.25,96,1007.3046,1007.4,1007.2,99.784576,99.8,99.7,23.296188,23.5,23.1,0,11.486222
2026/09/18 08:40:00.429,n,4.876603,1.176017,1.99,18,1007.455,1007.6,1007.3,99.699472,99.7,99.7,23.11238,23.3,23,0,11.486222
2026/09/18 08:50:00.430,n,332.67904,0.934767,2.2,341,1007.563,1007.6,1007.5,99.702688,99.8,99.7,23.23845,23.5,23.1,0,11.486222
2026/09/18 09:00:00.434,n,331.16318,1.0799,2.18,341,1007.5086,1007.6,1007.4,99.749896,99.8,99.7,23.435808,23.7,23.3,0,12.36978
2026/09/18 09:10:00.426,n,348.20732,1.12145,1.99,5,1007.5668,1007.6,1007.5,99.800528,99.8,99.8,23.928578,24.1,23.7,0,12.22252
2026/09/18 09:20:00.427,n,358.23036,1.158984,1.86,6,1007.599,1007.6,1007.5,99.796976,99.8,99.7,23.704848,23.8,23.6,0,12.36978
2026/09/18 09:30:00.426,n,24.047738,1.1102,2.04,12,1007.5382,1007.6,1007.5,99.800528,99.8,99.8,23.852994,24.1,23.7,0,11.633482
2026/09/18 09:40:00.431,n,32.052006,1.081401,2.2,34,1007.5728,1007.7,1007.5,99.79228,99.8,99.7,23.812366,23.9,23.7,0,12.36978
2026/09/18 09:50:00.433,n,22.136632,0.95295,1.72,40,1007.602,1007.7,1007.6,99.800528,99.8,99.8,24.019136,24.3,23.9,0,12.517038
2026/09/18 10:00:00.423,n,349.85396,1.130284,2.12,13,1007.6584,1007.8,1007.6,99.800528,99.8,99.8,24.029716,24.2,23.9,0,11.633482
2026/09/18 10:10:00.424,n,345.83352,1.317651,2.15,343,1007.6358,1007.7,1007.5,99.800528,99.8,99.8,24.053278,24.2,23.9,0,12.517038
2026/09/18 10:20:00.428,n,342.40092,1.746017,2.86,344,1007.5306,1007.6,1007.5,99.800528,99.8,99.8,23.825788,24,23.7,0,11.928
2026/09/18 10:30:00.431,n,340.64912,2.044234,2.9,340,1007.5398,1007.6,1007.5,99.800528,99.8,99.8,23.728558,23.8,23.6,0,12.07526
2026/09/18 10:40:00.429,n,336.82652,2.039683,3.38,332,1007.4906,1007.5,1007.4,99.800528,99.8,99.8,23.88397,24,23.7,0,12.517038
2026/09/18 10:50:00.428,n,334.71528,1.919766,2.96,340,1007.4834,1007.5,1007.4,99.800528,99.8,99.8,24.021126,24.2,23.9,0,12.22252
2026/09/18 11:00:00.438,n,335.64288,1.553817,2.36,326,1007.4318,1007.5,1007.3,99.800528,99.8,99.8,24.145986,24.3,24.1,0,12.811556
2026/09/18 11:10:00.427,n,338.91228,1.521599,2.27,348,1007.2744,1007.4,1007.2,99.800528,99.8,99.8,24.380214,24.5,24.2,0,12.22252
2026/09/18 11:20:00.431,n,321.49426,1.366216,2.65,328,1007.1774,1007.2,1007.1,99.800528,99.8,99.8,24.537314,24.8,24.3,0,12.22252
2026/09/18 11:30:00.435,n,326.33758,1.127683,2.4,342,1006.9568,1007.1,1006.8,99.800528,99.8,99.8,24.831834,25,24.7,0,12.36978
2026/09/18 11:40:00.437,n,333.38806,0.989633,2.09,340,1006.7976,1006.9,1006.7,99.870944,99.9,99.8,25.114638,25.2,24.9,0,12.07526
2026/09/18 11:50:00.428,n,339.30792,1.056099,1.66,340,1006.6914,1006.8,1006.6,99.897944,99.9,99.8,25.191566,25.4,25,0,12.07526
2026/09/18 12:00:00.428,n,326.24286,1.263017,2.26,326,1006.59,1006.7,1006.5,99.89944,99.9,99.9,25.328192,25.5,25.2,0,12.07526
2026/09/18 12:10:00.426,n,329.99472,1.520067,2.14,332,1006.4182,1006.6,1006.2,99.89944,99.9,99.9,25.383392,25.5,25.3,0,12.664298
2026/09/18 12:20:00.430,n,326.31344,1.544235,2.27,333,1006.1756,1006.3,1006.1,99.89944,99.9,99.9,25.456116,25.7,25.3,0,12.517038
2026/09/18 12:30:00.427,n,315.01734,1.107217,2.04,307,1006.0738,1006.2,1006,99.89944,99.9,99.9,25.89782,26.4,25.6,0,12.07526
2026/09/18 12:40:00.427,n,317.59992,1.227734,2.19,305,1005.9438,1006,1005.9,99.89944,99.9,99.9,26.348734,26.5,26.3,0,12.36978
2026/09/18 12:50:00.429,n,328.51886,1.3413,2.01,330,1005.7288,1005.9,1005.6,99.89944,99.9,99.9,26.273414,26.5,26.1,0,11.486222
2026/09/18 13:00:00.434,n,322.84606,1.887701,2.54,330,1005.6642,1005.8,1005.6,99.89944,99.9,99.9,26.051128,26.2,25.9,0,11.633482
2026/09/18 13:10:00.427,n,312.58004,2.204632,3.5,306,1005.686,1005.8,1005.6,99.89944,99.9,99.9,26.222798,26.4,26,0,11.633482
2026/09/18 13:20:00.425,n,301.37466,2.5513,3.41,300,1005.6694,1005.8,1005.5,99.89944,99.9,99.9,25.946572,26.1,25.9,0,12.22252
2026/09/18 13:30:00.431,n,302.60012,2.263549,2.97,302,1005.4848,1005.6,1005.4,99.89944,99.9,99.9,26.111336,26.3,26,0,11.633482
2026/09/18 13:40:00.427,n,314.77268,1.742266,2.49,312,1005.324,1005.4,1005.2,99.90264,100,99.9,26.508924,26.8,26.3,0,12.07526
2026/09/18 13:50:00.427,n,319.32996,1.7359,2.42,322,1005.2002,1005.3,1005.1,99.89944,99.9,99.9,26.509422,26.7,26.4,0,11.338964
2026/09/18 14:00:00.427,n,316.87076,1.918984,2.99,299,1005.1748,1005.2,1005.1,99.89944,99.9,99.9,26.506782,26.7,26.4,0,11.633482
2026/09/18 14:10:00.430,n,315.94584,2.014999,2.86,319,1005.0662,1005.1,1005,99.900792,100,99.9,26.52078,26.6,26.4,0,11.633482
2026/09/18 14:20:00.432,n,307.18476,1.705333,2.38,317,1005.1164,1005.2,1005,99.89944,99.9,99.9,26.548102,26.7,26.4,0,11.633482
2026/09/18 14:30:00.439,n,306.55292,1.806099,2.68,299,1005.1372,1005.2,1005.1,99.89944,99.9,99.9,26.78893,26.9,26.6,0,11.633482
2026/09/18 14:40:00.426,n,301.5498,2.194218,2.64,306,1005.195,1005.3,1005.1,99.852416,100,98.1,26.668788,26.8,26.6,0,11.633482
2026/09/18 14:50:00.425,n,303.28656,2.559301,3.3,298,1005.2084,1005.3,1005.2,99.836448,100,96.6,26.82771,27,26.7,0,11.633482
2026/09/18 15:00:00.434,n,302.84934,2.486684,3.18,300,1005.2004,1005.3,1005.2,99.595216,100,94.5,26.944776,27,26.9,0,11.633482
2026/09/18 15:10:00.428,n,301.98376,2.124568,2.77,296,1005.2426,1005.3,1005.2,99.602208,100,95.2,27.115616,27.2,27,0,11.633482
2026/09/18 15:20:00.426,n,299.47592,2.035068,2.88,302,1005.3518,1005.4,1005.3,95.969928,100,87.1,27.272994,27.4,27.1,0,11.633482
2026/09/18 15:30:00.424,n,303.36636,2.040401,2.78,301,1005.3,1005.4,1005.2,96.091816,100,90.4,27.421424,27.5,27.4,0,11.633482
2026/09/18 15:40:00.426,n,301.35006,1.938016,2.49,305,1005.2978,1005.4,1005.2,97.540096,100,88.9,27.342866,27.5,27.3,0,11.633482
2026/09/18 15:50:00.428,n,298.11594,1.702351,2.21,307,1005.312,1005.4,1005.2,98.292392,100,93.4,27.359248,27.5,27.3,0,11.338964
2026/09/18 16:00:00.434,n,302.74484,1.911833,2.55,299,1005.3926,1005.5,1005.3,98.043128,100,93.3,27.42539,27.5,27.3,0,11.338964
2026/09/18 16:10:00.438,n,300.76008,1.5174,2.11,295,1005.5118,1005.6,1005.4,97.07984,100,88.7,27.547138,27.7,27.5,0,11.633482
2026/09/18 16:20:00.425,n,298.96032,0.9853,1.66,299,1005.5,1005.5,1005.5,96.977416,100,87.8,27.716732,27.9,27.5,0,11.486222
2026/09/18 16:30:00.429,n,279.63598,1.089066,1.64,252,1005.5044,1005.6,1005.5,98.05092,100,94.8,27.572018,27.8,27.4,0,11.486222
2026/09/18 16:40:00.425,n,280.2976,0.845467,1.7,259,1005.5016,1005.6,1005.4,98.214576,100,94.5,27.960868,28.1,27.8,0,11.633482
2026/09/18 16:50:00.427,n,291.6745,0.7382,1.37,277,1005.5,1005.5,1005.5,96.208608,100,85.2,27.81225,27.9,27.7,0,11.338964
2026/09/18 17:00:00.426,n,242.90864,0.5855,1.23,203,1005.5,1005.6,1005.4,89.191448,97.9,81.5,27.922012,28,27.9,0,11.338964
2026/09/18 17:10:00.426,n,237.22382,0.730084,2.21,169,1005.5002,1005.6,1005.5,89.178376,94,83.5,27.941996,28.1,27.8,0,10.897186
2026/09/18 17:20:00.428,n,158.75256,1.943999,2.81,153,1005.499,1005.6,1005.4,89.796696,95.8,83.2,27.51293,28.1,27.3,0,11.191704
2026/09/18 17:30:00.437,n,142.11812,1.706467,2.46,158,1005.5256,1005.6,1005.4,87.907032,93.7,80.5,27.296576,27.4,27.2,0,11.191704
2026/09/18 17:40:00.440,n,144.6832,1.366633,2.53,170,1005.599,1005.6,1005.5,81.483536,86.4,75.8,27.32269,27.4,27.2,0,11.191704
2026/09/18 17:50:00.425,n,157.17776,0.971167,1.43,148,1005.5996,1005.6,1005.6,79.681008,84.4,75.7,27.354072,27.4,27.3,0,10.897186
2026/09/18 18:00:00.429,n,181.03178,1.284484,3.12,335,1005.7392,1005.9,1005.6,84.629584,99.9,75.4,27.202916,27.3,27,0,10.897186
2026/09/18 18:10:00.426,n,341.52908,3.172283,5,336,1005.877,1005.9,1005.8,99.803528,99.9,99.8,26.579396,27,26.3,0,11.191704
2026/09/18 18:20:00.426,n,339.79184,4.799431,6.36,339,1005.8602,1005.9,1005.7,99.800528,99.8,99.8,26.21222,26.4,26,0,10.897186
2026/09/18 18:30:00.427,n,332.0599,5.644532,7.76,341,1005.941,1006.1,1005.8,99.800528,99.8,99.8,25.954902,26.1,25.8,0,10.749928
2026/09/18 18:40:00.427,n,334.17984,7.574297,8.67,332,1005.973,1006.1,1005.9,99.800528,99.8,99.8,25.704408,25.9,25.6,0,11.191704
2026/09/18 18:50:00.428,n,333.7723,7.574068,8.92,331,1005.9162,1006,1005.8,99.799168,99.8,99.7,25.571694,25.7,25.5,0,11.191704
2026/09/18 19:00:00.431,n,334.8249,8.718414,9.95,333,1005.8514,1006,1005.7,99.80036,99.8,99.7,25.504554,25.6,25.4,0,11.191704
2026/09/18 19:10:00.435,n,335.87492,9.090516,10.79,332,1005.8776,1006,1005.8,99.799512,99.8,99.7,25.365462,25.5,25.2,0,11.191704
2026/09/18 19:20:00.438,n,337.71176,8.925616,10.28,338,1006.0432,1006.2,1005.9,99.79748,99.8,99.7,25.169482,25.3,25.1,0,11.044446
2026/09/18 19:30:00.441,n,337.52008,8.528916,9.98,338,1006.0908,1006.2,1006,99.7922,99.8,99.7,25.1414,25.3,25.1,0,11.191704
2026/09/18 19:40:00.426,n,339.45008,8.709282,9.85,338,1006.1346,1006.2,1006,99.795288,99.8,99.7,25.07627,25.2,25,0,11.191704
2026/09/18 19:50:00.426,n,340.0854,8.310703,9.67,337,1006.1952,1006.3,1006,99.799336,99.8,99.7,25.083106,25.2,25,0,11.044446
2026/09/18 20:00:00.428,n,340.89368,7.996615,9.36,338,1006.1938,1006.3,1006.1,99.800528,99.8,99.8,25.049066,25.1,25,0,11.191704
2026/09/18 20:10:00.426,n,341.27228,7.985615,9.61,344,1006.1844,1006.3,1006.1,99.800528,99.8,99.8,25.112392,25.2,25,0,11.191704
2026/09/18 20:20:00.428,n,342.18188,8.874468,10.63,344,1006.1816,1006.3,1006.1,99.800528,99.8,99.8,25.115942,25.2,25,0,11.044446
2026/09/18 20:30:00.429,n,344.40512,8.3275,10.44,344,1006.2672,1006.4,1006.1,99.800528,99.8,99.8,25.074696,25.2,25,0,11.044446
2026/09/18 20:40:00.433,n,345.74736,7.512952,8.68,344,1006.3656,1006.4,1006.2,99.800528,99.8,99.8,24.999962,25.1,24.9,0,11.191704
2026/09/18 20:50:00.440,n,344.85368,7.985665,9.64,347,1006.2324,1006.3,1006.1,99.800528,99.8,99.8,24.909452,25,24.8,0,11.044446
2026/09/18 21:00:00.427,n,339.95924,7.885219,9.23,335,1006.2122,1006.4,1006.1,99.800528,99.8,99.8,24.938234,25,24.8,0,11.191704
2026/09/18 21:10:00.429,n,338.30324,7.487275,8.59,341,1006.1004,1006.2,1006,99.800528,99.8,99.8,24.92277,25,24.8,0,11.044446
2026/09/18 21:20:00.427,n,338.29024,6.785317,8.24,339,1005.9952,1006.1,1005.9,99.800528,99.8,99.8,25.008762,25.1,24.9,0,10.749928
2026/09/18 21:30:00.428,n,339.48256,6.053687,7.23,336,1005.8716,1005.9,1005.8,99.800528,99.8,99.8,25.052942,25.1,25,0,11.044446
2026/09/18 21:40:00.426,n,340.05644,5.872065,7.2,340,1005.9022,1006,1005.8,99.812928,99.9,99.8,25.098456,25.2,25,0,11.044446
2026/09/18 21:50:00.425,n,344.30812,5.0707,6.17,341,1005.8586,1005.9,1005.8,99.817624,99.9,99.8,25.170556,25.3,25.1,0,11.044446
2026/09/18 22:00:00.432,n,343.72432,4.745652,5.39,340,1005.8134,1005.9,1005.8,99.84788,99.9,99.8,25.220734,25.3,25.2,0,11.044446
2026/09/18 22:10:00.436,n,348.20956,4.246352,5,344,1005.8262,1005.9,1005.8,99.828888,99.9,99.8,25.246182,25.3,25.2,0,11.044446
2026/09/18 22:20:00.437,n,356.32032,3.861817,4.61,348,1005.8042,1005.8,1005.7,99.848032,99.9,99.8,25.259322,25.4,25.2,0,11.044446
2026/09/18 22:30:00.444,n,359.8908,2.967684,4.17,2,1005.8224,1005.9,1005.7,99.875656,99.9,99.8,25.258262,25.3,25.2,0,11.044446
2026/09/18 22:40:00.423,n,9.263558,2.601332,3.39,359,1005.8134,1005.9,1005.7,99.836296,99.9,99.8,25.208082,25.3,25.1,0,11.044446
2026/09/18 22:50:00.426,n,33.51495,2.332416,2.97,27,1005.8052,1005.8,1005.7,99.800528,99.8,99.8,25.090198,25.1,25,0,11.044446
2026/09/18 23:00:00.423,n,48.557276,2.183717,2.78,95,1005.8098,1005.9,1005.8,99.816608,99.9,99.8,25.043782,25.2,24.5,0,11.044446
2026/09/18 23:10:00.426,n,86.429176,2.31955,3.46,97,1005.6984,1005.9,1005.5,99.800528,99.8,99.8,24.153546,24.5,23.9,0,11.044446
2026/09/18 23:20:00.428,n,68.904024,2.375749,3.76,72,1005.5616,1005.6,1005.5,99.800528,99.8,99.8,24.26232,24.4,24,0,10.749928
2026/09/18 23:30:00.427,n,87.827376,2.31905,3.03,85,1005.5896,1005.6,1005.5,99.800528,99.8,99.8,24.209568,24.4,24.1,0,11.044446
2026/09/18 23:40:00.431,n,73.691512,2.209517,3.38,67,1005.5552,1005.6,1005.5,99.800528,99.8,99.8,24.191036,24.5,24,0,11.044446
2026/09/18 23:50:00.431,n,65.3491,1.948234,2.48,75,1005.4692,1005.6,1005.3,99.800528,99.8,99.8,24.487574,24.6,24.4,0,11.044446
2026/09/19 00:00:00.434,n,41.918452,1.646416,2.29,47,1005.2848,1005.5,1005.2,99.800528,99.8,99.8,24.331056,24.5,24.1,0,11.044446
2026/09/19 00:10:00.426,n,348.19032,4.096033,5.26,345,1005.1042,1005.3,1004.9,99.800528,99.8,99.8,24.476318,24.6,24.4,0,10.602668
2026/09/19 00:20:00.429,n,345.10332,4.638848,5.4,344,1004.9974,1005.1,1004.9,99.799368,99.8,99.7,24.458786,24.6,24.3,0,10.897186
2026/09/19 00:30:00.432,n,342.98632,4.635537,5.52,339,1004.9356,1005,1004.8,99.799,99.8,99.7,24.516136,24.6,24.4,0,11.044446
2026/09/19 00:40:00.425,n,342.51088,5.054719,5.77,348,1004.8018,1004.9,1004.6,99.800528,99.8,99.8,24.40285,24.5,24.3,0,10.897186
2026/09/19 00:50:00.425,n,351.066,3.765702,4.98,342,1004.8256,1004.9,1004.7,99.770256,99.8,99.7,24.409462,24.5,24.3,0,11.044446
2026/09/19 01:00:00.427,n,340.368,4.757315,6.19,337,1004.7124,1004.9,1004.6,99.699472,99.7,99.7,24.262612,24.5,24,0,11.044446
2026/09/19 01:10:00.429,n,332.88276,5.311184,6.36,328,1004.6714,1004.8,1004.6,99.701808,99.8,99.7,23.76199,24,23.6,0,10.897186
2026/09/19 01:20:00.431,n,336.58412,5.252768,5.98,340,1004.7542,1004.8,1004.6,99.699472,99.7,99.7,23.723866,23.8,23.6,0,11.044446
2026/09/19 01:30:00.433,n,342.09836,4.684354,5.73,340,1004.7668,1004.8,1004.6,99.699472,99.7,99.7,23.769538,23.9,23.7,0,11.044446
2026/09/19 01:40:00.428,n,342.08348,3.926917,4.77,339,1004.888,1005,1004.8,99.699472,99.7,99.7,23.755048,23.9,23.7,0,11.044446
2026/09/19 01:50:00.426,n,341.66404,4.690803,6.06,335,1004.9628,1005.1,1004.9,99.712848,99.8,99.7,23.739996,23.8,23.6,0,10.897186
2026/09/19 02:00:00.429,n,338.8982,5.931064,7.46,337,1005.0804,1005.2,1005,99.786368,99.8,99.7,23.875008,24.1,23.7,0,10.602668
2026/09/19 02:10:00.427,n,337.41592,6.814383,8.17,336,1004.9214,1005.1,1004.8,99.800528,99.8,99.8,24.014642,24.1,23.9,0,10.897186
2026/09/19 02:20:00.428,n,342.73048,5.99898,7.85,337,1004.8138,1004.9,1004.7,99.800528,99.8,99.8,23.855724,24,23.8,0,11.044446
2026/09/19 02:30:00.427,n,354.61636,5.099217,6.5,2,1004.9304,1005,1004.8,99.790376,99.8,99.7,23.802746,23.9,23.7,0,10.897186
2026/09/19 02:40:00.426,n,6.293872,5.46615,7.96,355,1005.0786,1005.2,1005,99.76,99.8,99.7,23.78211,23.9,23.7,0,11.044446
2026/09/19 02:50:00.431,n,357.41988,6.323962,8.03,348,1005.0394,1005.2,1004.9,99.768488,99.8,99.7,23.79789,24,23.7,0,10.602668
2026/09/19 03:00:00.436,n,345.6414,7.149032,8.26,346,1004.9356,1005,1004.8,99.790208,99.8,99.7,23.933778,24.1,23.9,0,11.044446
2026/09/19 03:10:00.427,n,350.27004,6.086147,7.68,343,1004.9702,1005,1004.9,99.796304,99.8,99.7,23.963108,24.1,23.9,0,10.897186
2026/09/19 03:20:00.429,n,346.01492,5.403586,6.71,348,1004.9276,1005,1004.8,99.79816,99.8,99.7,23.95918,24.1,23.9,0,10.897186
2026/09/19 03:30:00.430,n,349.47296,4.838784,6.41,353,1005.0512,1005.1,1005,99.800528,99.8,99.8,23.997308,24.1,23.9,0,11.044446
2026/09/19 03:40:00.426,n,345.6006,4.463965,6.12,337,1005.0518,1005.1,1005,99.800528,99.8,99.8,23.999972,24.1,23.9,0,10.602668
2026/09/19 03:50:00.428,n,344.11364,5.06615,6.3,348,1005.0026,1005.1,1004.9,99.800528,99.8,99.8,24.009632,24.1,23.9,0,10.602668
2026/09/19 04:00:00.422,n,40.399496,3.511032,5.39,341,1005.03,1005.2,1004.9,99.73384,99.8,99.7,23.887002,24.2,23.5,0,10.897186
2026/09/19 04:10:00.423,n,67.095588,2.0912,3.64,61,1005.0452,1005.2,1004.9,99.699472,99.7,99.7,23.300248,23.5,23.1,0,10.897186
2026/09/19 04:20:00.428,n,72.637216,2.073134,2.99,97,1004.9934,1005,1004.9,99.699472,99.7,99.7,23.144038,23.3,22.8,0,10.897186
2026/09/19 04:30:00.433,n,103.74442,2.709949,3.41,97,1005.013,1005.1,1004.9,99.699472,99.7,99.7,22.427728,22.8,22.2,0,10.897186
2026/09/19 04:40:00.426,n,92.07736,2.756366,4.23,88,1005.073,1005.1,1005,99.699472,99.7,99.7,22.322418,22.5,22.2,0,10.897186
2026/09/19 04:50:00.426,n,74.86288,2.698384,3.34,68,1005.0106,1005.1,1004.9,99.699472,99.7,99.7,22.633252,22.8,22.4,0,10.897186
2026/09/19 05:00:00.425,n,79.817024,2.562281,3.17,67,1004.9934,1005,1004.9,99.699472,99.7,99.7,22.824936,22.9,22.7,0,10.897186
2026/09/19 05:10:00.432,n,95.173072,2.042135,2.77,83,1005.0542,1005.1,1005,99.699472,99.7,99.7,22.43181,22.7,22.3,0,10.897186
2026/09/19 05:20:00.434,n,94.276448,2.749267,3.49,90,1005.042,1005.1,1005,99.699472,99.7,99.7,22.38177,22.6,22.2,0,10.897186
2026/09/19 05:30:00.434,n,83.09232,2.613215,3.29,87,1004.937,1005.1,1004.8,99.699472,99.7,99.7,22.478832,22.6,22.4,0,10.897186
2026/09/19 05:40:00.426,n,67.64812,2.142899,2.81,61,1004.8744,1004.9,1004.8,99.699472,99.7,99.7,22.829684,23,22.5,0,10.897186
2026/09/19 05:50:00.426,n,71.840368,2.10095,2.78,56,1004.939,1005,1004.9,99.699472,99.7,99.7,22.881044,23,22.8,0,10.897186
2026/09/19 06:00:00.428,n,45.03998,2.371249,4.97,356,1004.9698,1005,1004.9,99.699472,99.7,99.7,23.035776,23.1,22.9,0,10.897186
2026/09/19 06:10:00.426,n,5.534795,4.540767,5.67,4,1004.9706,1005.1,1004.9,99.77612,99.8,99.7,23.767272,24,23,0,10.897186
2026/09/19 06:20:00.425,n,351.04076,5.083363,6.84,346,1005.0538,1005.1,1005,99.768216,99.8,99.7,23.878672,24,23.7,0,10.897186
2026/09/19 06:30:00.426,n,346.03116,6.084534,6.92,346,1005.0092,1005.1,1005,99.750456,99.8,99.7,23.722064,23.8,23.6,0,10.602668
2026/09/19 06:40:00.429,n,346.39968,6.261082,7.22,347,1005.009,1005.1,1004.9,99.743632,99.8,99.7,23.818508,24,23.7,0,10.897186
2026/09/19 06:50:00.430,n,348.05856,5.719231,7.06,347,1005.122,1005.2,1005,99.781048,99.8,99.7,23.905092,24,23.8,0,11.191704
2026/09/19 07:00:00.433,n,345.60716,5.609549,7.04,342,1005.0364,1005.1,1004.9,99.7958,99.8,99.7,23.926862,24.1,23.8,0,11.191704
2026/09/19 07:10:00.425,n,347.2346,5.067701,6.74,337,1005.102,1005.2,1005,99.799528,99.8,99.7,23.992774,24.1,23.9,0,11.486222
2026/09/19 07:20:00.428,n,349.30756,4.421299,6.1,344,1005.1902,1005.3,1005.1,99.800528,99.8,99.8,24.06086,24.2,24,0,11.338964
2026/09/19 07:30:00.430,n,345.19144,4.467232,6.51,357,1005.2078,1005.3,1005.1,99.797008,99.8,99.7,24.174544,24.3,24.1,0,11.633482
2026/09/19 07:40:00.425,n,350.9776,3.947516,5.59,344,1005.2564,1005.4,1005.1,99.795976,99.8,99.7,24.165992,24.3,24,0,11.633482
2026/09/19 07:50:00.425,n,6.329758,2.748199,3.65,15,1005.3076,1005.4,1005.2,99.800528,99.8,99.8,24.218734,24.4,24.2,0,11.928
2026/09/19 08:00:00.427,n,11.621294,1.957566,3.16,13,1005.3178,1005.4,1005.3,99.800528,99.8,99.8,24.299134,24.4,24.2,0,11.633482
2026/09/19 08:10:00.427,n,358.46144,1.767217,2.72,349,1005.2322,1005.4,1005.1,99.800528,99.8,99.8,24.36906,24.4,24.3,0,11.633482
2026/09/19 08:20:00.427,n,21.659448,1.452884,2.3,20,1005.1852,1005.2,1005.1,99.800528,99.8,99.8,24.421208,24.6,24.3,0,12.36978
2026/09/19 08:30:00.434,n,36.95286,1.4931,2.6,45,1005.0362,1005.2,1005,99.800528,99.8,99.8,24.592206,24.6,24.5,0,12.36978
2026/09/19 08:40:00.436,n,49.547644,1.511734,2.72,56,1004.9978,1005.1,1004.9,99.800528,99.8,99.8,24.661316,24.7,24.6,0,12.36978
2026/09/19 08:50:00.437,n,61.605228,1.711617,3.25,56,1004.9422,1005,1004.9,99.800528,99.8,99.8,24.784664,25,24.6,0,11.486222
2026/09/19 09:00:00.426,n,73.25384,2.07415,3.2,70,1005.0504,1005.1,1005,99.800528,99.8,99.8,25.003618,25.5,24.7,0,11.928
2026/09/19 09:10:00.423,n,61.117404,1.883284,3.19,57,1005.0418,1005.1,1005,99.80252,99.9,99.8,25.382092,25.7,25.1,0,11.633482
2026/09/19 09:20:00.426,n,43.571192,1.70875,3.12,47,1005.1088,1005.2,1005,99.800528,99.8,99.8,25.416098,25.5,25.3,0,12.664298
2026/09/19 09:30:00.425,n,44.072288,1.419866,2.6,36,1005.0976,1005.2,1005,99.800528,99.8,99.8,25.53878,26,25.4,0,12.07526
2026/09/19 09:40:00.426,n,57.558348,1.325517,2.23,57,1005.137,1005.2,1005.1,99.850472,99.9,99.8,26.096624,26.2,25.9,0,12.811556
2026/09/19 09:50:00.427,n,53.745976,1.01815,1.97,37,1005.1838,1005.2,1005.1,99.882232,99.9,99.8,26.311012,26.7,26,0,11.486222
2026/09/19 10:00:00.426,n,31.860816,0.950983,2.05,39,1005.111,1005.2,1005.1,99.89944,99.9,99.9,26.920004,27.1,26.7,0,11.191704
2026/09/19 10:10:00.432,n,62.507424,1.376533,2.54,55,1005.1018,1005.2,1005.1,99.898952,99.9,99.8,26.85217,27.1,26.6,0,11.486222
2026/09/19 10:20:00.432,n,55.214876,1.749351,2.92,79,1005.1086,1005.2,1005,99.89944,99.9,99.9,26.825312,27,26.7,0,11.191704
2026/09/19 10:30:00.438,n,56.687972,1.616799,2.57,62,1005.0536,1005.1,1005,99.89944,99.9,99.9,26.693998,26.9,26.6,0,11.338964
2026/09/19 10:40:00.426,n,47.397192,1.324401,2.34,47,1004.8958,1005,1004.8,99.89944,99.9,99.9,27.08035,27.2,26.8,0,11.044446
2026/09/19 10:50:00.426,n,49.32748,1.413099,2.19,56,1004.8208,1004.9,1004.7,99.89944,99.9,99.9,27.13932,27.2,27,0,12.22252
2026/09/19 11:00:00.427,n,55.317336,1.630082,2.69,54,1004.6928,1004.7,1004.6,99.89944,99.9,99.9,27.094802,27.5,26.9,0,11.338964
2026/09/19 11:10:00.425,n,56.42906,1.755866,3.06,53,1004.657,1004.7,1004.6,99.89944,99.9,99.9,27.28049,27.5,27,0,11.044446
2026/09/19 11:20:00.424,n,51.977724,1.8843,2.69,64,1004.498,1004.6,1004.4,99.89944,99.9,99.9,27.025048,27.2,26.9,0,11.338964
2026/09/19 11:30:00.428,n,42.807924,2.11645,2.77,27,1004.4006,1004.4,1004.4,99.89944,99.9,99.9,26.835742,26.9,26.8,0,11.044446
2026/09/19 11:40:00.425,n,42.680152,2.092034,2.78,76,1004.3464,1004.4,1004.2,99.89944,99.9,99.9,26.888058,27,26.8,0,11.338964
2026/09/19 11:50:00.426,n,35.972492,2.049399,2.65,39,1004.1838,1004.3,1004.1,99.89944,99.9,99.9,26.869218,26.9,26.8,0,11.928
2026/09/19 12:00:00.432,n,28.960732,1.836849,2.31,27,1004.0572,1004.1,1004,99.89944,99.9,99.9,26.836912,26.9,26.7,0,11.633482
2026/09/19 12:10:00.426,n,33.41357,1.622833,2.03,43,1003.9332,1004.1,1003.8,99.89944,99.9,99.9,26.96516,27.1,26.9,0,11.633482
2026/09/19 12:20:00.425,n,19.279358,1.864101,2.16,17,1003.712,1003.8,1003.6,99.89944,99.9,99.9,26.886176,27,26.8,0,11.633482
2026/09/19 12:30:00.425,n,16.488812,1.58535,2.02,30,1003.6956,1003.8,1003.7,99.89944,99.9,99.9,27.136468,27.5,27,0,11.633482
2026/09/19 12:40:00.427,n,359.38888,1.806716,2.22,357,1003.6284,1003.8,1003.5,99.89944,99.9,99.9,27.426596,27.6,27.3,0,11.928
2026/09/19 12:50:00.430,n,357.21196,1.83915,2.38,3,1003.4702,1003.5,1003.4,99.762352,100,96.2,27.371002,27.5,27.3,0,11.633482
2026/09/19 13:00:00.431,n,17.070852,1.918966,2.39,13,1003.3886,1003.5,1003.3,99.403824,100,95,27.401432,27.5,27.3,0,12.22252
2026/09/19 13:10:00.435,n,33.837144,1.890533,2.39,48,1003.2208,1003.3,1003.2,99.826016,100,97.8,27.557994,27.7,27.4,0,11.633482
2026/09/19 13:20:00.438,n,25.597228,1.604433,2.6,49,1003.246,1003.3,1003.2,99.89944,99.9,99.9,27.659108,27.7,27.5,0,11.338964
2026/09/19 13:30:00.424,n,21.150344,1.570567,2.25,29,1003.1156,1003.2,1003,99.846336,100,96.4,27.620956,27.8,27.5,0,11.486222
2026/09/19 13:40:00.422,n,15.112758,2.096199,2.64,3,1002.9184,1003,1002.8,99.843096,100,96.7,27.704724,27.8,27.6,0,11.338964
2026/09/19 13:50:00.424,n,16.509598,2.126833,2.62,6,1002.7932,1002.9,1002.6,99.89944,99.9,99.9,27.627534,27.7,27.5,0,11.191704
2026/09/19 14:00:00.425,n,21.67063,2.038683,2.47,23,1002.6286,1002.7,1002.5,99.90028,100,99.9,27.554518,27.7,27.5,0,11.486222
2026/09/19 14:10:00.423,n,15.024622,1.471101,1.95,16,1002.6002,1002.7,1002.6,99.900448,100,99.9,27.86804,28.1,27.6,0,11.633482
2026/09/19 14:20:00.423,n,13.035218,1.58765,2.24,13,1002.5032,1002.6,1002.4,99.89944,99.9,99.9,27.829176,27.9,27.7,0,11.486222
2026/09/19 14:30:00.427,n,25.678544,1.793884,2.56,30,1002.4398,1002.5,1002.3,99.89944,99.9,99.9,27.798404,27.9,27.7,0,12.07526
2026/09/19 14:40:00.430,n,21.981492,1.988866,2.68,15,1002.3472,1002.4,1002.3,99.896992,99.9,99.8,27.667198,27.8,27.5,0,11.338964
2026/09/19 14:50:00.433,n,8.848358,2.3512,3.02,7,1002.3716,1002.4,1002.3,99.896112,99.9,99.8,27.62961,27.8,27.5,0,11.633482
2026/09/19 15:00:00.438,n,4.485042,2.733451,3.75,352,1002.2916,1002.4,1002.2,99.884904,99.9,99.8,27.694078,27.8,27.6,0,11.044446
2026/09/19 15:10:00.426,n,350.87376,3.005432,4.57,353,1002.2936,1002.3,1002.2,99.898792,99.9,99.8,27.775464,27.9,27.7,0,11.044446
2026/09/19 15:20:00.424,n,342.25316,6.008417,9.23,334,1002.1644,1002.3,1002,99.885936,99.9,99.8,27.69129,27.8,27.4,0,11.633482
2026/09/19 15:30:00.425,n,335.35016,8.797832,10.34,332,1001.9664,1002.2,1001.8,99.81184,99.9,99.8,27.222066,27.5,27.1,0,11.633482
2026/09/19 15:40:00.425,n,334.36292,9.432748,11.35,339,1001.9952,1002.2,1001.8,99.805056,99.9,99.8,26.911344,27.1,26.8,0,11.486222
2026/09/19 15:50:00.428,n,335.06992,9.366138,11.19,338,1002.0942,1002.2,1002,99.800528,99.8,99.8,26.76765,26.8,26.6,0,11.633482
2026/09/19 16:00:00.427,n,338.8438,9.148884,11.03,338,1002.2584,1002.4,1002.2,99.800528,99.8,99.8,26.60326,26.7,26.5,0,11.633482
2026/09/19 16:10:00.431,n,339.57668,10.677088,12.45,338,1002.1454,1002.3,1002,99.800528,99.8,99.8,26.365922,26.5,26.2,0,11.633482
2026/09/19 16:20:00.433,n,339.28816,11.323502,13.16,337,1002.1912,1002.4,1001.9,99.800528,99.8,99.8,26.15874,26.3,26.1,0,11.633482
2026/09/19 16:30:00.437,n,339.17172,10.91503,12.75,339,1002.3888,1002.6,1002.2,99.800528,99.8,99.8,26.05215,26.1,26,0,11.486222
2026/09/19 16:40:00.428,n,339.20428,11.023668,12.83,337,1002.3884,1002.6,1002.2,99.800528,99.8,99.8,25.95079,26,25.8,0,11.338964
2026/09/19 16:50:00.431,n,338.43156,10.665586,12.38,339,1002.4296,1002.6,1002.3,99.800528,99.8,99.8,25.798128,25.9,25.7,0,11.338964
2026/09/19 17:00:00.428,n,336.22192,11.317098,13.4,336,1002.5362,1002.7,1002.3,99.800528,99.8,99.8,25.54357,25.7,25.4,0,11.191704
2026/09/19 17:10:00.427,n,336.42752,11.994984,14.12,335,1002.5386,1002.8,1002.3,99.800528,99.8,99.8,25.381662,25.5,25.3,0,11.044446
2026/09/19 17:20:00.426,n,336.65016,12.626902,15.42,332,1002.5474,1002.8,1002.3,99.800528,99.8,99.8,25.296886,25.4,25.2,0,11.191704
2026/09/19 17:30:00.426,n,336.15116,11.73894,13.72,342,1002.644,1002.8,1002.5,99.800528,99.8,99.8,25.292266,25.4,25.2,0,11.191704
2026/09/19 17:40:00.430,n,337.36976,12.173784,14.65,332,1002.562,1002.8,1002.3,99.800528,99.8,99.8,25.197406,25.3,25.1,0,11.191704
2026/09/19 17:50:00.433,n,336.21432,12.446302,14.43,333,1002.5596,1002.8,1002.4,99.801688,99.9,99.8,25.1952,25.3,25.1,0,11.191704
2026/09/19 18:00:00.437,n,336.68428,11.963686,14.24,330,1002.6822,1002.9,1002.5,99.800528,99.8,99.8,25.11137,25.2,25,0,11.044446
2026/09/19 18:10:00.428,n,337.32624,11.31997,13.23,337,1002.8742,1003.1,1002.7,99.800528,99.8,99.8,25.093524,25.1,25,0,11.191704
2026/09/19 18:20:00.426,n,337.75136,11.2878,15.78,339,1002.9774,1003.2,1002.7,99.816224,99.9,99.8,25.088208,25.2,25,0,11.191704
2026/09/19 18:30:00.431,n,336.15172,11.491264,13.36,331,1002.9176,1003.1,1002.8,99.8206,99.9,99.8,25.079092,25.2,25,0,11.044446
2026/09/19 18:40:00.427,n,335.34008,11.143786,14.2,329,1002.9966,1003.2,1002.8,99.83276,99.9,99.8,25.074094,25.1,25,0,11.044446
2026/09/19 18:50:00.426,n,335.00894,10.130668,12.38,329,1003.184,1003.4,1003,99.82724,99.9,99.8,25.030482,25.1,24.9,0,11.044446
2026/09/19 19:00:00.424,n,336.09712,10.013954,12.31,330,1003.2266,1003.4,1003.1,99.81164,99.9,99.8,24.996172,25.1,24.9,0,11.191704
2026/09/19 19:10:00.426,n,335.17108,10.958968,12.82,329,1003.1886,1003.4,1003,99.81204,99.9,99.8,24.950324,25,24.9,0,11.191704
2026/09/19 19:20:00.431,n,335.92412,10.626974,12.63,337,1003.3266,1003.5,1003.1,99.804456,99.9,99.8,24.941846,25,24.8,0,11.191704
2026/09/19 19:30:00.433,n,336.53812,10.8557,12.82,332,1003.2796,1003.4,1003.1,99.810992,99.9,99.8,24.969408,25,24.9,0,11.044446
2026/09/19 19:40:00.426,n,337.96352,10.569438,12.17,336,1003.2922,1003.5,1003.1,99.826464,99.9,99.8,24.91781,25,24.9,0,11.191704
2026/09/19 19:50:00.425,n,338.41836,10.16292,12,339,1003.2784,1003.5,1003.1,99.805184,99.9,99.8,24.895132,24.9,24.8,0,11.044446
2026/09/19 20:00:00.423,n,337.61932,10.796446,13.82,340,1003.213,1003.4,1003.1,99.81332,99.9,99.8,24.831062,24.9,24.8,0,10.749928
2026/09/19 20:10:00.430,n,337.95604,10.79726,12.44,335,1003.2864,1003.4,1003.1,99.804776,99.9,99.8,24.758866,24.9,24.7,0,11.044446
2026/09/19 20:20:00.434,n,337.39064,10.242672,12.13,333,1003.4724,1003.7,1003.3,99.8072,99.9,99.8,24.779244,24.8,24.7,0,11.044446
2026/09/19 20:30:00.427,n,334.33506,10.484586,12.54,335,1003.5134,1003.7,1003.3,99.835616,99.9,99.8,24.823954,24.9,24.7,0,11.044446
2026/09/19 20:40:00.425,n,334.43426,10.201848,12.08,334,1003.5346,1003.7,1003.3,99.845568,99.9,99.8,24.84252,24.9,24.8,0,10.749928
2026/09/19 20:50:00.429,n,334.83456,10.37576,12.05,326,1003.4316,1003.5,1003.3,99.864752,99.9,99.8,24.880818,24.9,24.8,0,11.044446
2026/09/19 21:00:00.432,n,334.9997,10.602616,14.78,342,1003.3786,1003.5,1003.1,99.855784,99.9,99.8,24.881054,24.9,24.8,0,11.191704
2026/09/19 21:10:00.426,n,334.32456,10.645128,12.48,333,1003.3142,1003.5,1003.2,99.850344,99.9,99.8,24.851702,24.9,24.8,0,11.044446
2026/09/19 21:20:00.426,n,335.81212,10.241852,12.44,335,1003.2146,1003.5,1003,99.838008,99.9,99.8,24.776974,24.9,24.7,0,10.897186
2026/09/19 21:30:00.424,n,339.49464,10.262632,11.99,341,1003.1122,1003.3,1002.9,99.807816,99.9,99.8,24.702576,24.8,24.6,0,11.044446
2026/09/19 21:40:00.427,n,340.9754,9.382852,12.02,337,1003.1664,1003.3,1003,99.80752,99.9,99.8,24.66242,24.8,24.6,0,11.044446
2026/09/19 21:50:00.435,n,341.26696,9.556684,11.35,344,1003.2066,1003.4,1003.1,99.800528,99.8,99.8,24.59093,24.7,24.5,0,11.044446
2026/09/19 22:00:00.427,n,341.63844,8.861752,11.13,337,1003.2212,1003.4,1003.1,99.800528,99.8,99.8,24.534832,24.6,24.5,0,11.044446
2026/09/19 22:10:00.426,n,342.15484,8.113783,10.17,341,1003.1722,1003.3,1003,99.800528,99.8,99.8,24.513318,24.6,24.4,0,11.044446
2026/09/19 22:20:00.427,n,341.66176,7.939266,10.36,341,1003.2264,1003.3,1003,99.800528,99.8,99.8,24.515668,24.6,24.5,0,11.044446
2026/09/19 22:30:00.430,n,342.44056,8.456962,10.24,333,1003.1324,1003.3,1003,99.800528,99.8,99.8,24.490834,24.6,24.4,0,11.044446
2026/09/19 22:40:00.426,n,340.96264,8.8282,10.94,338,1003.0454,1003.2,1002.9,99.800528,99.8,99.8,24.583028,24.7,24.5,0,11.044446
2026/09/19 22:50:00.426,n,334.52564,9.845054,12.46,329,1002.9444,1003.2,1002.7,99.800528,99.8,99.8,24.619366,24.7,24.5,0,10.897186
2026/09/19 23:00:00.426,n,334.27468,9.112662,11.85,335,1002.9596,1003.1,1002.8,99.800528,99.8,99.8,24.552978,24.7,24.5,0,11.044446
2026/09/19 23:10:00.430,n,334.41144,9.292762,11.32,336,1002.9472,1003.1,1002.8,99.800528,99.8,99.8,24.483232,24.6,24.4,0,11.044446
2026/09/19 23:20:00.431,n,332.44522,9.611478,11.76,325,1002.8928,1003.1,1002.8,99.800528,99.8,99.8,24.46815,24.6,24.4,0,10.897186
2026/09/19 23:30:00.437,n,332.38076,9.318602,11.52,331,1003.0398,1003.2,1002.7,99.800528,99.8,99.8,24.428594,24.5,24.4,0,10.749928
2026/09/19 23:40:00.440,n,335.18488,8.840418,11.22,337,1002.9828,1003.2,1002.8,99.800528,99.8,99.8,24.406782,24.5,24.4,0,10.897186
2026/09/19 23:50:00.426,n,333.63138,8.941878,10.87,328,1002.7296,1003,1002.5,99.800528,99.8,99.8,24.37031,24.5,24.3,0,10.897186
2026/09/20 00:00:00.432,n,333.20096,9.13428,10.63,332,1002.518,1002.7,1002.4,99.800528,99.8,99.8,24.298084,24.4,24.2,0,10.897186
2026/09/20 00:10:00.429,n,330.83402,9.22252,10.55,325,1002.399,1002.6,1002.2,99.800528,99.8,99.8,24.300408,24.4,24.2,0,11.044446
2026/09/20 00:20:00.428,n,333.21276,9.060004,10.9,331,1002.3262,1002.5,1002.2,99.800528,99.8,99.8,24.326254,24.5,24.2,0,10.602668
2026/09/20 00:30:00.427,n,328.1809,9.229738,11.41,325,1002.3414,1002.6,1002.1,99.800528,99.8,99.8,24.251192,24.4,24.1,0,10.897186
2026/09/20 00:40:00.427,n,324.17392,9.825318,11.75,321,1002.2276,1002.4,1002,99.800528,99.8,99.8,24.054106,24.2,23.9,0,10.897186
2026/09/20 00:50:00.428,n,327.65766,9.373362,11.7,324,1002.1188,1002.3,1001.9,99.800528,99.8,99.8,23.944276,24.1,23.9,0,10.897186
2026/09/20 01:00:00.433,n,329.12122,9.842458,11.89,338,1001.968,1002.1,1001.8,99.800528,99.8,99.8,23.949446,24.1,23.9,0,10.749928
2026/09/20 01:10:00.437,n,325.91198,9.283996,10.95,326,1001.8902,1002,1001.7,99.800528,99.8,99.8,23.999134,24.1,23.9,0,10.455408
2026/09/20 01:20:00.440,n,323.59284,9.05044,10.87,323,1001.8254,1001.9,1001.6,99.800528,99.8,99.8,24.12878,24.2,24,0,10.897186
2026/09/20 01:30:00.428,n,320.72692,8.992554,11.6,321,1001.7088,1001.9,1001.5,99.800528,99.8,99.8,24.176254,24.2,24.1,0,10.897186
2026/09/20 01:40:00.429,n,320.74618,8.450914,10.34,321,1001.7106,1001.8,1001.6,99.800528,99.8,99.8,24.241682,24.4,24.1,0,10.455408
2026/09/20 01:50:00.431,n,320.54446,7.81695,9.67,319,1001.8296,1002,1001.7,99.800528,99.8,99.8,24.123276,24.2,24.1,0,10.897186
2026/09/20 02:00:00.427,n,321.90612,6.924232,8.46,317,1002.0372,1002.2,1001.9,99.800528,99.8,99.8,24.196754,24.3,24.1,0,10.897186
2026/09/20 02:10:00.425,n,320.13138,7.934215,9.51,319,1001.9612,1002.1,1001.8,99.800528,99.8,99.8,24.243658,24.4,24.2,0,10.897186
2026/09/20 02:20:00.431,n,321.33264,7.258555,8.96,315,1001.988,1002.1,1001.8,99.800528,99.8,99.8,24.198756,24.4,23.9,0,10.897186
2026/09/20 02:30:00.434,n,329.52958,5.505948,7.58,320,1002.1526,1002.3,1002,99.78868,99.8,99.7,23.890006,24.1,23.6,0,10.897186
2026/09/20 02:40:00.436,n,339.36516,5.593302,6.75,342,1002.0992,1002.2,1002,99.74856,99.8,99.7,23.450182,23.6,23.2,0,10.897186
2026/09/20 02:50:00.438,n,356.88436,5.247314,6.95,353,1002.0964,1002.3,1002,99.726488,99.8,99.7,23.175648,23.4,22.9,0,10.897186
2026/09/20 03:00:00.425,n,43.184236,4.920583,7.01,27,1002.1966,1002.3,1002,99.708104,99.8,99.7,22.546242,22.9,22.3,0,10.897186
2026/09/20 03:10:00.422,n,26.015214,7.159234,8.32,29,1001.934,1002.1,1001.8,99.702304,99.8,99.7,22.349086,22.6,22,0,10.897186
2026/09/20 03:20:00.424,n,30.825998,8.0117,9.41,35,1001.8176,1002,1001.7,99.699472,99.7,99.7,21.878988,22.1,21.7,0,11.044446
2026/09/20 03:30:00.424,n,26.223766,8.755602,9.89,28,1001.6106,1001.8,1001.5,99.699472,99.7,99.7,21.61881,21.9,21.5,0,10.897186
2026/09/20 03:40:00.424,n,14.550074,8.080352,9.23,18,1001.5976,1001.7,1001.5,99.699472,99.7,99.7,21.74535,21.9,21.6,0,10.897186
2026/09/20 03:50:00.426,n,8.718026,6.973518,8.57,15,1001.5858,1001.7,1001.5,99.699472,99.7,99.7,21.694,21.8,21.6,0,10.897186
2026/09/20 04:00:00.428,n,353.1044,6.659368,8.21,348,1001.4296,1001.7,1001.2,99.699472,99.7,99.7,21.892432,22.1,21.7,0,10.897186
2026/09/20 04:10:00.435,n,353.97032,8.234699,11.22,357,1001.1398,1001.2,1001.1,99.699472,99.7,99.7,22.080162,22.3,21.9,0,10.602668
2026/09/20 04:20:00.436,n,352.81352,7.325452,8.76,354,1001.1994,1001.3,1001.1,99.699472,99.7,99.7,22.295782,22.5,22.2,0,10.897186
2026/09/20 04:30:00.440,n,344.18568,7.087099,9.41,342,1001.1254,1001.3,1000.9,99.699472,99.7,99.7,22.369584,22.5,22.3,0,10.897186
2026/09/20 04:40:00.428,n,340.93524,7.692106,10.23,345,1000.858,1001,1000.6,99.699472,99.7,99.7,22.446962,22.6,22.3,0,10.897186
2026/09/20 04:50:00.426,n,346.9528,8.727834,10.48,353,1000.7604,1000.9,1000.6,99.7408,99.8,99.7,22.827576,23,22.5,0,10.897186
2026/09/20 05:00:00.426,n,349.07312,8.875236,11.07,345,1000.8282,1000.9,1000.7,99.79816,99.8,99.7,22.962674,23.1,22.9,0,10.455408
2026/09/20 05:10:00.426,n,355.19812,7.879848,9.52,351,1000.702,1000.9,1000.5,99.794096,99.8,99.7,23.045966,23.2,23,0,10.897186
2026/09/20 05:20:00.441,n,355.26008,7.268265,9.05,357,1000.6256,1000.8,1000.5,99.767696,99.8,99.7,23.113102,23.3,23,0,10.897186
2026/09/20 05:30:00.429,n,347.60676,8.86565,11.14,345,1000.3054,1000.5,1000,99.799032,99.8,99.7,23.36777,23.5,23.2,0,10.897186
2026/09/20 05:40:00.433,n,345.32704,9.492248,11.56,338,1000.122,1000.2,1000,99.800528,99.8,99.8,23.427752,23.5,23.3,0,10.897186
2026/09/20 05:50:00.437,n,346.87792,8.653868,10.16,344,1000.1574,1000.3,1000.1,99.795536,99.8,99.7,23.358996,23.5,23.3,0,10.897186
2026/09/20 06:00:00.441,n,347.7546,8.621164,10,348,1000.1718,1000.3,1000.1,99.798664,99.8,99.7,23.341174,23.5,23.2,0,10.897186
2026/09/20 06:10:00.429,n,348.03832,8.314816,9.78,348,1000.2088,1000.3,1000.1,99.800528,99.8,99.8,23.38557,23.5,23.3,0,10.455408
2026/09/20 06:20:00.426,n,346.044,8.301001,9.59,341,1000.1732,1000.3,1000.1,99.799512,99.8,99.7,23.345274,23.5,23.2,0,10.897186
2026/09/20 06:30:00.427,n,343.96588,8.432118,10.81,340,1000.0312,1000.2,999.8,99.78028,99.8,99.7,23.234998,23.3,23.2,0,10.897186
2026/09/20 06:40:00.425,n,341.61668,9.154406,11.99,345,999.86624,1000,999.7,99.773728,99.8,99.7,23.273964,23.4,23.2,0,10.897186
2026/09/20 06:50:00.424,n,339.9944,10.163084,12.33,340,999.69896,999.9,999.5,99.779864,99.8,99.7,23.23841,23.4,23.1,0,10.897186
2026/09/20 07:00:00.428,n,337.55204,9.856454,11.55,333,999.67624,999.9,999.5,99.792168,99.8,99.7,23.234174,23.4,23.1,0,10.897186
2026/09/20 07:10:00.433,n,336.6184,10.073216,12.63,334,999.59992,999.8,999.4,99.798496,99.8,99.7,23.274348,23.4,23.2,0,11.044446
2026/09/20 07:20:00.436,n,336.80308,10.378836,12.83,333,999.18248,999.5,998.8,99.80036,99.8,99.7,23.257348,23.4,23.2,0,11.044446
2026/09/20 07:30:00.440,n,336.97676,10.346918,13.41,346,998.94296,999.1,998.8,99.792408,99.8,99.7,23.25413,23.4,23.2,0,11.191704
2026/09/20 07:40:00.426,n,337.33976,10.601644,12.52,335,998.86552,999.1,998.7,99.800528,99.8,99.8,23.340174,23.6,23.2,0,11.191704
2026/09/20 07:50:00.426,n,339.3936,10.110108,13,337,998.89176,999.1,998.6,99.800528,99.8,99.8,23.318174,23.4,23.2,0,11.338964
2026/09/20 08:00:00.428,n,339.99288,10.105936,13.13,347,998.95656,999.2,998.7,99.800016,99.8,99.7,23.401832,23.5,23.3,0,11.338964
2026/09/20 08:10:00.427,n,338.98028,10.02935,12.7,331,998.96792,999.1,998.8,99.800528,99.8,99.8,23.606486,23.8,23.5,0,11.191704
2026/09/20 08:20:00.426,n,336.55324,11.280744,14.31,340,998.92704,999.1,998.7,99.800528,99.8,99.8,23.696748,23.8,23.6,0,11.486222
2026/09/20 08:30:00.431,n,334.8982,11.442872,14.37,331,998.96608,999.2,998.7,99.800528,99.8,99.8,23.777928,23.9,23.6,0,11.486222
2026/09/20 08:40:00.433,n,335.10468,12.506686,15.03,327,998.76016,999,998.6,99.800528,99.8,99.8,23.810086,23.9,23.7,0,11.633482
2026/09/20 08:50:00.437,n,334.292,11.936882,14.57,329,998.81976,999.1,998.5,99.800528,99.8,99.8,23.767934,23.9,23.6,0,11.633482
2026/09/20 09:00:00.443,n,335.08206,12.242934,16.05,324,998.71448,999.1,998.4,99.800528,99.8,99.8,23.754344,23.9,23.6,0,11.633482
2026/09/20 09:10:00.427,n,335.15374,12.621084,15.39,337,998.6204,998.9,998.3,99.800528,99.8,99.8,23.699838,23.8,23.6,0,11.633482
2026/09/20 09:20:00.428,n,333.34814,12.301456,14.94,335,998.64208,998.8,998.4,99.800528,99.8,99.8,23.66285,23.8,23.6,0,11.633482
2026/09/20 09:30:00.427,n,334.28686,11.684148,14.53,338,998.6748,998.9,998.5,99.800528,99.8,99.8,23.652704,23.8,23.6,0,11.633482
2026/09/20 09:40:00.426,n,337.41264,11.499324,13.73,335,998.74728,999,998.5,99.801176,99.9,99.8,23.682748,23.8,23.6,0,11.633482
2026/09/20 09:50:00.427,n,337.1528,11.853334,14.95,339,998.73392,999,998.4,99.81176,99.9,99.8,23.830224,23.9,23.7,0,11.633482
2026/09/20 10:00:00.428,n,338.13596,12.20008,15.12,342,998.59744,998.8,998.3,99.819728,99.9,99.8,23.901586,24,23.8,0,11.928
2026/09/20 10:10:00.430,n,337.86528,11.7103,14.25,341,998.64736,998.8,998.4,99.818096,99.9,99.8,24.027926,24.2,23.9,0,11.633482
2026/09/20 10:20:00.434,n,335.14966,12.534782,14.92,331,998.4744,998.8,998.3,99.820168,99.9,99.8,24.064702,24.2,24,0,11.633482
2026/09/20 10:30:00.439,n,336.30568,12.2035,15.48,346,998.46856,998.7,998.2,99.831832,99.9,99.8,24.153568,24.3,24,0,12.07526
2026/09/20 10:40:00.427,n,334.3379,11.247968,15.99,330,998.37888,998.6,998,99.847048,99.9,99.8,24.204428,24.3,24.1,0,12.07526
2026/09/20 10:50:00.426,n,334.87388,11.077334,14.36,333,998.29864,998.5,998,99.846888,99.9,99.8,24.261158,24.4,24.2,0,12.07526
2026/09/20 11:00:00.426,n,334.94596,10.912534,13.67,333,998.17352,998.4,997.9,99.841032,99.9,99.8,24.325676,24.5,24.2,0,11.633482
2026/09/20 11:10:00.427,n,334.94046,10.184886,15.01,342,998.1452,998.3,997.9,99.86288,99.9,99.8,24.3949,24.5,24.2,0,12.07526
2026/09/20 11:20:00.428,n,334.58112,10.460036,13.14,342,998.0792,998.2,997.9,99.87172,99.9,99.8,24.487642,24.6,24.4,0,12.664298
2026/09/20 11:30:00.428,n,332.51296,10.818104,15.1,346,997.89656,998.2,997.6,99.865352,99.9,99.8,24.543232,24.6,24.5,0,12.517038
2026/09/20 11:40:00.431,n,332.85568,10.385718,12.59,331,997.72616,998,997.6,99.858696,99.9,99.8,24.612836,24.8,24.5,0,12.664298
2026/09/20 11:50:00.436,n,330.3197,10.192868,13.65,335,997.63592,997.8,997.4,99.87872,99.9,99.8,24.750488,24.8,24.7,0,12.664298
2026/09/20 12:00:00.439,n,332.35642,10.377134,13.13,331,997.30752,997.6,997,99.859872,99.9,99.8,24.71638,24.8,24.6,0,12.07526
2026/09/20 12:10:00.427,n,330.17524,10.491434,12.67,332,997.08904,997.4,996.7,99.846992,99.9,99.8,24.832846,25,24.8,0,12.22252
2026/09/20 12:20:00.432,n,333.66824,10.275238,13.44,328,996.82192,997,996.6,99.882016,99.9,99.8,24.942646,25.1,24.8,0,11.486222
2026/09/20 12:30:00.428,n,333.9783,10.068406,12.63,336,996.82048,997,996.6,99.879976,99.9,99.8,25.030686,25.1,24.9,0,11.633482
2026/09/20 12:40:00.426,n,333.16412,9.74208,11.52,328,996.774,996.9,996.6,99.88856,99.9,99.8,25.10321,25.2,25,0,11.633482
2026/09/20 12:50:00.425,n,331.5885,9.903022,13.89,328,996.64104,996.8,996.2,99.874952,99.9,99.8,25.129588,25.2,25,0,11.633482
2026/09/20 13:00:00.428,n,330.55004,11.292638,13.6,327,996.29424,996.6,995.9,99.88416,99.9,99.8,25.164496,25.2,25.1,0,11.928
2026/09/20 13:10:00.429,n,328.25524,10.712478,12.97,335,996.03104,996.3,995.8,99.842352,99.9,99.8,25.186918,25.3,25.1,0,11.633482
2026/09/20 13:20:00.433,n,329.64608,11.784768,17.01,340,995.65184,995.9,995.4,99.848368,99.9,99.8,25.145402,25.3,25.1,0,12.07526
2026/09/20 13:30:00.437,n,330.2134,12.40282,14.91,324,995.36952,995.6,995,99.844536,99.9,99.8,25.122724,25.2,25.1,0,11.633482
2026/09/20 13:40:00.424,n,331.97482,11.7941,14.55,327,995.15624,995.4,995,99.814184,99.9,99.8,25.187768,25.3,25.1,0,11.633482
2026/09/20 13:50:00.427,n,331.90824,11.510516,14.13,333,995.11208,995.3,994.8,99.822384,99.9,99.8,25.20849,25.3,25.1,0,11.633482
2026/09/20 14:00:00.428,n,330.9105,11.60505,14.04,326,995.0096,995.3,994.8,99.800528,99.8,99.8,25.12504,25.2,25,0,11.633482
2026/09/20 14:10:00.427,n,331.82836,12.003598,14.35,334,994.94576,995.2,994.7,99.800528,99.8,99.8,25.09936,25.2,25,0,12.22252
2026/09/20 14:20:00.426,n,331.90488,11.163238,14.81,324,994.97712,995.1,994.8,99.800528,99.8,99.8,25.106262,25.2,25,0,11.633482
2026/09/20 14:30:00.426,n,331.53794,12.810682,16.3,322,994.59072,995,994.3,99.800528,99.8,99.8,25.012166,25.1,24.9,0,11.633482
2026/09/20 14:40:00.429,n,332.28034,13.989382,17.92,329,994.1448,994.6,993.8,99.800528,99.8,99.8,24.969442,25.1,24.9,0,11.633482
2026/09/20 14:50:00.432,n,329.03372,14.075146,17.56,330,993.97848,994.3,993.6,99.800528,99.8,99.8,24.992898,25.1,24.9,0,11.338964
2026/09/20 15:00:00.437,n,331.18252,13.741826,16.75,325,993.94088,994.2,993.6,99.800528,99.8,99.8,24.957688,25,24.9,0,11.633482
2026/09/20 15:10:00.427,n,329.50702,13.383916,16.96,328,994.04272,994.3,993.8,99.800528,99.8,99.8,24.931484,25,24.8,0,11.633482
2026/09/20 15:20:00.427,n,331.3605,11.90651,15.18,335,994.24008,994.5,994,99.800528,99.8,99.8,24.891408,25,24.8,0,12.07526
2026/09/20 15:30:00.428,n,331.66434,12.499768,15.26,325,994.1972,994.5,994,99.800528,99.8,99.8,24.83968,24.9,24.8,0,11.633482
2026/09/20 15:40:00.427,n,331.65824,11.675772,14.36,337,994.27864,994.5,994.1,99.800528,99.8,99.8,24.856056,24.9,24.8,0,11.633482
2026/09/20 15:50:00.426,n,329.20556,11.788352,14.48,323,994.1844,994.5,993.8,99.800528,99.8,99.8,24.871054,25,24.8,0,11.486222
2026/09/20 16:00:00.428,n,331.79212,12.659406,15.21,327,993.84688,994.1,993.5,99.800528,99.8,99.8,24.902114,25,24.8,0,11.191704
2026/09/20 16:10:00.429,n,331.00232,12.998686,15.89,330,993.54616,993.8,993.3,99.800528,99.8,99.8,24.88841,25,24.8,0,11.486222
2026/09/20 16:20:00.432,n,332.0902,12.234104,15.49,323,993.61704,993.9,993.4,99.800528,99.8,99.8,24.885598,25,24.8,0,11.191704
2026/09/20 16:30:00.437,n,333.686,11.916432,15.3,326,993.69888,993.9,993.4,99.800528,99.8,99.8,24.878066,25,24.8,0,11.191704
2026/09/20 16:40:00.429,n,332.37142,12.620654,15.85,327,993.63472,993.9,993.4,99.800528,99.8,99.8,24.8149,24.9,24.8,0,11.338964
2026/09/20 16:50:00.427,n,333.74366,12.220166,15.35,323,993.61584,993.8,993.4,99.800192,99.8,99.7,24.78362,24.9,24.7,0,11.191704
2026/09/20 17:00:00.433,n,332.04406,11.598778,13.88,332,993.72072,994,993.5,99.800528,99.8,99.8,24.791568,24.9,24.7,0,11.044446
2026/09/20 17:10:00.427,n,330.25858,12.125396,14.83,330,993.75736,994,993.5,99.800528,99.8,99.8,24.740844,24.9,24.7,0,11.191704
2026/09/20 17:20:00.426,n,327.50812,12.381182,15.17,334,993.7304,993.9,993.5,99.800528,99.8,99.8,24.723568,24.8,24.6,0,11.191704
2026/09/20 17:30:00.426,n,331.72068,12.234356,14.93,332,993.58032,993.8,993.3,99.800528,99.8,99.8,24.709268,24.8,24.6,0,11.191704
2026/09/20 17:40:00.428,n,332.09678,12.168012,14.95,327,993.7264,994,993.5,99.800528,99.8,99.8,24.698584,24.8,24.6,0,11.191704
2026/09/20 17:50:00.430,n,332.29434,12.458942,15.15,331,993.76104,994,993.5,99.800528,99.8,99.8,24.644986,24.8,24.6,0,10.897186
2026/09/20 18:00:00.433,n,333.86236,12.159016,14.54,332,993.63344,993.9,993.4,99.800528,99.8,99.8,24.649094,24.7,24.5,0,10.897186
2026/09/20 18:10:00.428,n,333.94614,12.483896,15.36,334,993.43488,993.6,993.2,99.800528,99.8,99.8,24.653398,24.7,24.6,0,11.191704
2026/09/20 18:20:00.425,n,332.74366,12.373088,15.05,329,993.384,993.6,993.2,99.800528,99.8,99.8,24.539952,24.6,24.5,0,11.191704
2026/09/20 18:30:00.431,n,332.45092,12.38731,15.61,326,993.37632,993.7,993.1,99.800528,99.8,99.8,24.512316,24.6,24.4,0,11.191704
2026/09/20 18:40:00.433,n,334.64196,12.105656,14.18,329,993.4396,993.7,993.3,99.800528,99.8,99.8,24.537758,24.6,24.5,0,11.191704
2026/09/20 18:50:00.428,n,335.63548,12.044106,14.95,332,993.47008,993.7,993.2,99.800528,99.8,99.8,24.599782,24.7,24.5,0,11.044446
2026/09/20 19:00:00.427,n,337.50188,11.286698,14.13,339,993.59104,993.7,993.4,99.800528,99.8,99.8,24.581926,24.7,24.5,0,11.044446
2026/09/20 19:10:00.427,n,336.65996,11.82582,13.99,333,993.5104,993.7,993.3,99.800528,99.8,99.8,24.575048,24.7,24.5,0,11.044446
2026/09/20 19:20:00.428,n,337.06188,10.348568,12.81,330,993.68448,993.9,993.5,99.800528,99.8,99.8,24.602056,24.7,24.5,0,10.749928
2026/09/20 19:30:00.432,n,337.56436,9.926302,12.24,336,993.76176,993.9,993.6,99.800528,99.8,99.8,24.598714,24.7,24.5,0,10.749928
2026/09/20 19:40:00.429,n,336.16496,10.202648,12.31,333,993.8252,994,993.6,99.800528,99.8,99.8,24.598382,24.7,24.5,0,10.897186
2026/09/20 19:50:00.428,n,334.26682,10.204644,12.5,331,993.98104,994.2,993.7,99.800528,99.8,99.8,24.629818,24.7,24.6,0,11.044446
2026/09/20 20:00:00.427,n,334.69172,9.351936,12.39,329,994.2752,994.5,994,99.800528,99.8,99.8,24.62394,24.7,24.6,0,10.897186
2026/09/20 20:10:00.430,n,334.25942,9.235582,11.5,331,994.37272,994.5,994.2,99.800528,99.8,99.8,24.63599,24.7,24.6,0,11.044446
2026/09/20 20:20:00.434,n,333.02018,9.271688,11.82,335,994.2836,994.4,994.1,99.800528,99.8,99.8,24.64451,24.7,24.6,0,11.191704
2026/09/20 20:30:00.426,n,332.0119,9.89535,12.05,330,994.0596,994.2,993.9,99.800528,99.8,99.8,24.651058,24.7,24.6,0,11.044446
2026/09/20 20:40:00.425,n,334.108,9.094564,11.53,333,993.97672,994.2,993.8,99.800528,99.8,99.8,24.606204,24.7,24.5,0,10.749928
2026/09/20 20:50:00.428,n,332.45718,8.556562,11.17,333,993.9288,994.1,993.7,99.800528,99.8,99.8,24.606438,24.7,24.5,0,11.191704
2026/09/20 21:00:00.431,n,333.06704,8.608884,10.96,333,993.79448,994,993.5,99.795616,99.8,99.7,24.595098,24.7,24.5,0,11.044446
2026/09/20 21:10:00.426,n,333.95572,8.675862,10.78,328,993.59184,993.7,993.4,99.800528,99.8,99.8,24.623916,24.8,24.5,0,11.044446
2026/09/20 21:20:00.427,n,332.62818,8.877704,10.66,323,993.46416,993.6,993.3,99.800528,99.8,99.8,24.539872,24.6,24.5,0,11.044446
2026/09/20 21:30:00.427,n,335.29736,9.393826,11.77,333,993.35168,993.5,993.2,99.800528,99.8,99.8,24.513978,24.6,24.5,0,11.044446
2026/09/20 21:40:00.429,n,337.9166,9.478436,11,327,993.30184,993.4,993.2,99.800528,99.8,99.8,24.439484,24.6,24.3,0,11.044446
2026/09/20 21:50:00.434,n,337.86948,9.419176,10.93,335,993.13696,993.4,993,99.800528,99.8,99.8,24.344222,24.4,24.3,0,11.044446
2026/09/20 22:00:00.426,n,336.98488,10.242618,12.02,343,992.866,993.1,992.7,99.800528,99.8,99.8,24.30637,24.4,24.3,0,11.044446
2026/09/20 22:10:00.427,n,338.50828,10.505484,12.44,337,992.7148,992.9,992.5,99.800528,99.8,99.8,24.306068,24.4,24.2,0,10.897186
2026/09/20 22:20:00.431,n,336.56792,11.400794,13.87,329,992.41176,992.6,992.2,99.800528,99.8,99.8,24.22989,24.4,24.1,0,11.044446
2026/09/20 22:30:00.433,n,338.19452,11.350118,18.03,342,992.24984,992.5,992,99.800528,99.8,99.8,24.159384,24.2,24.1,0,11.044446
2026/09/20 22:40:00.428,n,339.70652,10.368298,12.65,339,992.29416,992.4,992.1,99.800528,99.8,99.8,24.124974,24.2,24,0,11.044446
2026/09/20 22:50:00.426,n,337.22848,10.358632,12.88,328,992.22272,992.4,992.1,99.800528,99.8,99.8,24.144936,24.2,24.1,0,11.044446
2026/09/20 23:00:00.430,n,337.57368,10.379922,12.56,339,992.16624,992.3,992,99.800528,99.8,99.8,24.063954,24.1,24,0,10.749928
2026/09/20 23:10:00.426,n,335.7234,10.13127,12.53,337,992.16024,992.3,992,99.800528,99.8,99.8,24.04756,24.1,24,0,11.044446
2026/09/20 23:20:00.425,n,337.2906,9.638216,11.3,343,992.17576,992.4,992,99.800528,99.8,99.8,24.060054,24.2,24,0,10.749928
2026/09/20 23:30:00.427,n,338.67224,10.442384,12.56,345,992.0236,992.3,991.8,99.800528,99.8,99.8,24.11229,24.2,24,0,11.044446
2026/09/20 23:40:00.427,n,338.46252,10.897786,13.07,343,991.82664,992.1,991.5,99.800528,99.8,99.8,24.118468,24.2,24,0,11.044446
2026/09/20 23:50:00.429,n,338.71344,11.060928,13.59,336,991.65608,991.9,991.4,99.800528,99.8,99.8,24.148316,24.2,24.1,0,10.897186
2026/09/21 00:00:00.433,n,338.01144,11.782632,14.89,338,991.40256,991.7,991.1,99.800528,99.8,99.8,24.162784,24.3,24.1,0,10.897186
2026/09/21 00:10:00.429,n,337.66884,12.78407,16.16,338,991.24096,991.7,990.9,99.800528,99.8,99.8,24.125084,24.2,24,0,11.044446
2026/09/21 00:20:00.427,n,339.19644,12.3077,14.63,341,991.19344,991.4,991,99.800528,99.8,99.8,24.02033,24.1,23.9,0,11.044446
2026/09/21 00:30:00.426,n,339.02768,11.617086,14.53,337,991.44584,991.7,991.2,99.800528,99.8,99.8,23.977558,24.1,23.9,0,11.044446
2026/09/21 00:40:00.432,n,342.51552,11.518902,14.06,343,991.4976,991.7,991.2,99.800528,99.8,99.8,23.904912,24,23.8,0,10.897186
2026/09/21 00:50:00.435,n,345.3568,10.657724,13.31,342,991.43592,991.6,991.3,99.800528,99.8,99.8,23.866352,24,23.7,0,10.897186
2026/09/21 01:00:00.426,n,347.73152,10.102098,11.85,346,991.40304,991.6,991.2,99.800528,99.8,99.8,23.82409,23.9,23.8,0,10.897186
2026/09/21 01:10:00.425,n,345.08492,10.101312,12.97,344,991.3872,991.6,991.2,99.798496,99.8,99.7,23.910388,24,23.8,0,10.897186
2026/09/21 01:20:00.429,n,346.134,10.06675,13.73,345,991.36496,991.6,991.1,99.797992,99.8,99.7,23.851902,24,23.8,0,10.455408
2026/09/21 01:30:00.431,n,345.3416,9.942322,11.46,344,991.38016,991.5,991.2,99.792736,99.8,99.7,23.823516,23.9,23.7,0,10.897186
2026/09/21 01:40:00.428,n,344.63152,9.82058,11.27,344,991.29272,991.4,991.1,99.7858,99.8,99.7,23.794648,23.9,23.7,0,10.897186
2026/09/21 01:50:00.426,n,341.2166,9.207434,11.31,337,991.22728,991.4,991.1,99.783464,99.8,99.7,23.816506,23.9,23.7,0,10.897186
2026/09/21 02:00:00.431,n,333.56784,9.435522,12.04,330,991.0836,991.3,990.8,99.786312,99.8,99.7,23.847064,23.9,23.8,0,10.602668
2026/09/21 02:10:00.431,n,335.80056,10.555304,12.45,331,990.86056,991,990.6,99.782296,99.8,99.7,23.83156,24,23.7,0,10.897186
2026/09/21 02:20:00.433,n,333.14172,11.290572,14.91,328,990.60584,990.8,990.3,99.747624,99.8,99.7,23.800566,23.9,23.7,0,10.897186
2026/09/21 02:30:00.426,n,337.05296,10.604682,12.82,331,990.89504,991.2,990.6,99.757824,99.8,99.7,23.809742,23.9,23.7,0,10.897186
2026/09/21 02:40:00.428,n,338.72384,9.594288,11.46,338,991.1692,991.3,991,99.768272,99.8,99.7,23.794984,23.9,23.6,0,10.455408
2026/09/21 02:50:00.426,n,343.86156,9.049866,11.38,334,991.01696,991.3,990.8,99.710128,99.8,99.7,23.698266,23.8,23.6,0,10.897186
2026/09/21 03:00:00.432,n,341.45268,9.124584,10.71,338,990.75376,991,990.4,99.700968,99.8,99.7,23.660584,23.8,23.5,0,10.602668
2026/09/21 03:10:00.426,n,336.63216,10.267082,13.2,331,990.3608,990.6,990.1,99.699472,99.7,99.7,23.62425,23.7,23.5,0,10.897186
2026/09/21 03:20:00.426,n,337.14964,10.36338,12.56,336,990.31368,990.5,990,99.701,99.8,99.7,23.679208,23.9,23.6,0,10.897186
2026/09/21 03:30:00.427,n,338.39004,9.8901,11.75,336,990.2164,990.4,990.1,99.705736,99.8,99.7,23.77882,23.9,23.7,0,10.897186
2026/09/21 03:40:00.428,n,336.84364,9.710638,11.69,332,990.10288,990.3,990,99.773528,99.8,99.7,23.895936,24,23.7,0,10.897186
2026/09/21 03:50:00.433,n,345.45276,9.48255,12.87,353,989.96136,990.2,989.6,99.763184,99.8,99.7,23.957066,24.2,23.8,0,10.897186
2026/09/21 04:00:00.428,n,352.6522,12.593526,15.46,353,989.56528,989.9,989.3,99.800528,99.8,99.8,24.25917,24.4,24.1,0,10.897186
2026/09/21 04:10:00.425,n,345.72164,12.636202,14.73,348,989.70648,990,989.3,99.800528,99.8,99.8,24.220898,24.3,24.2,0,10.897186
2026/09/21 04:20:00.428,n,348.59676,11.502122,13.89,353,989.58688,989.8,989.4,99.79632,99.8,99.7,24.223382,24.3,24.1,0,10.897186
2026/09/21 04:30:00.431,n,339.4124,10.150716,13.31,347,989.46832,989.7,989.3,99.798328,99.8,99.7,24.248892,24.3,24.2,0,10.897186
2026/09/21 04:40:00.426,n,336.82788,9.397554,11.74,337,989.31832,989.6,989.1,99.800528,99.8,99.8,24.232668,24.3,24.1,0,10.455408
2026/09/21 04:50:00.425,n,333.439,9.039248,11.06,333,989.27416,989.5,989,99.7858,99.8,99.7,23.991532,24.1,23.8,0,10.897186
2026/09/21 05:00:00.429,n,332.80256,8.459044,10.2,328,989.2876,989.5,989.1,99.789264,99.8,99.7,23.915932,24,23.9,0,10.308148
2026/09/21 05:10:00.427,n,337.03816,7.557167,8.89,336,989.4468,989.6,989.3,99.776112,99.8,99.7,24.044246,24.2,24,0,10.897186
2026/09/21 05:20:00.431,n,334.9206,7.567471,9.22,333,989.60216,989.7,989.4,99.788072,99.8,99.7,24.0939,24.2,24,0,10.897186
2026/09/21 05:30:00.438,n,333.2239,8.931784,10.7,331,989.49784,989.6,989.3,99.797656,99.8,99.7,24.065346,24.1,24,0,10.749928
2026/09/21 05:40:00.427,n,333.40704,8.816918,10.62,336,989.62304,989.7,989.5,99.796632,99.8,99.7,24.102876,24.2,24.1,0,10.455408
2026/09/21 05:50:00.426,n,336.59352,8.87638,10.5,338,989.61096,989.7,989.5,99.784112,99.8,99.7,24.123994,24.2,24.1,0,10.897186
2026/09/21 06:00:00.430,n,336.32176,8.893744,10.13,335,989.5972,989.7,989.5,99.800024,99.8,99.7,24.182442,24.3,24.1,0,10.897186
2026/09/21 06:10:00.426,n,337.48208,8.290679,9.66,336,989.56016,989.7,989.5,99.800528,99.8,99.8,24.261138,24.4,24.2,0,10.897186
2026/09/21 06:20:00.426,n,331.40336,8.537266,10.43,329,989.44824,989.6,989.3,99.796632,99.8,99.7,24.312662,24.4,24.2,0,10.897186
2026/09/21 06:30:00.425,n,332.27826,9.23535,10.97,330,989.2896,989.4,989.2,99.799688,99.8,99.7,24.309922,24.4,24.2,0,11.044446
2026/09/21 06:40:00.426,n,335.6308,9.361334,10.95,329,989.3296,989.6,989.2,99.792488,99.8,99.7,24.397092,24.5,24.3,0,10.897186
2026/09/21 06:50:00.432,n,337.72652,9.00462,10.65,340,989.55512,989.7,989.4,99.788376,99.8,99.7,24.50695,24.6,24.4,0,11.044446
2026/09/21 07:00:00.435,n,335.24988,9.506302,11.49,331,989.53544,989.7,989.3,99.78876,99.8,99.7,24.452972,24.6,24.4,0,11.191704
2026/09/21 07:10:00.439,n,331.39752,9.64048,12.41,329,989.3968,989.5,989.2,99.774176,99.8,99.7,24.433364,24.5,24.4,0,11.191704
2026/09/21 07:20:00.426,n,331.5817,9.202502,10.66,326,989.4412,989.6,989.3,99.7662,99.8,99.7,24.5594,24.7,24.5,0,11.191704
2026/09/21 07:30:00.430,n,333.90174,9.378372,10.84,331,989.69104,989.9,989.5,99.788768,99.8,99.7,24.64403,24.7,24.6,0,11.191704
2026/09/21 07:40:00.427,n,337.61812,9.719836,11.69,335,989.69624,989.8,989.6,99.800528,99.8,99.8,24.742844,24.9,24.7,0,11.191704
2026/09/21 07:50:00.429,n,338.4232,9.362034,12.49,345,989.5948,989.8,989.3,99.800528,99.8,99.8,24.954128,25.2,24.8,0,11.191704
2026/09/21 08:00:00.427,n,347.03068,12.738022,17.16,349,989.17776,989.4,988.7,99.800528,99.8,99.8,25.355548,25.4,25.2,0,11.338964
2026/09/21 08:10:00.425,n,336.06268,10.432004,15.07,345,989.37528,989.6,988.9,99.797312,99.8,99.7,25.042138,25.5,24.8,0,11.191704
2026/09/21 08:20:00.429,n,327.27192,10.6347,14.28,331,989.28496,989.6,989,99.794104,99.8,99.7,24.87857,25,24.8,0,11.633482
2026/09/21 08:30:00.434,n,327.38198,11.53311,13.67,326,989.04896,989.3,988.8,99.793688,99.8,99.7,24.925224,25,24.8,0,12.22252
2026/09/21 08:40:00.441,n,327.68338,11.582268,14.96,324,988.98232,989.2,988.7,99.798496,99.8,99.7,25.030338,25.1,24.9,0,11.633482
2026/09/21 08:50:00.440,n,328.85046,11.346468,14.43,324,989.04856,989.2,988.9,99.786312,99.8,99.7,25.112542,25.2,25,0,11.928
2026/09/21 09:00:00.431,n,328.38436,11.502706,15.13,325,989.06056,989.3,988.8,99.797368,99.8,99.7,25.181368,25.3,25,0,12.07526
2026/09/21 09:10:00.428,n,330.55166,12.356624,15.83,331,988.89072,989.1,988.6,99.800528,99.8,99.8,25.290326,25.4,25.2,0,11.633482
2026/09/21 09:20:00.428,n,331.11268,13.060716,15.57,328,988.78896,989,988.6,99.800528,99.8,99.8,25.381976,25.5,25.3,0,12.36978
2026/09/21 09:30:00.427,n,328.98904,13.070366,16.63,324,988.74272,989,988.4,99.79528,99.8,99.7,25.299714,25.4,25.2,0,12.517038
2026/09/21 09:40:00.428,n,328.02792,13.815128,17.3,326,988.60688,988.9,988.3,99.794096,99.8,99.7,25.321328,25.4,25.2,0,11.633482
2026/09/21 09:50:00.426,n,329.85492,14.29835,17.24,324,988.57944,988.9,988.3,99.800528,99.8,99.8,25.400248,25.5,25.3,0,12.664298
2026/09/21 10:00:00.430,n,332.64594,13.940824,17.12,329,988.53904,988.8,988.2,99.797992,99.8,99.7,25.32896,25.4,25.3,0,12.22252
2026/09/21 10:10:00.434,n,333.93848,13.317438,17.21,328,988.5724,988.8,988.3,99.799,99.8,99.7,25.38935,25.6,25.3,0,12.958816
2026/09/21 10:20:00.440,n,333.77836,12.625154,15.69,333,988.61176,988.8,988.4,99.800528,99.8,99.8,25.486978,25.6,25.4,0,12.22252
2026/09/21 10:30:00.428,n,331.77894,13.210504,16.6,328,988.45152,988.7,988.2,99.800528,99.8,99.8,25.505394,25.6,25.4,0,11.928
2026/09/21 10:40:00.428,n,335.18488,13.021206,15.82,323,988.36512,988.6,988,99.800528,99.8,99.8,25.501514,25.6,25.4,0,12.22252
2026/09/21 10:50:00.427,n,330.15866,13.392842,16.41,330,988.23584,988.6,988,99.800528,99.8,99.8,25.393492,25.5,25.2,0,12.36978
2026/09/21 11:00:00.427,n,328.4264,14.195194,17.98,330,988.04448,988.3,987.7,99.800528,99.8,99.8,25.284426,25.4,25.2,0,11.633482
2026/09/21 11:10:00.429,n,327.9249,14.559002,18.18,322,987.89488,988.2,987.5,99.79968,99.8,99.7,25.153574,25.3,25,0,11.633482
2026/09/21 11:20:00.428,n,327.73578,15.24311,18.98,328,987.82736,988.2,987.5,99.798176,99.8,99.7,25.03969,25.2,24.9,0,11.633482
2026/09/21 11:30:00.443,n,330.04694,15.538276,19.23,330,987.6984,988.1,987.3,99.794432,99.8,99.7,24.990512,25.1,24.9,0,11.633482
2026/09/21 11:40:00.435,n,329.35198,15.219488,18.68,325,987.64768,988.1,987.3,99.77652,99.8,99.7,24.86028,25,24.7,0,11.486222
2026/09/21 11:50:00.436,n,330.9349,15.303784,19.2,319,987.54,987.9,987.2,99.784336,99.8,99.7,24.887736,25,24.8,0,11.633482
2026/09/21 12:00:00.442,n,330.34864,15.80455,19.73,326,987.33184,987.8,987,99.787832,99.8,99.7,24.869858,25,24.8,0,11.633482
2026/09/21 12:10:00.423,n,330.07666,16.181746,19.49,331,987.1528,987.5,986.7,99.775496,99.8,99.7,24.77648,24.9,24.7,0,11.486222
2026/09/21 12:20:00.426,n,332.68182,16.229254,19.67,330,987.00336,987.4,986.6,99.774064,99.8,99.7,24.745636,24.8,24.6,0,11.633482
2026/09/21 12:30:00.425,n,332.68972,15.352548,18.37,330,987.02064,987.4,986.7,99.751256,99.8,99.7,24.702238,24.8,24.6,0,11.633482
2026/09/21 12:40:00.426,n,332.57214,15.65612,19.54,327,986.94656,987.3,986.6,99.775344,99.8,99.7,24.762972,24.9,24.7,0,11.486222
2026/09/21 12:50:00.428,n,331.5556,16.746112,20.28,332,986.66728,987.2,986.2,99.777544,99.8,99.7,24.704218,24.8,24.6,0,11.928
2026/09/21 13:00:00.429,n,332.27346,16.734248,20.85,333,986.58224,987,986.2,99.796632,99.8,99.7,24.788778,24.9,24.7,0,11.633482
2026/09/21 13:10:00.436,n,333.03516,15.868802,19.93,332,986.57784,987,986.1,99.7948,99.8,99.7,24.821438,24.9,24.7,0,11.633482
2026/09/21 13:20:00.436,n,333.00866,15.816138,19.84,319,986.5004,986.9,986.1,99.796304,99.8,99.7,24.89283,25,24.8,0,11.633482
2026/09/21 13:30:00.440,n,332.18354,15.538654,19.6,328,986.47312,986.8,986.1,99.794632,99.8,99.7,24.974826,25.1,24.9,0,11.633482
2026/09/21 13:40:00.427,n,330.33312,15.493226,19.96,325,986.38248,986.8,986,99.786928,99.8,99.7,24.874972,25,24.8,0,12.811556
2026/09/21 13:50:00.427,n,331.28384,15.780546,19.31,327,986.20584,986.6,985.9,99.772256,99.8,99.7,24.821036,25,24.6,0,11.633482
2026/09/21 14:00:00.426,n,334.02886,15.472228,18.98,328,986.20048,986.6,985.9,99.742928,99.8,99.7,24.750278,24.9,24.6,0,11.633482
2026/09/21 14:10:00.427,n,332.70298,16.015994,20.53,326,986.18648,986.6,985.7,99.763336,99.8,99.7,24.763418,24.9,24.6,0,12.22252
2026/09/21 14:20:00.428,n,333.61704,16.25139,22.03,326,986.21416,986.6,985.7,99.791056,99.8,99.7,24.76169,24.9,24.6,0,11.633482
2026/09/21 14:30:00.424,n,332.97192,14.824478,18.19,331,986.53896,986.9,986.2,99.749176,99.8,99.7,24.59621,24.7,24.5,0,11.633482
2026/09/21 14:40:00.442,n,330.89982,13.327552,18.25,328,986.92176,987.3,986.5,99.711512,99.8,99.7,24.524702,24.6,24.4,0,11.633482
2026/09/21 14:50:00.432,n,328.4809,12.867082,15.42,328,987.21696,987.5,986.9,99.70608,99.8,99.7,24.414122,24.5,24.3,0,11.633482
2026/09/21 15:00:00.439,n,329.94318,11.847152,14.5,326,987.35984,987.6,987.1,99.70688,99.8,99.7,24.48075,24.7,24.3,0,11.486222
2026/09/21 15:10:00.427,n,325.07874,11.892702,14.75,322,987.44872,987.6,987.2,99.717744,99.8,99.7,24.595008,24.8,24.4,0,11.486222
2026/09/21 15:20:00.427,n,334.21322,11.947616,14.8,341,987.39144,987.6,987.1,99.769616,99.8,99.7,24.810158,25.2,24.5,0,12.07526
2026/09/21 15:30:00.431,n,334.4049,11.933462,15.73,343,987.36424,987.7,987,99.792552,99.8,99.7,25.145162,25.3,24.9,0,12.22252
2026/09/21 15:40:00.425,n,330.89786,11.580108,13.79,326,987.57968,987.8,987.3,99.798832,99.8,99.7,24.91777,25.1,24.8,0,11.191704
2026/09/21 15:50:00.428,n,339.41216,12.583736,16.74,349,987.63608,987.9,987.2,99.800184,99.8,99.7,24.988366,25.1,24.8,0,11.486222
2026/09/21 16:00:00.425,n,337.64096,13.720612,18.46,343,987.61656,987.9,987,99.800528,99.8,99.8,25.007812,25.1,24.9,0,11.338964
2026/09/21 16:10:00.429,n,328.58352,13.898734,17.95,326,987.80232,988.1,987.5,99.800528,99.8,99.8,24.82216,25,24.6,0,11.486222
2026/09/21 16:20:00.430,n,328.17682,12.704432,15.36,326,988.07272,988.4,987.7,99.779896,99.8,99.7,24.513404,24.7,24.3,0,11.928
2026/09/21 16:30:00.436,n,326.58996,11.546916,17.35,330,988.37984,988.7,988.1,99.699808,99.8,99.7,24.276608,24.3,24.2,0,12.07526
2026/09/21 16:40:00.425,n,328.85752,10.857404,13.97,335,988.50112,988.7,988.3,99.700832,99.8,99.7,24.317966,24.5,24.2,0,12.07526
2026/09/21 16:50:00.428,n,330.57684,11.48529,15.06,334,988.5684,988.8,988.3,99.731576,99.8,99.7,24.405394,24.5,24.3,0,11.338964
2026/09/21 17:00:00.427,n,329.27884,12.00307,15.91,332,988.71448,989,988.3,99.735352,99.8,99.7,24.451966,24.6,24.3,0,11.338964
2026/09/21 17:10:00.429,n,325.90552,12.20188,15.82,326,988.8896,989.2,988.5,99.703528,99.8,99.7,24.275616,24.4,24.1,0,11.338964
2026/09/21 17:20:00.425,n,328.71682,12.346188,15.42,323,988.9496,989.2,988.7,99.705904,99.8,99.7,24.252366,24.5,24.1,0,11.191704
2026/09/21 17:30:00.426,n,327.80784,11.963028,14.47,323,989.074,989.3,988.8,99.708848,99.8,99.7,24.189098,24.5,24,0,10.897186
2026/09/21 17:40:00.428,n,330.46406,12.923398,15.65,327,989.07904,989.4,988.7,99.699472,99.7,99.7,24.084062,24.2,24,0,11.191704
2026/09/21 17:50:00.429,n,330.34144,12.457268,14.71,331,989.24632,989.5,989,99.727544,99.8,99.7,24.169276,24.3,24.1,0,11.191704
2026/09/21 18:00:00.430,n,329.81436,11.383768,14.07,327,989.4636,989.8,989.2,99.746744,99.8,99.7,24.25003,24.4,24.2,0,11.191704
2026/09/21 18:10:00.425,n,331.90146,11.475072,15.13,332,989.6284,989.9,989.3,99.751152,99.8,99.7,24.222744,24.4,24.1,0,11.191704
2026/09/21 18:20:00.426,n,331.88986,11.86067,14.35,328,989.7544,990,989.6,99.711624,99.8,99.7,24.068686,24.3,23.9,0,11.191704
2026/09/21 18:30:00.429,n,331.14536,10.80355,14.16,341,989.95888,990.2,989.8,99.699472,99.7,99.7,24.021102,24.1,23.9,0,11.044446
2026/09/21 18:40:00.427,n,328.50958,10.352968,12.91,326,990.01328,990.2,989.8,99.70608,99.8,99.7,24.088932,24.2,24,0,10.749928
2026/09/21 18:50:00.432,n,326.17352,11.20275,15.3,325,990.11456,990.3,990,99.699472,99.7,99.7,24.027696,24.2,23.9,0,11.191704
2026/09/21 19:00:00.436,n,326.95166,11.993318,14.88,325,990.32768,990.7,989.9,99.699472,99.7,99.7,23.90671,24,23.8,0,10.749928
2026/09/21 19:10:00.426,n,331.19424,11.590532,13.99,331,990.58896,990.8,990.3,99.699472,99.7,99.7,23.90011,24,23.8,0,11.191704
2026/09/21 19:20:00.428,n,331.72498,11.895916,15.14,328,990.79248,991.1,990.5,99.716176,99.8,99.7,23.905268,24,23.8,0,11.044446
2026/09/21 19:30:00.445,n,331.03936,12.084764,14.34,332,990.9152,991.1,990.7,99.76808,99.8,99.7,23.994202,24.1,23.9,0,11.044446
2026/09/21 19:40:00.428,n,335.83504,12.635034,15.79,331,991.04248,991.2,990.8,99.78968,99.8,99.7,23.978798,24.1,23.9,0,10.897186
2026/09/21 19:50:00.425,n,333.26008,13.725498,16.82,329,991.13064,991.4,990.9,99.773632,99.8,99.7,23.91875,24.1,23.8,0,11.191704
2026/09/21 20:00:00.426,n,334.30802,12.5835,15.11,332,991.31072,991.6,991.1,99.738984,99.8,99.7,23.86707,24,23.8,0,11.044446
2026/09/21 20:10:00.427,n,335.34638,11.999834,14.52,333,991.5084,991.7,991.3,99.725296,99.8,99.7,23.79392,23.9,23.7,0,11.044446
2026/09/21 20:20:00.431,n,333.35958,12.265816,15.18,338,991.67728,992,991.3,99.722328,99.8,99.7,23.658746,23.8,23.6,0,10.749928
2026/09/21 20:30:00.435,n,334.10348,12.089684,14.44,328,991.9056,992.2,991.6,99.734384,99.8,99.7,23.631536,23.8,23.5,0,11.044446
2026/09/21 20:40:00.423,n,332.43592,11.561772,14.63,331,992.17208,992.4,991.9,99.741352,99.8,99.7,23.57934,23.8,23.5,0,10.749928
2026/09/21 20:50:00.427,n,329.02222,11.126032,14.49,327,992.39968,992.7,992.2,99.703024,99.8,99.7,23.605384,23.7,23.5,0,10.749928
2026/09/21 21:00:00.428,n,326.66398,11.932038,15.49,333,992.45296,992.7,992.2,99.714624,99.8,99.7,23.53483,23.6,23.4,0,11.044446
2026/09/21 21:10:00.426,n,328.76816,11.95321,14.57,330,992.49056,992.7,992.2,99.719088,99.8,99.7,23.513322,23.6,23.4,0,11.044446
2026/09/21 21:20:00.425,n,325.98044,11.825684,14.67,329,992.70048,993,992.4,99.734488,99.8,99.7,23.459036,23.7,23.3,0,10.749928
2026/09/21 21:30:00.424,n,325.64194,11.907802,15.01,318,992.88352,993.1,992.6,99.709456,99.8,99.7,23.322086,23.4,23.2,0,10.897186
2026/09/21 21:40:00.426,n,325.08692,11.625814,14.7,322,993.11808,993.3,992.8,99.699984,99.8,99.7,23.305348,23.4,23.2,0,10.749928
2026/09/21 21:50:00.429,n,324.48298,11.734934,14.81,321,993.25944,993.6,992.9,99.701336,99.8,99.7,23.21188,23.3,23.1,0,10.749928
2026/09/21 22:00:00.435,n,324.88788,10.727534,13.3,322,993.552,993.8,993.2,99.699472,99.7,99.7,23.170326,23.3,23.1,0,11.044446
2026/09/21 22:10:00.427,n,323.58764,10.537004,13.43,326,993.79592,994,993.5,99.699472,99.7,99.7,23.069118,23.2,22.9,0,11.044446
2026/09/21 22:20:00.425,n,321.48646,10.871594,13.07,315,993.92416,994.1,993.6,99.699472,99.7,99.7,22.974844,23.1,22.9,0,11.044446
2026/09/21 22:30:00.427,n,324.49084,11.72592,14.29,327,993.98472,994.2,993.8,99.704384,99.8,99.7,23.025306,23.2,23,0,11.044446
2026/09/21 22:40:00.426,n,325.94562,12.393894,15.14,324,994.02896,994.2,993.7,99.708416,99.8,99.7,22.98451,23.2,22.8,0,11.044446
2026/09/21 22:50:00.426,n,327.08648,12.042768,16.030002,315,994.13248,994.4,993.9,99.699472,99.7,99.7,22.896328,23.1,22.7,0,10.897186
2026/09/21 23:00:00.426,n,326.45956,11.87731,14.41,325,994.2252,994.5,993.9,99.711144,99.8,99.7,22.925168,23.1,22.8,0,10.897186
2026/09/21 23:10:00.426,n,324.98532,12.70588,15.91,325,994.34312,994.6,994,99.786016,99.8,99.7,23.072562,23.2,22.9,0,11.044446
2026/09/21 23:20:00.427,n,325.31308,13.553286,16.700002,320,994.41496,994.7,994.2,99.7848,99.8,99.7,22.937494,23.1,22.8,0,10.897186
2026/09/21 23:30:00.433,n,325.27158,13.248432,15.68,322,994.40448,994.6,994.1,99.757032,99.8,99.7,22.829714,23,22.7,0,10.602668
2026/09/21 23:40:00.437,n,325.2685,13.442614,16.700002,333,994.42216,994.7,994.1,99.797336,99.8,99.7,23.057232,23.2,22.9,0,11.044446
2026/09/21 23:50:00.439,n,326.52926,12.274384,14.77,320,994.55216,994.8,994.3,99.799336,99.8,99.7,23.093744,23.2,23,0,11.044446
2026/09/22 00:00:00.426,n,325.74692,12.245104,15.02,327,994.72008,995,994.4,99.800528,99.8,99.8,23.083892,23.2,23,0,10.897186
2026/09/22 00:10:00.429,n,328.60946,11.37901,14.23,325,994.91832,995.2,994.7,99.800528,99.8,99.8,23.15787,23.3,23.1,0,10.897186
2026/09/22 00:20:00.427,n,330.88334,10.5993,12.78,327,995.0572,995.3,994.9,99.800528,99.8,99.8,23.131966,23.2,23,0,10.749928
2026/09/22 00:30:00.426,n,329.86032,11.241532,13.98,333,995.09152,995.3,994.9,99.800528,99.8,99.8,23.060132,23.2,23,0,10.897186
2026/09/22 00:40:00.428,n,330.80682,11.68889,13.73,329,995.05496,995.3,994.9,99.800528,99.8,99.8,23.041542,23.2,22.9,0,10.897186
2026/09/22 00:50:00.428,n,328.15516,12.065242,17.73,340,995.03384,995.3,994.8,99.800528,99.8,99.8,23.135026,23.2,23,0,10.897186
2026/09/22 01:00:00.432,n,328.53782,11.444262,14.14,329,995.16008,995.4,994.9,99.800528,99.8,99.8,23.005948,23.1,22.9,0,10.897186
2026/09/22 01:10:00.432,n,328.98736,11.010236,13.37,326,995.2988,995.5,995.1,99.80232,99.9,99.8,23.010084,23.1,22.9,0,11.044446
2026/09/22 01:20:00.435,n,331.64588,11.40211,13.89,327,995.26944,995.5,995,99.806032,99.9,99.8,22.952484,23.1,22.9,0,10.897186
2026/09/22 01:30:00.438,n,332.3888,11.412942,13.7,329,995.31856,995.5,995.2,99.804928,99.9,99.8,22.88901,23.1,22.8,0,10.897186
2026/09/22 01:40:00.426,n,328.45858,11.77925,14.36,326,995.3956,995.6,995.1,99.809704,99.9,99.8,22.800276,22.9,22.7,0,10.897186
2026/09/22 01:50:00.424,n,327.76388,11.676732,13.91,321,995.46064,995.7,995.3,99.804848,99.9,99.8,22.75255,23,22.6,0,10.897186
